0.0948092,0.0763742,0.0577412,0.14326,0.082613,0.0606482,0.155652,0.0927661,0.125158,0.180029,0.0701651,0.14865,0.144033,0.0626988,0.142463,0.145893,0.0739097,0.0870073,0.0974462,0.0612909,0.121126,0.0498482,0.124691,0.128669,0.125188,0.153152,0.109574,0.137481,0.147007,0.123835,0.117083,0.119082,0.128451,0.124074,0.156315,0.154163,0.146108,0.185641,0.15553,0.113745,0.116158,0.152932,0.0955268,0.154028,0.146057,0.171379,0.17628,0.175753,0.154752,0.14601,0.140643,0.141629,0.146619,0.164562,0.185567,0.149587,0.173228,0.136866,0.163903,0.187918,0.193476,0.203287,0.133877,0.186996,0.171309,0.202605,0.150289,0.198893,0.183046,0.19258,0.200319,0.187268,0.197981,0.174472,0.205432,0.217177,0.170223,0.195492,0.217535,0.190294,0.209492,0.1976,0.210445,0.219207,0.208617,0.219701,0.206714,0.214097,0.197098,0.235055,0.221494,0.221544,0.246943,0.229863,0.196208,0.220889,0.231249,0.230695,0.223267,0.233557,0.244261,0.227715,0.232627,0.224412,0.248368,0.257516,0.238943,0.241805,0.25622,0.224557,0.248324,0.256058,0.218419,0.263394,0.259699,0.234553,0.254421,0.258796,0.222811,0.25274,0.258467,0.235565,0.233989,0.243245,0.239033,0.239527,0.237385,0.266637,0.213823,0.26887,0.235765,0.242653,0.236253,0.249192,0.232616,0.236538,0.258677,0.258246,0.225963,0.259983,0.258654,0.235934,0.262549,0.26223,0.222175,0.258025,0.252424,0.226545,0.254105,0.245843,0.233903,0.261118,0.242857,0.235325,0.233025,0.222291,0.252179,0.225692,0.237061,0.22989,0.229063,0.221407,0.191902,0.235789,0.248724,0.219098,0.234618,0.228776,0.205956,0.210005,0.209848,0.226836,0.208937,0.213701,0.217542,0.197563,0.207475,0.196025,0.220031,0.19437,0.181765,0.211385,0.207247,0.185156,0.191706,0.197776,0.204265,0.187024,0.187987,0.205134,0.149587,0.207291,0.180311,0.186394,0.134025,0.21311,0.203559,0.171521,0.169709,0.148159,0.164032,0.158594,0.18886,0.162908,0.147058,0.143136,0.150416,0.143724,0.151652,0.179953,0.174249,0.17322,0.154648,0.153471,0.0905061,0.157863,0.115027,0.119087,0.150168,0.187788,0.150486,0.160016,0.15038,0.134995,0.136122,0.11929,0.108876,0.135141,0.148325,0.140214,0.102568,0.156877,0.129984,0.132292,0.123063,0.0577024,0.123718,0.0637922,0.0992439,0.0879287,0.0759037,0.149017,0.144466,0.0530506,0.161923,0.150328,0.0735116,0.17567,0.1268,0.0997225,0.155107,0.065974,0.0820042,0.139722,0.0646738,0.0780571
0.11527,0.113746,0.0675099,0.0999143,0.115899,0.0221084,0.109876,0.0903999,0.0464388,0.0880936,0.0473295,0.0729762,0.130641,0.067158,0.146109,0.159379,0.0723528,0.159202,0.155382,0.139042,0.154733,0.0851155,0.123972,0.136968,0.0825143,0.129662,0.0799368,0.139163,0.114391,0.114626,0.117839,0.111604,0.100411,0.127798,0.16256,0.141362,0.159206,0.140219,0.137755,0.160141,0.158217,0.106723,0.122079,0.148641,0.119674,0.159885,0.167529,0.160299,0.135663,0.172531,0.121842,0.139181,0.160822,0.181086,0.191875,0.153017,0.165388,0.157655,0.168685,0.1891,0.161272,0.166333,0.124291,0.204112,0.153293,0.234499,0.144997,0.189666,0.152662,0.192634,0.212038,0.195567,0.186814,0.16662,0.188216,0.245763,0.203022,0.172443,0.20089,0.208666,0.206507,0.223491,0.213572,0.197395,0.234164,0.187496,0.224233,0.230271,0.217454,0.24678,0.213013,0.223138,0.224057,0.214716,0.252192,0.219313,0.220734,0.255249,0.214529,0.236892,0.235098,0.236884,0.229709,0.235626,0.234724,0.231249,0.23635,0.237338,0.24738,0.229588,0.24655,0.240742,0.217646,0.246025,0.241713,0.209246,0.237001,0.242442,0.238936,0.216759,0.250011,0.247089,0.222569,0.245247,0.262437,0.227945,0.261302,0.261718,0.230037,0.263044,0.261033,0.231975,0.260602,0.247799,0.221784,0.250046,0.250811,0.220779,0.237028,0.246162,0.240075,0.209695,0.245816,0.241494,0.224384,0.237271,0.250073,0.232553,0.246293,0.242891,0.22555,0.237841,0.223552,0.248934,0.227839,0.235889,0.237979,0.230837,0.226981,0.253524,0.231015,0.219449,0.238048,0.227065,0.220358,0.229483,0.219291,0.235486,0.229707,0.224562,0.226159,0.197896,0.225135,0.206039,0.214113,0.222861,0.214529,0.211201,0.194055,0.1794,0.211459,0.240713,0.198761,0.164354,0.183324,0.204813,0.212596,0.18384,0.162839,0.191703,0.143475,0.248287,0.154575,0.197729,0.133902,0.174811,0.158701,0.189333,0.178553,0.14754,0.164798,0.16459,0.193214,0.173982,0.170076,0.140318,0.122809,0.172622,0.142232,0.165362,0.160191,0.170225,0.123897,0.146161,0.128613,0.112825,0.151262,0.16361,0.140951,0.136673,0.164645,0.135449,0.167169,0.13533,0.10232,0.103566,0.125973,0.118773,0.120033,0.134512,0.0893768,0.133299,0.0880305,0.137616,0.126509,0.0890556,0.158439,0.138453,0.153888,0.165772,0.0711578,0.160789,0.145548,0.0702402,0.136316,0.07407,0.0420862,0.0938788,0.0571303,0.0863998,0.115056,0.0223757,0.122069,0.103212,0.0732632,0.118333
0.118862,0.115784,0.0648336,0.0931802,0.141191,0.0693185,0.149018,0.181592,0.0740516,0.174829,0.14325,0.116045,0.137462,0.0916477,0.0821755,0.115207,0.0355701,0.0918636,0.141574,0.021478,0.10851,0.105497,0.121733,0.168913,0.0684862,0.143574,0.105496,0.129875,0.132833,0.12755,0.139394,0.137275,0.176713,0.142873,0.151798,0.158127,0.142197,0.11745,0.165334,0.159556,0.0952387,0.137207,0.0971773,0.154899,0.142661,0.176534,0.120886,0.190114,0.167651,0.168005,0.142403,0.176756,0.142935,0.201678,0.177708,0.149109,0.15809,0.191615,0.138314,0.185884,0.159855,0.218201,0.165276,0.200232,0.169813,0.20328,0.153751,0.213636,0.191549,0.175805,0.204353,0.193141,0.216794,0.190681,0.187926,0.192672,0.224115,0.178674,0.174295,0.24239,0.191102,0.221006,0.226197,0.188089,0.23245,0.21211,0.220731,0.244379,0.200837,0.24793,0.219982,0.220747,0.232798,0.245401,0.237518,0.22242,0.241622,0.237111,0.239331,0.21381,0.22428,0.235398,0.229633,0.225217,0.245065,0.250861,0.212549,0.235229,0.251618,0.210895,0.243955,0.238877,0.233822,0.234627,0.270957,0.2491,0.250869,0.260425,0.240507,0.248944,0.240853,0.246406,0.22219,0.250401,0.244091,0.215295,0.254465,0.241284,0.236389,0.24003,0.256859,0.218608,0.243273,0.246517,0.22392,0.246344,0.242491,0.248808,0.236929,0.264876,0.247103,0.250146,0.270645,0.235893,0.239203,0.238032,0.244917,0.212521,0.249565,0.238699,0.211405,0.252865,0.241966,0.232877,0.220529,0.240662,0.21949,0.214675,0.244591,0.235634,0.250898,0.219434,0.236479,0.245584,0.223316,0.238767,0.216478,0.245624,0.206804,0.238752,0.234524,0.211356,0.22371,0.205387,0.21074,0.227716,0.200471,0.234522,0.178009,0.188761,0.214073,0.202647,0.191928,0.178297,0.221341,0.198682,0.20393,0.186716,0.194153,0.198092,0.164967,0.210166,0.1557,0.200134,0.172449,0.215856,0.162314,0.19615,0.147009,0.182474,0.171821,0.15902,0.162119,0.206505,0.150637,0.178604,0.135457,0.182724,0.177777,0.181436,0.126423,0.186166,0.145471,0.14671,0.106535,0.140935,0.1045,0.15675,0.168515,0.128585,0.145376,0.158401,0.161944,0.145999,0.170856,0.141309,0.147263,0.125332,0.129754,0.13655,0.10491,0.150309,0.0683863,0.165529,0.128748,0.107482,0.110392,0.0183059,0.147178,0.0944488,0.0385705,0.119645,0.0854843,0.101792,0.13382,0.120171,0.14249,0.180927,0.074078,0.180358,0.152903,0.0743788,0.146196,0.092816,0.0735909,0.111954
0.0714666,0.116424,0.0599476,0.0824245,0.108715,0.037428,0.0846491,0.129659,0,0.109322,0.131051,0.0453349,0.109728,0.105193,0.141449,0.146444,0.124824,0.142657,0.175523,0.0690268,0.149401,0.129836,0.121047,0.143282,0.0869049,0.129419,0.109172,0.116885,0.136855,0.117469,0.123656,0.127887,0.101561,0.121292,0.125314,0.134893,0.152438,0.153762,0.137386,0.109854,0.104082,0.141936,0.13721,0.177596,0.151691,0.168354,0.131262,0.157813,0.138815,0.186457,0.113474,0.218646,0.135508,0.187921,0.157646,0.179837,0.130626,0.181914,0.173798,0.201052,0.163382,0.20606,0.175938,0.159368,0.182035,0.200644,0.201482,0.198325,0.202839,0.174656,0.193765,0.192691,0.243348,0.179744,0.202433,0.154502,0.226194,0.238635,0.179501,0.235649,0.210472,0.200859,0.226582,0.212506,0.2286,0.21406,0.238968,0.220057,0.228436,0.219689,0.251236,0.245154,0.202575,0.246755,0.240734,0.233022,0.224579,0.211369,0.246294,0.225278,0.21994,0.256213,0.245896,0.238054,0.22717,0.243021,0.230246,0.247295,0.245805,0.250777,0.247687,0.23733,0.284086,0.236644,0.249713,0.254799,0.234546,0.254596,0.236492,0.250553,0.246383,0.251329,0.239216,0.269302,0.23898,0.265754,0.258558,0.252905,0.273131,0.251485,0.262251,0.269447,0.240106,0.26191,0.242829,0.246333,0.249078,0.243872,0.237959,0.258679,0.230776,0.260707,0.246308,0.242988,0.280395,0.241253,0.241722,0.260373,0.241623,0.247285,0.239829,0.236151,0.236379,0.230243,0.246754,0.252395,0.218197,0.234073,0.239416,0.220472,0.224119,0.232885,0.248738,0.242342,0.207359,0.247305,0.248242,0.22554,0.222919,0.224029,0.248618,0.205278,0.234979,0.212391,0.219902,0.217795,0.205736,0.233006,0.195526,0.233036,0.222353,0.170262,0.192921,0.184747,0.246697,0.187988,0.199628,0.181734,0.198496,0.192038,0.211082,0.204289,0.178441,0.172374,0.163739,0.203993,0.173877,0.198265,0.167124,0.190672,0.139995,0.178461,0.158006,0.197089,0.137733,0.206556,0.124233,0.192853,0.132921,0.159633,0.133906,0.173683,0.146489,0.180027,0.140783,0.146886,0.0972239,0.112958,0.14181,0.157582,0.142449,0.13675,0.134228,0.120181,0.0935013,0.143145,0.12528,0.117292,0.14158,0.122327,0.112824,0.12971,0.0867671,0.144928,0.120662,0.138222,0.141048,0.0752985,0.180441,0.142267,0.127682,0.147758,0.144887,0.105096,0.118113,0.0376107,0.139043,0.110927,0.00123134,0.130654,0.0878441,0.0410326,0.107182,0.088226,0.0609673,0.121722
0.051031,0.147752,0.136428,0.0941934,0.127841,0.113486,0.110957,0.184668,0.0946717,0.117208,0.150721,0.0339235,0.104893,0.112418,0.0620133,0.114818,0.0723091,0.0790306,0.118056,0.0514014,0.12168,0.124277,0.0783624,0.13335,0.0707565,0.13559,0.115986,0.141339,0.12443,0.143037,0.153948,0.114082,0.167285,0.130646,0.156363,0.158103,0.184964,0.169708,0.173238,0.10683,0.141381,0.144844,0.0868909,0.104289,0.115238,0.161297,0.141069,0.201742,0.176254,0.225107,0.107956,0.166302,0.121972,0.181378,0.153692,0.195571,0.149509,0.203542,0.154132,0.196296,0.152764,0.191682,0.195189,0.175315,0.181365,0.195538,0.20321,0.197073,0.175422,0.216347,0.187306,0.194317,0.210566,0.217088,0.205478,0.191228,0.207915,0.245941,0.192435,0.215365,0.211081,0.218112,0.194509,0.246192,0.216816,0.229301,0.237995,0.226544,0.237313,0.222341,0.218196,0.253842,0.241037,0.209314,0.232267,0.226534,0.250703,0.214014,0.251488,0.243968,0.233281,0.264769,0.217706,0.249392,0.253311,0.237486,0.240335,0.241105,0.250947,0.233544,0.260574,0.24305,0.239826,0.242858,0.259405,0.241676,0.245676,0.255225,0.230601,0.261819,0.252795,0.228306,0.259883,0.253586,0.232219,0.255664,0.242329,0.235649,0.25068,0.237634,0.241515,0.257706,0.230623,0.252194,0.264357,0.223916,0.254938,0.255763,0.235128,0.250386,0.243612,0.242678,0.259122,0.245423,0.236791,0.249245,0.249868,0.243799,0.246958,0.243276,0.246593,0.233568,0.269876,0.235708,0.228461,0.255481,0.237245,0.245985,0.246885,0.227066,0.236629,0.241963,0.228029,0.209971,0.255893,0.245779,0.221701,0.223025,0.239727,0.235451,0.234635,0.231037,0.22193,0.237212,0.202103,0.224629,0.20514,0.218673,0.199741,0.236516,0.2173,0.192957,0.200486,0.229603,0.210562,0.196739,0.193459,0.221774,0.177636,0.202826,0.204789,0.197512,0.195444,0.182881,0.186172,0.198283,0.154831,0.190723,0.154786,0.204812,0.151529,0.193969,0.162976,0.18825,0.120971,0.167163,0.117899,0.217692,0.174363,0.216217,0.142979,0.159262,0.115677,0.111517,0.0944028,0.139092,0.147807,0.114078,0.175362,0.164185,0.195562,0.164029,0.157088,0.124714,0.177746,0.115552,0.155458,0.139741,0.133109,0.141966,0.119503,0.140023,0.0743647,0.135552,0.085876,0.122303,0.128273,0.0519137,0.122459,0.0808281,0.0718276,0.118967,0.06233,0.120755,0.0980668,0.0402518,0.155029,0.122601,0.0951315,0.188617,0.114935,0.119234,0.126251,0.0955665,0.141634,0.147936
0.0238205,0.124012,0.0961103,0.0634725,0.0754912,0.121569,0.0406428,0.137994,0.109595,0.0504489,0.14282,0.0643819,0.140827,0.149705,0.0760978,0.139869,0.16483,0.123718,0.139663,0.103431,0.129987,0.190084,0.0788439,0.144812,0.0925178,0.13979,0.161705,0.113528,0.150353,0.126502,0.1281,0.141644,0.127857,0.118976,0.168687,0.0982964,0.114255,0.114416,0.135642,0.116347,0.0924566,0.150818,0.116987,0.136195,0.143045,0.185637,0.160962,0.224506,0.168555,0.184378,0.108702,0.204152,0.108948,0.198848,0.153695,0.189996,0.182988,0.201952,0.149671,0.175169,0.152068,0.18,0.238236,0.169896,0.200083,0.160914,0.193069,0.208878,0.214158,0.224963,0.203145,0.170558,0.19247,0.231336,0.223461,0.206345,0.213493,0.184019,0.228091,0.211081,0.221338,0.235564,0.210193,0.225571,0.233783,0.218161,0.242866,0.218459,0.225878,0.251032,0.226549,0.227374,0.237284,0.241231,0.212822,0.232353,0.253281,0.244362,0.254428,0.226486,0.258599,0.241508,0.240027,0.24611,0.23984,0.226767,0.231966,0.259416,0.227272,0.246475,0.255353,0.247652,0.243222,0.264529,0.2464,0.250044,0.253993,0.248746,0.251141,0.242916,0.261474,0.244108,0.25125,0.257084,0.254629,0.258216,0.246559,0.246899,0.265322,0.252117,0.242522,0.263621,0.250548,0.260991,0.247419,0.243239,0.256959,0.244508,0.251998,0.244996,0.253845,0.251797,0.250256,0.260228,0.244963,0.247345,0.258739,0.246954,0.228004,0.263929,0.234596,0.226542,0.245669,0.245637,0.24635,0.239686,0.264574,0.223055,0.25237,0.250802,0.247079,0.24438,0.205007,0.249004,0.245095,0.226356,0.228936,0.24542,0.232379,0.2253,0.237725,0.221324,0.230383,0.229689,0.214839,0.237159,0.219396,0.213424,0.230985,0.179479,0.225461,0.206207,0.217553,0.236315,0.190063,0.170764,0.208674,0.227,0.211539,0.212286,0.19358,0.1604,0.205153,0.175914,0.239426,0.195145,0.155552,0.180849,0.157087,0.200976,0.177897,0.191397,0.153996,0.20346,0.105252,0.217528,0.11091,0.178075,0.176347,0.227537,0.158753,0.180185,0.152456,0.143762,0.113862,0.144382,0.101114,0.122898,0.125298,0.118895,0.119971,0.103515,0.161185,0.124538,0.136203,0.147557,0.123055,0.136976,0.14983,0.118139,0.161987,0.138336,0.094606,0.149124,0.080179,0.189796,0.135289,0.108139,0.141754,0.123314,0.167467,0.146255,0.0820522,0.142317,0.149388,0.0663312,0.147991,0.0547329,0.101431,0.140975,0.0467643,0.114854,0.0823149,0.0700404,0.0974436,0.126106
0.0844821,0.159882,0.179482,0.0575634,0.15484,0.134875,0.079937,0.116958,0.16808,0.0608984,0.139467,0.0807376,0.0747403,0.106753,0.0321161,0.101615,0.102691,0.071269,0.107367,0.0963743,0.0933209,0.14071,0.0558743,0.136611,0.106239,0.14993,0.137489,0.132571,0.121467,0.0990657,0.131311,0.10735,0.115648,0.169543,0.144036,0.140241,0.169834,0.160238,0.162623,0.147381,0.137006,0.167496,0.113533,0.151358,0.130423,0.171992,0.154484,0.173233,0.133033,0.207325,0.0920018,0.177631,0.116937,0.190108,0.152279,0.210155,0.191092,0.174341,0.167151,0.172858,0.186998,0.170658,0.225898,0.175476,0.20775,0.161379,0.192287,0.218673,0.190393,0.22544,0.194335,0.200601,0.163303,0.241448,0.189739,0.214101,0.226662,0.189061,0.229099,0.235891,0.213528,0.235686,0.20627,0.22245,0.231387,0.237617,0.24021,0.226333,0.227824,0.220964,0.245244,0.224264,0.232488,0.239638,0.238091,0.255512,0.224536,0.258197,0.254657,0.222993,0.228666,0.242134,0.243633,0.208055,0.260735,0.256983,0.228887,0.258293,0.254534,0.265511,0.234865,0.255359,0.254106,0.235898,0.240198,0.266855,0.24371,0.253561,0.268586,0.265264,0.250436,0.271764,0.260652,0.255396,0.251349,0.272732,0.241696,0.2502,0.277931,0.253543,0.237945,0.278515,0.250734,0.257643,0.253642,0.274702,0.244903,0.274454,0.260493,0.259043,0.239923,0.27413,0.240958,0.234901,0.257982,0.249548,0.243504,0.256012,0.26104,0.250026,0.235974,0.256607,0.262172,0.213033,0.247877,0.246802,0.231267,0.22841,0.253097,0.256925,0.224658,0.25833,0.24332,0.241939,0.237545,0.221833,0.250319,0.225379,0.226931,0.230674,0.240552,0.240474,0.22857,0.226732,0.212198,0.24101,0.212023,0.238692,0.226898,0.187051,0.235131,0.212494,0.193625,0.247221,0.157253,0.20298,0.204975,0.222915,0.191309,0.222876,0.183402,0.166653,0.209079,0.174434,0.224109,0.180533,0.183697,0.17762,0.175069,0.177134,0.192089,0.212698,0.158981,0.18821,0.118453,0.18207,0.0932443,0.204074,0.140104,0.176998,0.154033,0.182017,0.12945,0.155059,0.112023,0.177225,0.141748,0.143306,0.167144,0.173704,0.173481,0.132568,0.149239,0.177026,0.120689,0.0981321,0.132944,0.102945,0.127263,0.126255,0.140409,0.152255,0.112538,0.143269,0.0496017,0.146968,0.0902905,0.102233,0.101019,0.0743403,0.11344,0.101527,0.026008,0.117372,0.0731461,0.088064,0.146065,0.0516849,0.176329,0.122669,0.083559,0.139581,0.153248,0.067096,0.178085,0.165934
0.0596312,0.0702338,0.136554,0.0662773,0.0955581,0.115797,0.0825208,0.13188,0.169215,0.0998559,0.137337,0.151011,0.0696231,0.16202,0.10412,0.167429,0.135565,0.0867383,0.146309,0.145767,0.0898471,0.136577,0.0927473,0.13625,0.174635,0.0994912,0.148644,0.109774,0.14297,0.12384,0.15659,0.14663,0.186078,0.157018,0.123629,0.137042,0.14804,0.0982666,0.112387,0.136335,0.129928,0.148232,0.0806479,0.139013,0.145895,0.156476,0.105845,0.182059,0.141959,0.201416,0.103423,0.203978,0.118873,0.20252,0.144262,0.200154,0.187659,0.20859,0.182736,0.178289,0.207294,0.155189,0.197377,0.199193,0.220804,0.179506,0.187809,0.192507,0.185666,0.208463,0.208666,0.202622,0.188478,0.207315,0.216507,0.212368,0.237641,0.197963,0.215141,0.229076,0.229332,0.218573,0.222417,0.226005,0.234051,0.253189,0.218524,0.239735,0.226352,0.235587,0.226904,0.231971,0.263533,0.234755,0.230898,0.251731,0.235193,0.234512,0.237415,0.237266,0.233325,0.241377,0.260273,0.255981,0.249537,0.227547,0.274376,0.258476,0.213429,0.267172,0.251458,0.228034,0.257969,0.265995,0.238148,0.259094,0.269745,0.241033,0.257877,0.253409,0.255647,0.244295,0.256675,0.254356,0.242032,0.239946,0.253612,0.242332,0.240165,0.239096,0.255527,0.236967,0.246082,0.246583,0.254987,0.24559,0.254823,0.261181,0.251555,0.253131,0.263618,0.269048,0.23133,0.268873,0.258368,0.230732,0.254698,0.261165,0.221792,0.24981,0.279124,0.225189,0.254819,0.254591,0.267759,0.240815,0.23654,0.241661,0.237292,0.238136,0.233123,0.251229,0.232129,0.236599,0.266668,0.225813,0.232856,0.236384,0.229743,0.241165,0.216727,0.262965,0.227942,0.227511,0.228076,0.215233,0.235704,0.224062,0.216942,0.206188,0.238301,0.211807,0.227825,0.208211,0.184454,0.21208,0.206491,0.204953,0.20003,0.186078,0.188259,0.186087,0.21924,0.194742,0.197994,0.15947,0.199801,0.191273,0.187987,0.206038,0.192666,0.209735,0.141124,0.197618,0.127411,0.210767,0.0991196,0.207461,0.147954,0.177687,0.107464,0.162795,0.145881,0.137468,0.0889102,0.151107,0.12953,0.134483,0.126451,0.0961153,0.140592,0.143763,0.133724,0.156134,0.181102,0.146182,0.164532,0.129714,0.139798,0.111942,0.148311,0.113299,0.176373,0.127776,0.105075,0.136153,0.0982478,0.140306,0.154219,0.0927936,0.136571,0.162389,0.109063,0.168451,0.0739261,0.152222,0.130747,0.106976,0.171811,0.139663,0.079501,0.112599,0.102741,0.0692212,0.139339,0.0653427
0.0908664,0.085192,0.145554,0.135115,0.0814472,0.110042,0.105392,0.100761,0.0979926,0.0447669,0.084385,0.136066,0.0197996,0.113449,0.0831418,0.0784532,0.10911,0.0400841,0.0894925,0.142044,0.080374,0.155135,0.0533074,0.155958,0.128602,0.128254,0.139837,0.0847521,0.129679,0.0794579,0.138697,0.118147,0.126458,0.0997049,0.1562,0.129644,0.137686,0.112557,0.148558,0.16484,0.123729,0.103297,0.108612,0.172101,0.134084,0.173833,0.121022,0.192915,0.141692,0.195485,0.155793,0.236544,0.153921,0.217414,0.155182,0.198353,0.211058,0.201012,0.202735,0.146204,0.223677,0.169484,0.197868,0.195443,0.203923,0.192951,0.190119,0.193338,0.180523,0.221426,0.205102,0.222388,0.21462,0.188505,0.208633,0.227115,0.218459,0.222692,0.215253,0.225097,0.235061,0.250257,0.263866,0.200925,0.219041,0.230006,0.239002,0.23608,0.22324,0.25236,0.235308,0.24364,0.233738,0.24595,0.231847,0.246427,0.226443,0.237229,0.246161,0.246969,0.249917,0.253558,0.243883,0.260962,0.244348,0.235475,0.260446,0.247732,0.228974,0.268396,0.251201,0.25071,0.257629,0.253815,0.258748,0.260711,0.233369,0.273159,0.259534,0.249731,0.275441,0.24994,0.264221,0.269162,0.250246,0.270948,0.263319,0.260344,0.272566,0.257356,0.272057,0.264137,0.259075,0.259563,0.270836,0.244937,0.276591,0.248993,0.256291,0.281938,0.231012,0.266785,0.258618,0.253665,0.25791,0.257602,0.250389,0.270019,0.231486,0.249595,0.258121,0.237109,0.246914,0.260314,0.248294,0.250435,0.258548,0.242264,0.257052,0.237931,0.232095,0.246046,0.231963,0.250495,0.230267,0.247493,0.233552,0.250428,0.236886,0.232683,0.244873,0.23061,0.208895,0.215289,0.258732,0.251743,0.244573,0.215849,0.222056,0.228169,0.215233,0.236255,0.211128,0.185759,0.223431,0.229249,0.19932,0.233489,0.186517,0.187738,0.205927,0.189882,0.200753,0.201966,0.203234,0.155129,0.221861,0.157478,0.197597,0.20204,0.222727,0.20341,0.144172,0.228957,0.161928,0.232426,0.155431,0.20367,0.146762,0.187392,0.128432,0.177401,0.133197,0.173143,0.111218,0.109494,0.124287,0.171676,0.14829,0.116111,0.140505,0.138476,0.153082,0.0999234,0.123378,0.128382,0.140674,0.0792057,0.126836,0.0899963,0.15136,0.126211,0.12223,0.164719,0.0572071,0.159195,0.0702762,0.149889,0.094141,0.0456053,0.108742,0.0786935,0.0918602,0.115345,0.0212051,0.130953,0.0996069,0.0437448,0.103349,0.099604,0.104463,0.118492,0.087031,0.140004,0.137118,0.094519
0.138427,0.0378281,0.133736,0.130452,0.0605707,0.125162,0.140341,0.0753084,0.131679,0.139572,0.105741,0.164763,0.0844556,0.159801,0.149275,0.113573,0.159048,0.103296,0.149547,0.119377,0.112343,0.106918,0.142129,0.0781544,0.141415,0.120371,0.150398,0.103207,0.168595,0.128529,0.180463,0.122843,0.174089,0.141611,0.154513,0.136956,0.165288,0.169068,0.165031,0.143652,0.138104,0.144946,0.13092,0.186912,0.141422,0.164462,0.158021,0.185698,0.164896,0.207314,0.182431,0.21271,0.158531,0.193147,0.145819,0.174285,0.18225,0.167634,0.202016,0.182383,0.19718,0.184146,0.168156,0.18097,0.197251,0.203442,0.204259,0.177643,0.188472,0.202172,0.195223,0.207415,0.239842,0.204804,0.199835,0.219338,0.214022,0.234968,0.248334,0.229471,0.207729,0.211665,0.237527,0.233676,0.239157,0.241889,0.236335,0.234791,0.233716,0.23962,0.240362,0.23252,0.238432,0.2356,0.237263,0.258993,0.236849,0.254375,0.244456,0.244228,0.262116,0.235647,0.240575,0.247049,0.268008,0.235136,0.247738,0.252009,0.246196,0.266194,0.235279,0.260981,0.274284,0.238612,0.260785,0.276615,0.251542,0.263754,0.260368,0.272157,0.246906,0.270634,0.266315,0.259861,0.270103,0.263021,0.264703,0.266381,0.265104,0.263553,0.268739,0.259133,0.273245,0.255981,0.2698,0.268237,0.244989,0.276006,0.256088,0.273711,0.24863,0.276257,0.26624,0.234887,0.28104,0.260482,0.238933,0.266377,0.249267,0.254855,0.244247,0.237821,0.267122,0.250783,0.236658,0.239622,0.264422,0.238862,0.250286,0.249114,0.249263,0.253934,0.248439,0.226076,0.237368,0.238729,0.236301,0.243122,0.234933,0.231216,0.248762,0.236501,0.239378,0.238388,0.233173,0.222675,0.20455,0.22856,0.255943,0.233491,0.214896,0.229513,0.194809,0.204204,0.246358,0.199786,0.19927,0.205093,0.183255,0.186395,0.214052,0.201857,0.205392,0.190691,0.163659,0.184496,0.209157,0.173165,0.201144,0.17948,0.187344,0.165088,0.15389,0.206509,0.151659,0.205403,0.193508,0.212584,0.156681,0.192543,0.16444,0.165007,0.140207,0.194479,0.135778,0.143026,0.139067,0.145794,0.170772,0.17062,0.170803,0.136822,0.161811,0.141357,0.180992,0.125449,0.187602,0.121259,0.182378,0.109663,0.150388,0.112266,0.151826,0.0882479,0.140205,0.102141,0.12224,0.120889,0.15204,0.105501,0.152771,0.117735,0.155291,0.162588,0.0821195,0.1793,0.0984371,0.143637,0.136057,0.0755842,0.149275,0.126421,0.064936,0.121388,0.145891,0.0441963
0.0994253,0.0692108,0.0820159,0.0984331,0.0212831,0.137409,0.0975283,0.0657559,0.087506,0.114075,0.0550491,0.107837,0.0437188,0.114592,0.115146,0.039043,0.0970147,0.14654,0.0953439,0.121528,0.0622827,0.130663,0.138142,0.0978099,0.155553,0.0631916,0.137365,0.110971,0.153183,0.110971,0.151894,0.135658,0.122568,0.138013,0.117895,0.10397,0.139438,0.122199,0.10958,0.123933,0.114214,0.153548,0.153132,0.161092,0.118988,0.15538,0.110557,0.1589,0.126745,0.207787,0.156076,0.178342,0.142179,0.17919,0.141315,0.143791,0.162266,0.14536,0.22111,0.176184,0.187125,0.172673,0.145768,0.175012,0.195821,0.188402,0.214286,0.17994,0.181159,0.193818,0.221362,0.19044,0.228142,0.214218,0.192839,0.226014,0.229823,0.217889,0.22481,0.216694,0.225426,0.211192,0.243757,0.229071,0.239393,0.206816,0.232084,0.239687,0.249742,0.235525,0.213388,0.245298,0.242617,0.24668,0.242124,0.249839,0.257711,0.23853,0.253157,0.224089,0.25735,0.24697,0.233251,0.260176,0.252257,0.251579,0.278382,0.24642,0.263498,0.284737,0.259011,0.250346,0.250568,0.273953,0.252773,0.231099,0.283326,0.240732,0.291703,0.302057,0.301406,0.286751,0.315568,0.29393,0.298838,0.313777,0.303972,0.295635,0.339662,0.294703,0.302845,0.316416,0.292343,0.297985,0.305765,0.295554,0.288265,0.320098,0.277247,0.256043,0.2744,0.238324,0.253232,0.275231,0.25273,0.249494,0.261522,0.283421,0.264147,0.246288,0.283508,0.251007,0.254457,0.260089,0.229883,0.254162,0.252793,0.229859,0.250057,0.242122,0.259327,0.250959,0.252097,0.242386,0.248704,0.244295,0.214467,0.247049,0.242574,0.243538,0.234879,0.204708,0.24826,0.224129,0.249035,0.216712,0.224867,0.217581,0.232671,0.214835,0.237919,0.226636,0.192598,0.219768,0.228208,0.189314,0.230888,0.188259,0.185496,0.180361,0.217868,0.190912,0.211671,0.176789,0.147574,0.182773,0.187702,0.170595,0.225429,0.149077,0.159664,0.142775,0.152678,0.181582,0.13533,0.191258,0.162723,0.199386,0.130325,0.16602,0.114845,0.145787,0.12804,0.169442,0.149962,0.148899,0.121113,0.132798,0.10602,0.1214,0.142216,0.110639,0.117687,0.139073,0.129817,0.138747,0.144318,0.123281,0.150774,0.114343,0.129276,0.075665,0.161861,0.0984964,0.132657,0.136204,0.0690819,0.12652,0.093998,0.144796,0.105345,0.0463745,0.121102,0.111165,0.0496846,0.106273,0.0586542,0.11981,0.0933479,0.0673443,0.0957,0.143625,0.0118589,0.111422,0.0845793,0.0669827
0.103201,0.089056,0.0880319,0.137178,0.0986356,0.12487,0.185456,0.0753867,0.171327,0.156092,0.136061,0.10928,0.183028,0.0812876,0.209443,0.0291549,0.180446,0.128091,0.130336,0.130267,0.117637,0.116034,0.148804,0.12722,0.131485,0.0936121,0.146018,0.130134,0.125868,0.130634,0.154474,0.10321,0.168263,0.133565,0.154111,0.140049,0.168344,0.177188,0.140764,0.164665,0.164156,0.155612,0.13403,0.166361,0.105053,0.156685,0.144293,0.179439,0.143102,0.182994,0.202641,0.192494,0.16403,0.168261,0.182275,0.149306,0.189366,0.171553,0.180451,0.200054,0.18177,0.216497,0.147335,0.184998,0.163825,0.199291,0.223834,0.239296,0.198941,0.189121,0.205462,0.198255,0.212054,0.246964,0.208671,0.221931,0.194433,0.236677,0.22153,0.271194,0.222462,0.228032,0.206292,0.227581,0.260711,0.23715,0.253139,0.204937,0.232571,0.239872,0.244504,0.254357,0.23828,0.257937,0.255444,0.250125,0.222616,0.260733,0.258182,0.235091,0.241493,0.267479,0.252689,0.259169,0.246404,0.256833,0.262635,0.244165,0.268911,0.238783,0.26763,0.261433,0.256113,0.283804,0.318644,0.297557,0.302602,0.361886,0.876869,0.897727,0.937722,0.912052,0.92429,0.931022,0.913445,0.915191,0.915237,0.921626,0.903582,0.921746,0.915909,0.919451,0.908757,0.939783,0.912612,0.926548,0.923079,0.918595,0.861384,0.379,0.292803,0.309122,0.311085,0.28919,0.252035,0.265335,0.266336,0.242474,0.264345,0.244754,0.264636,0.254167,0.249894,0.258949,0.253054,0.271437,0.23922,0.236694,0.255657,0.263063,0.22083,0.256819,0.253962,0.261508,0.241449,0.25867,0.241135,0.247593,0.233082,0.207751,0.250152,0.236106,0.269425,0.22527,0.213793,0.22811,0.223951,0.275166,0.222806,0.229169,0.205628,0.219009,0.207237,0.258258,0.210329,0.199393,0.211255,0.18489,0.201928,0.240981,0.2263,0.192952,0.177601,0.178626,0.158406,0.221513,0.17821,0.20606,0.191109,0.167689,0.185561,0.157764,0.187999,0.163152,0.166751,0.204716,0.196791,0.183064,0.1555,0.185139,0.133458,0.164599,0.114676,0.165953,0.126898,0.166481,0.173121,0.161948,0.137884,0.183902,0.178335,0.137479,0.149523,0.142555,0.172354,0.100501,0.159915,0.135787,0.130492,0.124779,0.155462,0.0972987,0.133501,0.12086,0.15249,0.124477,0.119332,0.125016,0.129011,0.131859,0.188405,0.0356449,0.201018,0.0847827,0.191074,0.112518,0.142005,0.16074,0.167993,0.0766126,0.192477,0.128082,0.104582,0.142557,0.0893773,0.0911207
0.089134,0.0994948,0.0309517,0.0565384,0.0922934,0.0369399,0.102272,0.0810752,0.0723121,0.0810346,0.0403746,0.0832858,0.110928,0.055443,0.13821,0.0711634,0.109143,0.0938988,0.0768866,0.101398,0.130759,0.110613,0.172751,0.0906172,0.170187,0.106457,0.172722,0.119334,0.177513,0.161452,0.142376,0.142677,0.195303,0.108335,0.165446,0.147827,0.153839,0.138587,0.139566,0.170437,0.160465,0.153152,0.151994,0.178223,0.13873,0.153704,0.162778,0.202954,0.178285,0.178798,0.194803,0.194226,0.186225,0.197768,0.208431,0.164566,0.187109,0.168255,0.189989,0.205412,0.190546,0.214756,0.191282,0.207218,0.186888,0.170642,0.198498,0.205845,0.239606,0.202999,0.230723,0.197277,0.224281,0.213704,0.255902,0.226113,0.213505,0.224693,0.205548,0.236623,0.222021,0.261307,0.212641,0.229152,0.223361,0.22302,0.229738,0.246215,0.244556,0.245574,0.252791,0.253674,0.242195,0.219029,0.253798,0.255548,0.233907,0.248318,0.257386,0.269776,0.250393,0.251235,0.258112,0.267243,0.251207,0.261098,0.251033,0.259113,0.281329,0.28885,0.312408,0.317015,0.375007,0.856798,0.925373,0.9085,0.918577,0.917925,0.965733,0.949289,0.958082,0.984125,0.949182,0.969861,0.994178,0.943556,0.968862,0.975323,0.930028,0.97322,0.972175,0.940203,0.992208,0.971982,0.944549,0.991011,0.951296,0.956944,0.961198,0.920879,0.922191,0.907103,0.925988,0.853638,0.377483,0.318385,0.315772,0.291711,0.279842,0.263814,0.252978,0.263819,0.250346,0.273737,0.255612,0.25525,0.251489,0.267642,0.258276,0.249149,0.237491,0.258865,0.25127,0.221965,0.23975,0.261291,0.256361,0.250799,0.244484,0.247387,0.228901,0.226673,0.223084,0.22882,0.222445,0.259845,0.223034,0.241968,0.200726,0.230289,0.218391,0.222429,0.261948,0.218976,0.222129,0.2086,0.232917,0.201633,0.243372,0.206274,0.194485,0.175379,0.186399,0.206501,0.20764,0.218238,0.192479,0.208576,0.195444,0.164057,0.191224,0.167681,0.21123,0.196578,0.195723,0.19423,0.193359,0.185816,0.183528,0.199921,0.165235,0.163868,0.141043,0.170822,0.160107,0.160348,0.159231,0.162394,0.152053,0.146237,0.145343,0.148347,0.173301,0.115423,0.192603,0.141102,0.147306,0.162016,0.178671,0.120173,0.173751,0.110573,0.170801,0.0904251,0.181347,0.117181,0.128106,0.102145,0.0864455,0.103562,0.109519,0.0661662,0.139302,0.0625965,0.113679,0.0889645,0.0355555,0.0859215,0.0758642,0.0884106,0.10297,0.0342176,0.0970691,0.0602031,0.0354129,0.0947348
0.105732,0.165031,0.0794496,0.159709,0.136567,0.0888895,0.161913,0.162054,0.0881188,0.160876,0.114268,0.138164,0.133407,0.0804374,0.133444,0.13904,0.134824,0.162355,0.079676,0.141285,0.156125,0.12812,0.139947,0.112003,0.124483,0.130313,0.144163,0.107875,0.127903,0.104309,0.117081,0.156032,0.114167,0.101408,0.160919,0.109053,0.133093,0.117941,0.119156,0.143191,0.138741,0.1699,0.139462,0.176752,0.154677,0.162221,0.153984,0.185051,0.156123,0.157199,0.168445,0.162469,0.209398,0.159744,0.220061,0.188941,0.190937,0.190358,0.187198,0.216415,0.190728,0.215085,0.177331,0.228174,0.182205,0.217856,0.213164,0.216533,0.208623,0.232121,0.212613,0.233713,0.246212,0.20125,0.233585,0.219017,0.218611,0.21308,0.235427,0.234856,0.229729,0.245193,0.214509,0.214885,0.242738,0.24668,0.261075,0.234283,0.263346,0.220764,0.247009,0.241905,0.264781,0.226359,0.242913,0.260968,0.261979,0.25377,0.243505,0.257983,0.268092,0.232623,0.279121,0.248519,0.27587,0.273989,0.293069,0.312944,0.350416,0.86689,0.907846,0.910437,0.928619,0.96715,0.926625,0.971781,0.959496,0.945929,0.985046,0.955976,0.950143,0.982396,0.951673,0.96359,0.980362,0.96965,0.976837,0.961608,0.981097,0.959411,0.981245,0.965674,0.981259,0.962783,0.955762,0.978501,0.950775,0.956378,0.991107,0.939561,0.974493,0.958404,0.940877,0.957559,0.940486,0.903251,0.919418,0.862086,0.357609,0.314384,0.295872,0.274281,0.274133,0.256333,0.275773,0.235464,0.265733,0.262608,0.241437,0.256003,0.26132,0.267265,0.240073,0.228535,0.260667,0.24464,0.251359,0.225206,0.266021,0.233172,0.263252,0.254025,0.238995,0.220942,0.214667,0.24407,0.239668,0.229132,0.232407,0.225408,0.21424,0.219371,0.247993,0.196257,0.250935,0.243987,0.211727,0.235786,0.214889,0.206866,0.210469,0.227097,0.177115,0.231414,0.180197,0.213982,0.193029,0.227116,0.186133,0.190618,0.201422,0.193681,0.211547,0.166685,0.217429,0.159923,0.164637,0.165582,0.160812,0.178111,0.163973,0.16618,0.148921,0.185114,0.148425,0.171311,0.133434,0.155579,0.126557,0.114953,0.131297,0.122236,0.167097,0.0960325,0.113985,0.164368,0.125974,0.101449,0.125772,0.116144,0.150492,0.133032,0.121818,0.123449,0.141354,0.127763,0.150864,0.153642,0.085151,0.160521,0.133864,0.141747,0.142495,0.0859406,0.137149,0.132826,0.122355,0.165693,0.0932882,0.16173,0.1598,0.096569,0.141165,0.166514,0.0654899,0.173281
0.0415526,0.105836,0.0679793,0.0784183,0.118812,0.0252392,0.106643,0.0954939,0.0491574,0.114794,0.106652,0.0738379,0.0880855,0.0738984,0.0556423,0.145672,0.0450592,0.153801,0.0539461,0.130543,0.120989,0.124179,0.161108,0.105605,0.171273,0.169763,0.149843,0.180168,0.137776,0.157122,0.163539,0.159515,0.180039,0.172546,0.161235,0.148105,0.165607,0.17683,0.132791,0.179233,0.14774,0.176766,0.114033,0.155988,0.143065,0.149727,0.126707,0.129656,0.172155,0.144387,0.193383,0.156025,0.185501,0.168437,0.202557,0.191568,0.188248,0.210164,0.165745,0.200672,0.207834,0.230916,0.226318,0.240059,0.194387,0.200493,0.228091,0.217883,0.219057,0.241291,0.210362,0.220687,0.223504,0.190394,0.236497,0.236394,0.256297,0.218171,0.223166,0.206663,0.210268,0.245072,0.248063,0.262246,0.219671,0.242938,0.243747,0.241739,0.247363,0.237527,0.253259,0.23225,0.259716,0.247836,0.249983,0.233884,0.267338,0.268993,0.237047,0.266288,0.259409,0.265502,0.266395,0.244727,0.31688,0.343219,0.855884,0.918432,0.908351,0.963322,0.964509,0.960955,0.982767,0.977847,0.953527,0.993486,0.948964,0.981068,0.97068,0.966335,0.980756,0.967211,0.982246,0.970249,0.966293,0.970769,0.967358,0.974509,0.975038,0.97285,0.96925,0.970573,0.965557,0.968845,0.985284,0.964016,0.982816,0.969365,0.976646,0.977014,0.957722,0.983134,0.964359,0.967551,0.992587,0.95046,0.974372,0.952172,0.913002,0.91598,0.861823,0.3408,0.319506,0.247287,0.269168,0.268051,0.257447,0.270768,0.241952,0.272411,0.271677,0.235847,0.249655,0.250422,0.260715,0.233079,0.249567,0.243927,0.249745,0.244794,0.249929,0.241782,0.224736,0.268124,0.245585,0.246401,0.214424,0.204131,0.231595,0.221691,0.255058,0.245576,0.239251,0.190855,0.233893,0.220251,0.2135,0.252933,0.220464,0.216723,0.233966,0.195645,0.188456,0.250426,0.224483,0.227373,0.219764,0.204395,0.164587,0.214466,0.196475,0.186374,0.205033,0.175585,0.189581,0.150254,0.201926,0.151954,0.165782,0.136429,0.135678,0.14395,0.14585,0.1626,0.11604,0.174022,0.149498,0.183672,0.136876,0.172039,0.176855,0.150708,0.158567,0.17485,0.186051,0.162877,0.164167,0.155974,0.142786,0.189865,0.148995,0.165992,0.180822,0.105707,0.166889,0.121018,0.129904,0.13644,0.0539961,0.148193,0.0506863,0.154286,0.051709,0.0755156,0.0803078,0.0853063,0.113053,0.117443,0.042262,0.101477,0.109831,0.0315654,0.123398,0.0697716,0.0793533,0.110989
0.117696,0.140492,0.170243,0.106578,0.144655,0.142286,0.0987206,0.141814,0.070347,0.145532,0.142007,0.095269,0.139535,0.140049,0.115667,0.168885,0.0619983,0.180435,0.0929484,0.180372,0.0895578,0.153766,0.121582,0.14894,0.131313,0.105867,0.11367,0.140474,0.109214,0.11888,0.115205,0.125404,0.112734,0.138528,0.109514,0.140146,0.131493,0.117612,0.135368,0.14931,0.156558,0.171676,0.159696,0.179207,0.146099,0.163798,0.148331,0.145166,0.190534,0.168716,0.214408,0.159577,0.249321,0.182005,0.214642,0.182156,0.183822,0.205018,0.179454,0.201473,0.187525,0.198987,0.218744,0.234968,0.219379,0.232405,0.218054,0.204969,0.201591,0.208048,0.227172,0.235869,0.240994,0.222255,0.242414,0.205965,0.240292,0.219754,0.23685,0.220809,0.266701,0.216037,0.23623,0.254566,0.214698,0.250261,0.242907,0.248026,0.244476,0.248615,0.236719,0.238856,0.248067,0.275142,0.267533,0.239426,0.240688,0.257404,0.263865,0.257222,0.233533,0.313137,0.301062,0.374385,0.857969,0.932652,0.956788,0.974761,0.948135,0.977932,0.964413,0.962205,0.955725,0.967684,0.983327,0.946176,0.969879,0.981598,0.946941,0.972394,0.948739,0.958843,0.965575,0.971949,0.964362,0.964183,0.958296,0.964619,0.977067,0.963359,0.957773,0.966884,0.964104,0.969937,0.966627,0.957607,0.95277,0.974977,0.947599,0.979107,0.970751,0.94182,0.989768,0.958734,0.96164,0.954526,0.970835,0.970241,0.951471,0.971792,0.958436,0.931197,0.860457,0.375468,0.30289,0.316303,0.235709,0.256861,0.273846,0.256829,0.24775,0.238389,0.269994,0.276463,0.246055,0.250612,0.231705,0.249265,0.243828,0.247906,0.250758,0.249987,0.221079,0.257997,0.237855,0.222169,0.264663,0.220533,0.247791,0.221786,0.237749,0.220303,0.232485,0.229375,0.243803,0.240211,0.229066,0.214739,0.202651,0.210571,0.220963,0.229804,0.219897,0.242108,0.216721,0.2028,0.190997,0.195287,0.182127,0.216235,0.180602,0.180078,0.226271,0.189207,0.240176,0.169958,0.224289,0.164506,0.186444,0.155323,0.149364,0.162709,0.150415,0.18818,0.156824,0.173476,0.161776,0.155913,0.135183,0.120917,0.135319,0.142706,0.108528,0.150113,0.1171,0.12687,0.112646,0.127714,0.120482,0.134865,0.111804,0.114823,0.137466,0.152497,0.117417,0.155947,0.0967775,0.18589,0.0855031,0.189965,0.0719282,0.162741,0.122256,0.138076,0.149953,0.10171,0.139747,0.139521,0.0759885,0.148648,0.100596,0.147638,0.141796,0.110841,0.17424,0.143375
0.0481764,0.0934406,0.0776413,0.0459219,0.0876961,0.113402,0.0497492,0.0873973,0.0929424,0.104767,0.14108,0.0344547,0.128798,0.0922107,0.0976014,0.0865325,0.0786783,0.0953415,0.161663,0.120914,0.133288,0.133074,0.104774,0.180474,0.110929,0.139875,0.16428,0.145323,0.1501,0.175768,0.123006,0.169428,0.139725,0.140878,0.169593,0.172623,0.123876,0.144093,0.143686,0.157851,0.138879,0.201091,0.176871,0.196438,0.13077,0.162025,0.201501,0.140005,0.20878,0.185365,0.242044,0.156659,0.22962,0.199756,0.200496,0.20576,0.174639,0.220438,0.156894,0.184575,0.18759,0.198714,0.198374,0.226634,0.200079,0.234073,0.194706,0.229449,0.219794,0.230664,0.239466,0.248685,0.224017,0.222081,0.227983,0.231836,0.231819,0.252332,0.235214,0.227592,0.250683,0.224649,0.224558,0.260827,0.218794,0.252564,0.24323,0.248592,0.249378,0.259008,0.262889,0.249835,0.252537,0.244316,0.257113,0.25491,0.257076,0.229837,0.271361,0.310235,0.358128,0.858412,0.912117,0.920332,0.957907,0.947752,0.953662,0.959177,0.971605,0.965563,0.941876,0.992854,0.964222,0.961454,0.977006,0.972011,0.96514,0.964641,0.986166,0.976423,0.975318,0.975699,0.967606,0.999698,0.989404,0.972849,0.988846,0.994399,0.988267,0.993305,0.98886,0.974536,0.990207,0.996673,0.972515,0.97308,0.980907,0.976403,0.98682,0.964768,0.967421,0.970003,0.980188,0.956529,0.967066,0.995009,0.943074,0.965101,0.973257,0.962751,0.95016,0.952937,0.957356,0.922903,0.911376,0.862432,0.364273,0.311407,0.276974,0.23088,0.261683,0.257421,0.257623,0.25299,0.250012,0.257848,0.262542,0.262048,0.252551,0.243878,0.251168,0.247758,0.231002,0.257922,0.22701,0.230128,0.247491,0.234382,0.237915,0.251141,0.239617,0.235743,0.21848,0.236818,0.214829,0.251786,0.24845,0.23473,0.219715,0.241252,0.19431,0.23416,0.207882,0.221693,0.19245,0.214657,0.183353,0.186285,0.166721,0.217338,0.18241,0.21115,0.203711,0.19451,0.234448,0.168941,0.237571,0.183292,0.220412,0.144336,0.200255,0.162821,0.143444,0.192161,0.173042,0.210231,0.148344,0.156663,0.139353,0.146438,0.135524,0.167872,0.168651,0.147533,0.140163,0.168607,0.130618,0.180252,0.149973,0.142456,0.169958,0.151742,0.108267,0.178768,0.108014,0.13794,0.1377,0.118011,0.161336,0.103342,0.0743009,0.0932437,0.0961992,0.103109,0.127545,0.03531,0.138168,0.109314,0.101746,0.0920202,0.0488135,0.110614,0.0919783,0.0483123,0.081898,0.0987351
0.124734,0.0997176,0.159244,0.0855274,0.165442,0.157079,0.090548,0.148139,0.160101,0.10653,0.169003,0.102907,0.127947,0.13998,0.101189,0.129151,0.126138,0.114733,0.162544,0.0828769,0.182141,0.0723899,0.128643,0.140783,0.0770142,0.195338,0.0736452,0.162993,0.141135,0.148968,0.143136,0.148971,0.140231,0.179563,0.155694,0.15241,0.136486,0.173986,0.153378,0.180238,0.141752,0.177556,0.157432,0.144901,0.131868,0.140268,0.152306,0.144359,0.190893,0.152878,0.215453,0.148265,0.195913,0.153446,0.185817,0.184153,0.197058,0.205938,0.207703,0.171174,0.201768,0.188273,0.22394,0.197469,0.223892,0.225829,0.212811,0.215983,0.221137,0.196692,0.223091,0.242957,0.230774,0.245505,0.236961,0.232246,0.213075,0.239985,0.210883,0.228121,0.256816,0.232467,0.249068,0.239706,0.25028,0.244036,0.258997,0.237723,0.249939,0.270038,0.244019,0.247792,0.253295,0.256693,0.263739,0.254851,0.28366,0.281806,0.363825,0.858002,0.913986,0.940896,0.952564,0.975956,0.96446,0.959701,0.980742,0.960605,0.977917,0.960664,0.968551,0.96332,0.973176,0.974576,0.966125,0.980198,0.967363,0.975665,0.969075,0.967623,0.972603,0.998091,0.956432,0.965979,0.998166,0.948553,0.967986,0.990212,0.94999,0.989656,0.969053,0.948532,0.995467,0.96404,0.960625,1,0.972383,0.972656,0.96616,0.977446,0.965025,0.985034,0.962859,0.980893,0.965919,0.973551,0.965415,0.968835,0.976819,0.970846,0.976835,0.967401,0.963983,0.981994,0.947099,0.94558,0.912946,0.862149,0.363307,0.282063,0.281619,0.256859,0.265963,0.256072,0.264012,0.245117,0.249003,0.273322,0.253024,0.24157,0.260417,0.243025,0.255095,0.235946,0.261352,0.228421,0.261375,0.238879,0.209576,0.241829,0.219533,0.229734,0.235302,0.247857,0.225046,0.248607,0.223361,0.204552,0.229419,0.217855,0.213804,0.234569,0.227841,0.196314,0.228355,0.19413,0.198159,0.184279,0.204805,0.20326,0.200169,0.190738,0.189829,0.150172,0.20482,0.147999,0.217664,0.16044,0.195154,0.143074,0.150635,0.15093,0.138077,0.13666,0.165522,0.186205,0.137133,0.181896,0.155392,0.186944,0.136665,0.148005,0.16537,0.184107,0.139953,0.150897,0.150299,0.148251,0.139855,0.1708,0.0824972,0.192102,0.0749865,0.145157,0.132076,0.0790399,0.179472,0.0830377,0.171777,0.11598,0.134486,0.128482,0.106471,0.136309,0.133471,0.100024,0.175566,0.111898,0.160465,0.148622,0.0885801,0.16665,0.168537,0.0911657,0.164108,0.0959946
0.150463,0.0610599,0.115935,0.10206,0.0539199,0.105702,0.0494148,0.104789,0.0751487,0.0426522,0.0700141,0.145869,0.0839307,0.123903,0.0642993,0.138258,0.135586,0.117388,0.14942,0.0942207,0.161721,0.0860019,0.157318,0.119726,0.122069,0.145168,0.0869275,0.147455,0.0876389,0.13716,0.105178,0.14278,0.0889768,0.163162,0.126484,0.135942,0.14773,0.155453,0.114212,0.191751,0.147008,0.198497,0.150814,0.165551,0.158889,0.146512,0.189256,0.15809,0.225896,0.13153,0.217727,0.173785,0.216526,0.18168,0.161831,0.19334,0.185265,0.200516,0.221265,0.220098,0.213204,0.193963,0.213747,0.195562,0.213468,0.225634,0.208612,0.202019,0.221123,0.217101,0.193939,0.234422,0.213814,0.24691,0.24892,0.236869,0.214157,0.256416,0.204395,0.258149,0.23963,0.246626,0.260862,0.241183,0.244143,0.245929,0.27375,0.241182,0.23791,0.24951,0.266179,0.256906,0.2531,0.261414,0.23025,0.305412,0.356834,0.878308,0.911815,0.950959,0.974434,0.973169,0.947152,0.967318,0.948116,0.984676,0.961161,0.961255,0.952057,0.961291,0.985088,0.954245,0.98722,0.965361,0.980997,0.978037,0.976692,0.982589,0.986943,0.947006,0.942919,0.940061,0.92989,0.937634,0.931575,0.933784,0.917094,0.931617,0.941272,0.930309,0.917173,0.936717,0.92879,0.940773,0.931991,0.944284,0.936608,0.956109,0.980297,0.990282,0.967267,0.98521,0.972981,0.977191,0.977749,0.963962,0.979385,0.972567,0.94471,0.96915,0.960237,0.987647,0.946883,0.976185,0.942693,0.979967,0.975101,0.952263,0.910306,0.87724,0.356124,0.305883,0.230883,0.262086,0.257757,0.260141,0.27182,0.248269,0.244909,0.246157,0.274411,0.253401,0.24136,0.242902,0.260186,0.250746,0.241601,0.260207,0.207705,0.263746,0.20797,0.239075,0.253756,0.242045,0.218333,0.235305,0.195998,0.221167,0.229712,0.208199,0.213352,0.233831,0.207818,0.201772,0.223193,0.190601,0.214294,0.226257,0.219426,0.205519,0.189267,0.194023,0.163461,0.188132,0.219885,0.171836,0.219403,0.142364,0.223208,0.160674,0.197317,0.151113,0.155079,0.172331,0.164284,0.193293,0.146089,0.198623,0.121399,0.15604,0.140339,0.142432,0.140085,0.155439,0.0843699,0.156085,0.106441,0.135858,0.0918896,0.149264,0.0888195,0.143096,0.125226,0.128784,0.15953,0.0800419,0.166033,0.0954892,0.156356,0.125546,0.126003,0.142418,0.0695989,0.13107,0.0840013,0.151674,0.068421,0.0503714,0.0762718,0.102678,0.0603005,0.106476,0.059704,0.100593,0.115266,0.0663048
0.129032,0.0743833,0.121649,0.170334,0.097348,0.169826,0.137939,0.118174,0.185275,0.0600842,0.149515,0.14338,0.124156,0.163985,0.106131,0.124757,0.154377,0.123568,0.114173,0.103891,0.139487,0.119731,0.17821,0.108335,0.173608,0.117216,0.154351,0.166651,0.118336,0.205058,0.163664,0.167649,0.125226,0.173822,0.146594,0.191731,0.150499,0.157286,0.11685,0.196371,0.146184,0.168371,0.160856,0.187574,0.182823,0.192945,0.210017,0.156498,0.210225,0.159658,0.223704,0.17603,0.212508,0.194284,0.194884,0.212172,0.217668,0.180567,0.211427,0.215501,0.218184,0.17251,0.239354,0.195104,0.21707,0.220205,0.24173,0.216431,0.233958,0.226118,0.224173,0.241777,0.219205,0.23272,0.263408,0.227123,0.256984,0.237269,0.229806,0.246019,0.244822,0.232868,0.253326,0.254179,0.233674,0.248567,0.234399,0.266006,0.255645,0.254444,0.259355,0.2497,0.267327,0.306558,0.360564,0.865277,0.904867,0.967971,0.974751,0.938982,0.965032,0.941716,0.98738,0.957483,0.973164,0.955055,0.980648,0.979532,0.975677,0.968977,0.980361,0.973102,0.996767,0.948369,0.9684,0.934646,0.933938,0.937779,0.927592,0.900819,0.497913,0.435764,0.468361,0.471039,0.431683,0.477223,0.460093,0.448791,0.472384,0.445339,0.460026,0.476459,0.432417,0.467854,0.476321,0.432523,0.499938,0.902859,0.922167,0.943879,0.928581,0.938799,0.963584,0.954624,0.994288,0.979501,0.974425,0.98083,0.968076,0.985076,0.976897,0.962254,0.965757,0.966389,0.985891,0.943028,0.965151,0.938028,0.979483,0.961407,0.911575,0.861065,0.368381,0.307094,0.269191,0.252818,0.263187,0.252745,0.264267,0.264382,0.238871,0.250656,0.23997,0.255448,0.256506,0.232881,0.250151,0.250233,0.227821,0.248805,0.253591,0.23479,0.259285,0.234345,0.223012,0.240031,0.227835,0.232021,0.235022,0.2226,0.251446,0.223713,0.216243,0.204251,0.236266,0.174706,0.22633,0.219993,0.20798,0.187768,0.22272,0.208512,0.202854,0.198458,0.213879,0.176921,0.229246,0.162644,0.20819,0.169816,0.212974,0.188797,0.182165,0.19668,0.162205,0.167304,0.15257,0.202218,0.119461,0.1571,0.156309,0.201778,0.142785,0.173537,0.13651,0.173859,0.159489,0.207261,0.124313,0.172898,0.156543,0.116731,0.182648,0.108364,0.180342,0.123362,0.144718,0.113576,0.116627,0.115714,0.158346,0.134722,0.11023,0.159763,0.119655,0.144417,0.159621,0.0593624,0.187201,0.124377,0.138977,0.17478,0.0968452,0.170779,0.126582,0.0839778
0.114458,0.0813945,0.0804246,0.107365,0.0708621,0.0947824,0.110382,0.0255842,0.112563,0.113812,0.0684434,0.0871894,0.0528674,0.116838,0.098606,0.107732,0.144978,0.0935532,0.14637,0.113662,0.139202,0.139341,0.124188,0.135127,0.131703,0.107202,0.124057,0.102919,0.105425,0.162456,0.103982,0.160294,0.126857,0.191671,0.120218,0.171723,0.141793,0.159169,0.135472,0.185088,0.127644,0.199202,0.151479,0.182679,0.195021,0.169809,0.192751,0.135146,0.211466,0.153037,0.222161,0.158722,0.210952,0.190628,0.196803,0.193971,0.237978,0.181131,0.224652,0.227498,0.232043,0.205182,0.239846,0.209713,0.20437,0.228687,0.237713,0.254022,0.251936,0.225633,0.234941,0.2355,0.21794,0.224064,0.233678,0.227944,0.262072,0.266855,0.217811,0.247265,0.230828,0.24065,0.241991,0.245431,0.23262,0.257565,0.230334,0.259646,0.267648,0.261841,0.270456,0.254912,0.336709,0.859143,0.924706,0.962432,0.948547,0.960848,0.967978,0.981423,0.974898,0.970783,0.98525,0.959166,0.982762,0.963157,0.977044,0.956641,0.96067,0.96549,0.949552,0.936348,0.927712,0.917206,0.906128,0.470748,0.455295,0.477046,0.441371,0.450232,0.417071,0.408999,0.413829,0.41392,0.407561,0.400668,0.416988,0.417314,0.404595,0.413933,0.419327,0.399953,0.411018,0.405926,0.425743,0.398541,0.425892,0.448873,0.440449,0.478416,0.452434,0.473875,0.907915,0.915932,0.93389,0.93913,0.950248,0.969753,0.962234,0.958983,0.974593,0.970433,0.980268,0.961595,0.988361,0.972456,0.973742,0.9855,0.966951,0.9648,0.952158,0.965694,0.932792,0.859592,0.342293,0.250565,0.27633,0.256718,0.274836,0.257258,0.234668,0.256156,0.233462,0.254596,0.240065,0.247305,0.23325,0.247638,0.220864,0.269957,0.254825,0.242585,0.227839,0.225846,0.219273,0.239378,0.235365,0.228325,0.254864,0.255107,0.246835,0.229288,0.213648,0.211424,0.239014,0.209832,0.236908,0.232074,0.224327,0.191706,0.231997,0.195229,0.206035,0.188903,0.215561,0.16418,0.22765,0.145996,0.217999,0.144733,0.18609,0.174779,0.201504,0.186294,0.152666,0.19991,0.133863,0.183756,0.139049,0.166265,0.145578,0.168054,0.1207,0.199084,0.135875,0.155353,0.0986514,0.176845,0.109251,0.100214,0.122934,0.110789,0.138376,0.139856,0.120562,0.151627,0.138812,0.116479,0.147852,0.095837,0.157917,0.110869,0.0900155,0.115449,0.0655736,0.0960784,0.0715689,0.110931,0.114326,0.0313278,0.114634,0.0967377,0.069452,0.118636,0.0864137,0.0805518
0.129911,0.123198,0.0718247,0.130279,0.0903462,0.160735,0.132612,0.0869129,0.141407,0.153247,0.132705,0.133774,0.108985,0.149002,0.159415,0.112405,0.135682,0.0903737,0.150633,0.137117,0.123941,0.172325,0.121431,0.188677,0.158665,0.15818,0.196085,0.135394,0.168701,0.171826,0.123875,0.175638,0.16153,0.173193,0.13577,0.169064,0.137916,0.192204,0.109858,0.182879,0.14604,0.184269,0.162884,0.16921,0.1814,0.15239,0.181246,0.164987,0.182442,0.161278,0.18184,0.16456,0.179045,0.202237,0.1895,0.189555,0.228481,0.212432,0.229306,0.210672,0.231673,0.207429,0.230497,0.231702,0.245776,0.216837,0.22084,0.224303,0.246154,0.226756,0.278894,0.22943,0.251389,0.217012,0.250232,0.213025,0.233389,0.240725,0.233828,0.25155,0.233645,0.244856,0.244823,0.26545,0.259518,0.285231,0.241752,0.253382,0.24811,0.256304,0.300924,0.375657,0.857293,0.955912,0.956593,0.976117,0.959273,0.956998,0.950469,0.969646,0.96323,0.973462,0.973958,0.962953,0.958855,0.983402,0.974435,0.922452,0.918101,0.952505,0.869626,0.508155,0.453929,0.467653,0.440396,0.423384,0.420898,0.419425,0.432394,0.40429,0.418579,0.442485,0.410347,0.420718,0.429207,0.410298,0.425815,0.433405,0.434722,0.434954,0.421711,0.415108,0.426146,0.419376,0.417326,0.4384,0.420849,0.403298,0.432684,0.423407,0.417708,0.422383,0.450631,0.45916,0.46517,0.503338,0.883554,0.942434,0.930732,0.911696,0.988512,0.975728,0.972991,0.956197,0.985734,0.965848,0.970541,0.968385,0.955071,0.960546,0.963221,0.983948,0.958562,0.956995,0.862687,0.376079,0.304169,0.255218,0.25467,0.246687,0.250826,0.276309,0.266066,0.265548,0.244402,0.258384,0.231182,0.25734,0.235318,0.242793,0.239887,0.21467,0.249297,0.229365,0.246878,0.229562,0.290848,0.221292,0.250591,0.232526,0.221583,0.213685,0.260678,0.227174,0.233705,0.217627,0.229781,0.210034,0.239113,0.217919,0.222742,0.202377,0.186325,0.200887,0.190159,0.165959,0.180791,0.160379,0.195732,0.160604,0.183473,0.162319,0.187635,0.167016,0.162147,0.188529,0.154197,0.182218,0.1075,0.199456,0.136128,0.177655,0.140523,0.177973,0.161788,0.171616,0.142066,0.173656,0.165883,0.138493,0.198123,0.167389,0.162653,0.18343,0.13183,0.172795,0.131053,0.139997,0.152397,0.100299,0.132532,0.104983,0.164954,0.162675,0.115712,0.131458,0.123732,0.159719,0.150618,0.0906904,0.133173,0.162803,0.0978419,0.132023,0.0729791,0.120255
0.112621,0.130338,0.0550352,0.0959956,0.13976,0.0436784,0.15384,0.0788342,0.0972323,0.114108,0.0565756,0.101513,0.109924,0.10688,0.133391,0.0928887,0.139105,0.11764,0.123113,0.152997,0.110826,0.142372,0.115162,0.120999,0.12099,0.125687,0.144326,0.104023,0.158389,0.146364,0.125024,0.158607,0.148965,0.192208,0.129633,0.190863,0.126747,0.192186,0.137322,0.190844,0.167615,0.212539,0.164089,0.183866,0.16637,0.140146,0.194292,0.160968,0.231793,0.183823,0.207917,0.195228,0.197181,0.178438,0.221824,0.185102,0.200047,0.201274,0.218164,0.2223,0.233179,0.242121,0.209117,0.20947,0.220278,0.221359,0.213018,0.241044,0.225091,0.241681,0.282825,0.264244,0.233773,0.231132,0.229577,0.237087,0.244903,0.235545,0.244695,0.268318,0.247197,0.251653,0.245739,0.234339,0.261357,0.26357,0.253655,0.268148,0.249802,0.355609,0.856256,0.936282,0.960707,0.957211,0.951471,0.941614,0.986215,0.964831,0.965253,0.965015,0.972971,0.961786,0.965375,0.986578,0.944577,0.909591,0.912554,0.49277,0.448172,0.444118,0.453454,0.426807,0.418387,0.430561,0.392886,0.428975,0.419187,0.396397,0.44252,0.419571,0.401141,0.451649,0.430416,0.421702,0.438624,0.409466,0.425099,0.436414,0.408643,0.438801,0.418439,0.416535,0.429451,0.424569,0.431648,0.454302,0.397858,0.420609,0.436854,0.404909,0.417779,0.423963,0.405683,0.42614,0.427464,0.420791,0.463246,0.436977,0.457195,0.483999,0.924742,0.90108,0.952649,0.981189,0.973947,0.956864,0.981224,0.962811,0.973881,0.964325,0.991663,0.944855,0.955234,0.955721,0.968619,0.931928,0.868592,0.355473,0.252961,0.272962,0.255083,0.260008,0.266137,0.233154,0.253004,0.248199,0.255951,0.27709,0.243704,0.241967,0.249918,0.240174,0.233805,0.234222,0.232259,0.27028,0.279571,0.240489,0.235215,0.2402,0.213288,0.232689,0.217621,0.211555,0.22057,0.242166,0.231503,0.226856,0.22423,0.202415,0.204278,0.194293,0.214077,0.183099,0.207387,0.19168,0.213222,0.19323,0.231647,0.16049,0.196393,0.148301,0.161918,0.189496,0.167897,0.221953,0.167315,0.191424,0.147874,0.191747,0.1299,0.194803,0.130841,0.190982,0.15192,0.165784,0.129717,0.14293,0.157609,0.110468,0.152854,0.127056,0.12152,0.12186,0.121332,0.148192,0.110862,0.159149,0.124756,0.115887,0.140601,0.0982638,0.143703,0.110664,0.103141,0.096462,0.0668484,0.124229,0.0996388,0.0791063,0.149664,0.0500692,0.145873,0.0996358,0.0493895,0.138623
0.0631453,0.0997624,0.0929298,0.116911,0.108994,0.0715644,0.129231,0.149135,0.121568,0.161154,0.108282,0.167503,0.143692,0.123325,0.117933,0.102811,0.138194,0.11756,0.130518,0.17051,0.148746,0.164584,0.123692,0.161747,0.150554,0.150184,0.14215,0.148994,0.146262,0.137673,0.145177,0.166532,0.121348,0.157666,0.129391,0.178237,0.110586,0.188695,0.0956885,0.170363,0.156263,0.21934,0.200868,0.177183,0.195477,0.162393,0.217929,0.171196,0.214345,0.188817,0.203116,0.228342,0.22855,0.188988,0.207249,0.214553,0.197647,0.195978,0.191315,0.196863,0.200732,0.241012,0.233078,0.21328,0.239364,0.218057,0.223234,0.21879,0.226247,0.21147,0.227993,0.24427,0.25719,0.246298,0.24649,0.241372,0.258149,0.232075,0.241164,0.260938,0.254284,0.252293,0.258413,0.230579,0.253861,0.245403,0.262254,0.330923,0.357591,0.866506,0.956499,0.964917,0.951839,0.970948,0.96067,0.961848,0.953561,0.981223,0.974724,0.949977,0.985862,0.970691,0.912019,0.937385,0.902744,0.487267,0.432674,0.446862,0.419776,0.409317,0.430859,0.41367,0.41904,0.438766,0.402788,0.422979,0.440675,0.420966,0.429279,0.431394,0.4457,0.40654,0.429395,0.449762,0.402203,0.448552,0.41765,0.414375,0.472904,0.413316,0.416696,0.452663,0.401847,0.447964,0.43183,0.407559,0.442652,0.437748,0.417024,0.432395,0.438846,0.418093,0.40985,0.436964,0.424978,0.413503,0.43095,0.409159,0.422891,0.445328,0.43751,0.483408,0.908582,0.932347,0.916495,0.969276,0.990229,0.948177,0.98313,0.979931,0.959794,0.963409,0.960346,0.975205,0.951774,0.964492,0.964983,0.865854,0.364766,0.330858,0.266625,0.247681,0.254614,0.232334,0.263021,0.253816,0.254371,0.267319,0.240268,0.242683,0.254976,0.25187,0.249857,0.249756,0.261856,0.246264,0.230084,0.20872,0.234336,0.211529,0.233325,0.219359,0.23871,0.218814,0.237644,0.239233,0.203636,0.209591,0.187092,0.199016,0.207465,0.214018,0.20912,0.200528,0.220083,0.231632,0.213124,0.191382,0.218808,0.166359,0.232076,0.160541,0.193714,0.187778,0.205573,0.215477,0.15494,0.179323,0.102833,0.184914,0.111502,0.187606,0.132614,0.165846,0.120572,0.169836,0.14806,0.141621,0.152933,0.150588,0.144411,0.151759,0.149321,0.169973,0.134369,0.162424,0.150001,0.173042,0.135581,0.120904,0.140944,0.110954,0.118602,0.121594,0.141789,0.178342,0.120318,0.155008,0.11759,0.144534,0.140039,0.0747869,0.114974,0.111423,0.0969486,0.105508
0.0684458,0.160192,0.100166,0.115291,0.126803,0.0650301,0.0949675,0.112661,0.0598248,0.11062,0.0950297,0.117743,0.131659,0.0786339,0.122262,0.0958976,0.118594,0.141428,0.116038,0.133961,0.0944474,0.143435,0.115288,0.157662,0.116374,0.156294,0.135849,0.166507,0.148082,0.150932,0.168984,0.181273,0.142717,0.182459,0.15525,0.211526,0.145268,0.18872,0.141358,0.205648,0.162844,0.191137,0.142358,0.169722,0.160892,0.168926,0.206605,0.184109,0.185588,0.176213,0.186266,0.208105,0.203034,0.187304,0.218968,0.213029,0.219873,0.201553,0.21634,0.225195,0.167578,0.236785,0.209947,0.22088,0.224029,0.243524,0.224397,0.22496,0.217917,0.253715,0.226261,0.247391,0.244404,0.247286,0.257639,0.232992,0.251291,0.209598,0.244069,0.246009,0.242856,0.257488,0.257776,0.256868,0.279751,0.251279,0.312018,0.875132,0.932447,0.956264,0.955414,0.962572,0.955277,0.972957,0.965938,0.986222,0.946129,0.970699,0.97769,0.979047,0.94047,0.89843,0.470901,0.45423,0.46026,0.434305,0.405784,0.411643,0.422559,0.432915,0.398797,0.414383,0.447151,0.407756,0.423531,0.431045,0.401651,0.438428,0.419654,0.416003,0.433741,0.436635,0.426171,0.423779,0.440657,0.43257,0.422012,0.431255,0.435863,0.431345,0.419882,0.432734,0.44508,0.417727,0.429196,0.43536,0.435277,0.41963,0.412903,0.444006,0.404306,0.424807,0.436376,0.403779,0.448159,0.41679,0.399842,0.433161,0.42284,0.414768,0.407743,0.434403,0.464993,0.452639,0.475978,0.897877,0.94825,0.976332,0.985403,0.966212,0.954658,0.981261,0.969679,0.974437,0.958284,0.960689,0.956407,0.958608,0.935405,0.873801,0.31319,0.260461,0.27986,0.261466,0.265223,0.258721,0.248897,0.257815,0.238831,0.221017,0.253146,0.238632,0.259275,0.252952,0.247439,0.25011,0.223553,0.259697,0.215955,0.222508,0.237581,0.234152,0.23376,0.221716,0.218099,0.23423,0.176088,0.224537,0.214162,0.212904,0.218235,0.215432,0.224742,0.192662,0.200134,0.210351,0.194103,0.174526,0.1886,0.189148,0.216032,0.162449,0.16895,0.176922,0.137541,0.196914,0.173979,0.209472,0.138495,0.192152,0.156329,0.210392,0.15203,0.186504,0.145607,0.187046,0.171553,0.146852,0.152643,0.169741,0.140437,0.156879,0.123532,0.163615,0.11192,0.139811,0.103224,0.143576,0.113987,0.141334,0.12618,0.0948434,0.128994,0.0789804,0.138934,0.123548,0.0922253,0.109074,0.0617742,0.123554,0.0977749,0.0760474,0.1156,0.114771,0.111792,0.163437
0.0798489,0.092412,0.131732,0.0735374,0.14144,0.137901,0.100045,0.153288,0.110622,0.141226,0.159935,0.121185,0.151602,0.115709,0.11237,0.128748,0.127561,0.168247,0.115502,0.17516,0.133689,0.150659,0.155065,0.146917,0.118276,0.123471,0.111115,0.171085,0.133146,0.110144,0.153449,0.150963,0.14279,0.139004,0.135992,0.205965,0.108427,0.184703,0.155573,0.257172,0.178196,0.191231,0.188579,0.163201,0.190036,0.162193,0.216291,0.171324,0.21203,0.176804,0.178229,0.213873,0.174996,0.195298,0.203277,0.208985,0.201082,0.206066,0.226588,0.25572,0.210045,0.233245,0.218965,0.2077,0.218164,0.22912,0.253843,0.223876,0.215292,0.250568,0.220823,0.235611,0.247571,0.231079,0.241722,0.248293,0.277082,0.250108,0.234624,0.2423,0.235662,0.261085,0.264901,0.249518,0.325194,0.3461,0.854367,0.939222,0.973939,0.974731,0.970627,0.962547,0.970839,0.964033,0.952575,0.985666,0.983674,0.977912,0.897904,0.89537,0.497925,0.436073,0.435941,0.410146,0.401516,0.406687,0.446542,0.414005,0.415253,0.437552,0.435648,0.433282,0.432859,0.419898,0.446396,0.427095,0.428913,0.433905,0.42394,0.4577,0.430447,0.431403,0.430378,0.444779,0.433819,0.407884,0.440129,0.430582,0.400484,0.437429,0.434755,0.411468,0.435703,0.441765,0.435132,0.426375,0.437905,0.45176,0.42642,0.434773,0.434039,0.420862,0.455583,0.421713,0.425331,0.443195,0.428034,0.45352,0.404029,0.425813,0.436923,0.420973,0.392357,0.422071,0.428914,0.449416,0.495078,0.903039,0.899224,0.982758,0.983947,0.986799,0.955178,0.962349,0.973868,0.962599,0.972425,0.974263,0.978817,0.935275,0.857347,0.352768,0.322504,0.260938,0.268558,0.265791,0.240785,0.245868,0.242613,0.255898,0.274026,0.262414,0.237009,0.239061,0.248877,0.238938,0.220872,0.255719,0.209967,0.231228,0.254846,0.227208,0.227971,0.207232,0.224649,0.233966,0.218842,0.254434,0.229142,0.211106,0.199925,0.217821,0.20608,0.197205,0.17286,0.229157,0.174556,0.175711,0.215482,0.183909,0.214599,0.159835,0.202556,0.160514,0.191243,0.199542,0.181107,0.251875,0.160011,0.192851,0.116681,0.202427,0.138671,0.149652,0.1437,0.157058,0.146695,0.119337,0.142892,0.169967,0.112191,0.127642,0.124418,0.149207,0.153916,0.160899,0.142485,0.167319,0.112147,0.180418,0.128073,0.137819,0.108948,0.117853,0.155073,0.124689,0.159597,0.142939,0.121737,0.153274,0.104635,0.132953,0.144905,0.0778514,0.140253,0.0959258
0.143762,0.129951,0.176578,0.0641968,0.151664,0.120771,0.0673978,0.100821,0.109189,0.130899,0.116031,0.0772799,0.137408,0.108175,0.124012,0.136514,0.111196,0.119468,0.096523,0.131628,0.158394,0.126593,0.152458,0.155654,0.160069,0.18085,0.121562,0.158209,0.159211,0.14118,0.187652,0.15838,0.159446,0.194464,0.140978,0.190635,0.118313,0.174091,0.149711,0.198879,0.153291,0.166037,0.178221,0.178586,0.195103,0.176779,0.211663,0.174604,0.187094,0.199242,0.204882,0.228506,0.197639,0.212957,0.215375,0.199581,0.207654,0.219885,0.18975,0.238063,0.215004,0.229926,0.211599,0.23513,0.205947,0.217045,0.247852,0.249902,0.226706,0.243669,0.205766,0.221071,0.248506,0.233829,0.237404,0.24739,0.249902,0.264001,0.257345,0.256961,0.238703,0.241765,0.241264,0.347377,0.858099,0.928093,0.960211,0.932512,0.963048,0.955965,0.986738,0.954729,0.951358,0.966225,0.976475,0.946025,0.943535,0.918157,0.473253,0.460302,0.437157,0.424052,0.428723,0.419064,0.434386,0.410027,0.440735,0.420167,0.424433,0.422304,0.42909,0.437799,0.42938,0.433662,0.410163,0.43742,0.448178,0.405039,0.443088,0.442882,0.423651,0.448321,0.436148,0.433192,0.452478,0.429016,0.437013,0.451306,0.43215,0.455933,0.433996,0.431035,0.453544,0.433658,0.43768,0.442968,0.427034,0.4421,0.442786,0.409371,0.451136,0.432099,0.414941,0.439051,0.423354,0.446952,0.41948,0.433288,0.420629,0.426679,0.434707,0.419579,0.43148,0.431952,0.419345,0.437317,0.434478,0.464382,0.473978,0.923619,0.945064,0.948381,0.977101,0.972427,0.951899,0.954144,0.991048,0.959665,0.963792,0.931782,0.961285,0.930847,0.861824,0.346555,0.243872,0.249238,0.24221,0.26155,0.262043,0.271331,0.256308,0.247344,0.241388,0.240909,0.243559,0.22775,0.211023,0.242902,0.227422,0.258655,0.243641,0.219225,0.216669,0.229398,0.216674,0.231689,0.226325,0.230321,0.203345,0.218457,0.203514,0.213053,0.214573,0.216533,0.203898,0.235,0.198591,0.208957,0.193864,0.17321,0.209994,0.188532,0.197338,0.176509,0.180855,0.17719,0.149346,0.206142,0.157505,0.174013,0.1174,0.190774,0.157124,0.192841,0.15647,0.159673,0.195513,0.147589,0.157548,0.158139,0.129118,0.18565,0.162171,0.15621,0.156512,0.131905,0.153376,0.129487,0.114597,0.123129,0.112295,0.130533,0.130813,0.111906,0.149323,0.0748124,0.114656,0.140836,0.10702,0.104318,0.0690241,0.124676,0.156171,0.0777761,0.174386,0.122813
0.098724,0.0632591,0.124517,0.144975,0.108641,0.152941,0.088625,0.133035,0.131804,0.0974541,0.113059,0.0861644,0.149834,0.131688,0.139605,0.128231,0.114062,0.14391,0.130213,0.144211,0.136286,0.146431,0.119831,0.112879,0.149317,0.135185,0.122628,0.15696,0.153342,0.18649,0.155201,0.136486,0.172091,0.186019,0.170997,0.186106,0.141482,0.235326,0.157293,0.210879,0.127864,0.202101,0.179915,0.167057,0.196028,0.168779,0.223714,0.196255,0.185938,0.194658,0.177276,0.206574,0.194472,0.229977,0.223455,0.22034,0.211402,0.244033,0.203341,0.240466,0.228929,0.239666,0.220077,0.257093,0.243974,0.217302,0.241732,0.243949,0.243482,0.245777,0.237552,0.248698,0.241941,0.237907,0.231459,0.246416,0.25216,0.24254,0.243366,0.249503,0.268244,0.244531,0.336439,0.884809,0.946256,0.951074,0.968918,0.954125,0.94456,0.941391,0.964709,0.990896,0.981122,0.968099,0.942295,0.885035,0.484277,0.45169,0.436188,0.414536,0.411999,0.413657,0.404812,0.438633,0.409247,0.417357,0.420846,0.429878,0.430567,0.418051,0.434779,0.43471,0.421013,0.457545,0.426066,0.428703,0.422422,0.44056,0.440038,0.417147,0.439497,0.441303,0.433536,0.43147,0.44639,0.441973,0.436297,0.439914,0.445013,0.441239,0.435425,0.440172,0.44762,0.438129,0.430258,0.440797,0.438404,0.422642,0.436116,0.441858,0.429534,0.421754,0.429634,0.459544,0.42195,0.43391,0.437203,0.417886,0.432804,0.432195,0.426384,0.420263,0.410016,0.446563,0.400802,0.425561,0.403145,0.42778,0.428484,0.456908,0.481407,0.892216,0.938594,0.976843,0.982925,0.995838,0.970071,0.943666,0.948789,0.958751,0.964022,0.958527,0.950184,0.888207,0.337225,0.253253,0.268568,0.259802,0.244539,0.252071,0.256012,0.25244,0.234414,0.239923,0.242227,0.251989,0.237139,0.24766,0.252611,0.240376,0.243429,0.227455,0.242396,0.261694,0.230003,0.236576,0.233648,0.243668,0.210889,0.236199,0.227097,0.21845,0.222935,0.234284,0.200291,0.2095,0.176313,0.206697,0.185085,0.197151,0.230924,0.173224,0.195985,0.168224,0.191502,0.196708,0.131111,0.220535,0.159663,0.237516,0.140178,0.195806,0.176445,0.179378,0.179907,0.146124,0.154917,0.19152,0.148136,0.166815,0.130859,0.134872,0.150984,0.114604,0.12441,0.148367,0.1386,0.15425,0.136405,0.13788,0.113256,0.139594,0.144375,0.140203,0.142893,0.0862003,0.120925,0.099746,0.134356,0.135207,0.0997402,0.154164,0.114332,0.138225,0.120694,0.0701346
0.121435,0.0930627,0.140963,0.174562,0.088601,0.135656,0.13864,0.0969519,0.12985,0.0631615,0.135043,0.123695,0.122471,0.137396,0.108164,0.135294,0.0928269,0.139832,0.119468,0.137861,0.16189,0.16944,0.166929,0.120217,0.147963,0.143633,0.139308,0.149325,0.13285,0.159654,0.169048,0.154586,0.143181,0.163074,0.136529,0.161896,0.156966,0.198914,0.172689,0.17707,0.141879,0.20686,0.217446,0.166575,0.193809,0.173705,0.197085,0.202624,0.192781,0.211591,0.179201,0.21411,0.209463,0.204006,0.218179,0.212963,0.233228,0.216584,0.205511,0.216263,0.24056,0.213228,0.201154,0.220028,0.224566,0.223701,0.240796,0.227654,0.26191,0.244811,0.239679,0.270363,0.252142,0.226743,0.24088,0.226738,0.259303,0.25947,0.257348,0.262579,0.285162,0.339881,0.840361,0.932439,0.95125,0.968088,0.955659,0.981791,0.958504,0.979347,0.945953,0.955892,0.963942,0.879409,0.496596,0.462916,0.423474,0.402187,0.427816,0.404454,0.438559,0.426451,0.425194,0.410471,0.422752,0.446658,0.412043,0.427305,0.429346,0.421582,0.439454,0.438711,0.425267,0.420836,0.441874,0.427407,0.434339,0.436993,0.44311,0.442483,0.447515,0.433602,0.440613,0.462468,0.435042,0.432943,0.451973,0.431381,0.431609,0.437285,0.44849,0.429835,0.431251,0.466938,0.442514,0.431404,0.45031,0.444957,0.437421,0.440186,0.436729,0.427555,0.441526,0.426117,0.427059,0.436448,0.443013,0.422847,0.434766,0.424124,0.419618,0.448544,0.428873,0.40674,0.43023,0.430202,0.43535,0.407994,0.430126,0.403901,0.423514,0.466797,0.496609,0.886724,0.956904,0.968681,0.945319,0.984082,0.963761,0.988407,0.955238,0.978685,0.952273,0.938644,0.84522,0.346899,0.286144,0.269617,0.258604,0.266483,0.260741,0.232214,0.241592,0.232589,0.249596,0.277454,0.2407,0.249321,0.264936,0.228778,0.247294,0.22337,0.227211,0.226233,0.202069,0.217164,0.247138,0.216133,0.209593,0.219863,0.244088,0.209794,0.222613,0.212785,0.208909,0.215131,0.188508,0.21491,0.188333,0.209026,0.202579,0.176754,0.195302,0.172288,0.221241,0.205889,0.145374,0.185906,0.167141,0.205281,0.162584,0.165462,0.137698,0.160107,0.15629,0.152672,0.171402,0.163419,0.13917,0.157313,0.136428,0.144214,0.155025,0.122261,0.171059,0.170178,0.166171,0.143362,0.114154,0.139844,0.107258,0.13837,0.108147,0.137858,0.125691,0.127886,0.144121,0.0638045,0.129528,0.10567,0.135977,0.139161,0.0911857,0.169809,0.15327,0.108494
0.110938,0.092569,0.0781149,0.13327,0.0595434,0.142118,0.130322,0.120825,0.126203,0.100856,0.129713,0.129368,0.103091,0.14922,0.119685,0.156012,0.155086,0.151367,0.165578,0.135185,0.150864,0.141526,0.137357,0.154056,0.149126,0.145056,0.175613,0.138012,0.14062,0.163612,0.154347,0.146147,0.172998,0.169044,0.178589,0.167726,0.174123,0.208529,0.140872,0.191589,0.149406,0.208724,0.190678,0.191361,0.212714,0.167616,0.21133,0.185913,0.174626,0.208356,0.194986,0.227883,0.183722,0.23042,0.179951,0.218203,0.217554,0.258169,0.222211,0.219932,0.251306,0.236457,0.220495,0.243658,0.221056,0.214183,0.242871,0.214741,0.242717,0.240903,0.236113,0.262906,0.253956,0.267399,0.277187,0.244791,0.240285,0.247486,0.261737,0.253175,0.357767,0.888809,0.966249,0.958524,0.940102,0.949016,0.955311,0.944469,0.951476,0.974076,0.965835,0.944236,0.909702,0.474469,0.402073,0.426618,0.421361,0.411005,0.415815,0.429207,0.421272,0.425919,0.430435,0.431895,0.40622,0.429962,0.436531,0.438995,0.422273,0.436635,0.429552,0.439967,0.441634,0.422461,0.444382,0.425685,0.441214,0.463788,0.417087,0.443899,0.451313,0.429141,0.433999,0.445788,0.439875,0.441723,0.449249,0.446298,0.438136,0.449902,0.451942,0.434303,0.439334,0.444358,0.438791,0.426766,0.45556,0.450357,0.410044,0.470745,0.440217,0.426714,0.444795,0.425994,0.443911,0.435987,0.438803,0.431625,0.434583,0.43389,0.443892,0.427662,0.412179,0.427833,0.435842,0.420656,0.425715,0.42807,0.418251,0.414896,0.420162,0.433038,0.400712,0.484362,0.902439,0.957751,0.959198,0.982473,0.955621,0.949466,0.956486,0.959893,0.939307,0.968282,0.971376,0.893909,0.360968,0.265249,0.257317,0.257794,0.23941,0.254009,0.271008,0.275045,0.255105,0.265808,0.232979,0.25284,0.243638,0.217846,0.249596,0.216095,0.225516,0.244302,0.226365,0.235384,0.258472,0.222125,0.231284,0.258769,0.219432,0.215798,0.194526,0.225712,0.190833,0.229475,0.200224,0.207181,0.177067,0.196949,0.212677,0.167117,0.21889,0.197415,0.194025,0.210417,0.15666,0.191517,0.135397,0.220033,0.177854,0.171311,0.175689,0.176158,0.183577,0.141157,0.158458,0.168122,0.147822,0.140412,0.173518,0.155046,0.154014,0.15319,0.142042,0.143223,0.156133,0.136778,0.170018,0.157404,0.160722,0.155592,0.118579,0.154526,0.110063,0.134747,0.12837,0.0984388,0.130328,0.12198,0.135086,0.144452,0.0625098,0.141237,0.0818989,0.0893869
0.114281,0.146749,0.0736499,0.139129,0.137208,0.11729,0.150935,0.107826,0.142143,0.116228,0.118607,0.129494,0.0918208,0.113121,0.104337,0.111102,0.115242,0.128342,0.134719,0.11696,0.150256,0.139173,0.168301,0.154733,0.137274,0.129363,0.152915,0.151255,0.186439,0.144952,0.158798,0.137393,0.181852,0.168207,0.143569,0.172848,0.162504,0.197551,0.13696,0.199761,0.178348,0.214077,0.185834,0.174757,0.19343,0.18278,0.2139,0.210986,0.166677,0.205587,0.207246,0.214623,0.205105,0.220728,0.225436,0.196218,0.196252,0.20212,0.238745,0.204402,0.240653,0.235148,0.233283,0.250798,0.23885,0.219243,0.258785,0.219224,0.243272,0.220792,0.252392,0.253102,0.247679,0.234895,0.263318,0.242726,0.254202,0.25723,0.312935,0.352519,0.869131,0.936228,0.96771,0.970241,0.955502,0.957513,0.972015,0.954807,0.949178,0.956091,0.908917,0.489546,0.45146,0.426698,0.40365,0.430608,0.422657,0.450492,0.416156,0.417539,0.429678,0.431395,0.428291,0.433579,0.448175,0.413485,0.432211,0.441454,0.423267,0.463759,0.414951,0.424062,0.449676,0.459096,0.432212,0.444777,0.436392,0.444733,0.454234,0.434642,0.444059,0.463804,0.453422,0.436891,0.456702,0.446155,0.426671,0.447397,0.436231,0.445548,0.434397,0.438756,0.457265,0.439717,0.452913,0.46257,0.445759,0.438242,0.450686,0.446774,0.440219,0.442485,0.436626,0.459216,0.451686,0.419937,0.42558,0.46281,0.429973,0.441912,0.435943,0.410392,0.451966,0.430103,0.435882,0.427387,0.437246,0.418833,0.418516,0.453195,0.423105,0.43451,0.402573,0.431173,0.453429,0.496024,0.909414,0.961287,0.950207,0.960724,0.975682,0.963571,0.953772,0.981881,0.967806,0.94109,0.875177,0.360629,0.314012,0.266213,0.254866,0.250185,0.260453,0.242924,0.243731,0.257812,0.254468,0.226862,0.24002,0.233473,0.25569,0.224985,0.242966,0.258098,0.232255,0.242552,0.244855,0.202216,0.248632,0.201958,0.20262,0.201523,0.227066,0.220951,0.212567,0.220435,0.209255,0.205748,0.176917,0.21276,0.214457,0.187113,0.198376,0.177718,0.18489,0.221743,0.183799,0.196583,0.14519,0.206219,0.158633,0.173811,0.146189,0.183019,0.176981,0.135359,0.173623,0.147228,0.187166,0.150641,0.161825,0.136872,0.131941,0.155766,0.175868,0.142787,0.15315,0.119192,0.135104,0.132819,0.114157,0.111854,0.113659,0.114449,0.0947693,0.134899,0.113638,0.120932,0.151918,0.116533,0.147418,0.121434,0.134801,0.142963,0.0811482,0.138806
0.0846844,0.118884,0.0717881,0.0998899,0.156821,0.0579586,0.140953,0.101342,0.125548,0.112098,0.105168,0.113949,0.106035,0.169957,0.143229,0.165077,0.144939,0.118647,0.134532,0.129504,0.145335,0.123529,0.154808,0.15534,0.136552,0.129463,0.155546,0.135959,0.156238,0.163667,0.17025,0.141477,0.196751,0.137311,0.155759,0.166123,0.190468,0.184542,0.107448,0.190891,0.16937,0.239039,0.208868,0.180171,0.201948,0.174936,0.186764,0.197936,0.189429,0.223557,0.186649,0.221593,0.198313,0.211906,0.212914,0.248768,0.205106,0.220536,0.243579,0.214183,0.211301,0.228819,0.228375,0.232716,0.227095,0.226422,0.239449,0.248118,0.240673,0.235504,0.235151,0.249586,0.242831,0.261534,0.252719,0.248471,0.261538,0.339061,0.846775,0.9052,0.968401,0.946675,0.964252,0.952845,0.96619,0.950141,0.970649,0.960451,0.94542,0.873365,0.48362,0.415909,0.423383,0.408004,0.441785,0.414152,0.400732,0.431623,0.423251,0.427104,0.424456,0.437045,0.411892,0.428723,0.43985,0.419328,0.455342,0.4212,0.414383,0.434613,0.457026,0.417675,0.431502,0.451364,0.436385,0.429892,0.445559,0.441652,0.445158,0.459308,0.426377,0.456921,0.439998,0.445241,0.455071,0.421075,0.469994,0.465102,0.417251,0.469334,0.471073,0.426264,0.449995,0.450142,0.439933,0.451859,0.433656,0.458593,0.444482,0.443329,0.451404,0.426559,0.437661,0.453757,0.434516,0.41593,0.456907,0.443991,0.409096,0.43074,0.450416,0.420359,0.441392,0.43255,0.413739,0.438943,0.426378,0.435438,0.422961,0.440121,0.399656,0.420108,0.443483,0.412584,0.422999,0.420794,0.48696,0.879278,0.945301,0.967854,0.972213,0.955196,0.96785,0.961926,0.961363,0.956217,0.970057,0.907448,0.851353,0.345366,0.260556,0.252638,0.256811,0.268965,0.23936,0.25864,0.235491,0.237016,0.244419,0.254888,0.236437,0.235966,0.226156,0.239045,0.228015,0.238572,0.209014,0.222351,0.245722,0.217322,0.214137,0.249564,0.221053,0.209192,0.206146,0.221326,0.194277,0.228057,0.195249,0.19722,0.189513,0.18391,0.20197,0.179971,0.219882,0.238207,0.174853,0.186587,0.122709,0.181233,0.190784,0.175166,0.161493,0.139771,0.189552,0.153291,0.17853,0.158067,0.16307,0.141722,0.163673,0.121881,0.139902,0.167941,0.156723,0.122475,0.150023,0.127551,0.14015,0.127777,0.14759,0.165781,0.149296,0.173675,0.108925,0.110827,0.113759,0.122403,0.125506,0.0962542,0.143753,0.0594235,0.166914,0.108083,0.0720377,0.119543
0.0880952,0.126647,0.141509,0.108715,0.121383,0.0724788,0.12761,0.134572,0.149795,0.154687,0.0968238,0.135189,0.115498,0.129873,0.143536,0.100017,0.140845,0.129648,0.151253,0.157317,0.154121,0.133409,0.148656,0.131163,0.136284,0.138979,0.156565,0.132974,0.163815,0.133324,0.180471,0.142732,0.175924,0.144882,0.160146,0.189561,0.183217,0.201291,0.14567,0.205887,0.176832,0.217626,0.214228,0.190486,0.208664,0.198042,0.195909,0.210599,0.19469,0.236652,0.207289,0.236228,0.209506,0.200933,0.232289,0.22275,0.216015,0.205218,0.26776,0.2295,0.22837,0.238202,0.25498,0.239436,0.245379,0.249955,0.231323,0.227159,0.255381,0.234442,0.253708,0.239367,0.244296,0.260324,0.255628,0.236344,0.36181,0.873523,0.969137,0.945841,0.956893,0.959429,0.960421,0.962946,0.961476,0.958376,0.95703,0.882647,0.491875,0.432645,0.413382,0.421154,0.424262,0.401953,0.438009,0.412147,0.428075,0.406053,0.431046,0.425765,0.439456,0.453168,0.425269,0.424742,0.440715,0.440089,0.424014,0.439686,0.452561,0.438878,0.434517,0.447765,0.439715,0.435863,0.440757,0.46722,0.446198,0.439838,0.459474,0.444934,0.44488,0.453403,0.431898,0.4438,0.462841,0.454476,0.444409,0.448211,0.476407,0.452084,0.446093,0.459172,0.457501,0.451034,0.432135,0.448801,0.45206,0.445709,0.462762,0.438512,0.451997,0.466358,0.44067,0.438031,0.444667,0.447759,0.434415,0.444684,0.447938,0.447489,0.420303,0.443804,0.446122,0.424328,0.433598,0.454806,0.440482,0.432633,0.42942,0.412091,0.429213,0.41436,0.444338,0.405944,0.427114,0.426827,0.415688,0.438921,0.494881,0.890389,0.958569,0.967016,0.96369,0.965838,0.96267,0.967462,0.957274,0.951151,0.969958,0.877044,0.35935,0.243278,0.255541,0.262529,0.248834,0.246647,0.256841,0.239332,0.259731,0.230465,0.233387,0.260856,0.242528,0.246677,0.255706,0.244549,0.229057,0.239771,0.263465,0.21452,0.224497,0.218444,0.234336,0.210656,0.216574,0.232506,0.210322,0.240904,0.197494,0.215723,0.200261,0.197698,0.215154,0.198847,0.213533,0.219297,0.178439,0.216385,0.152183,0.19402,0.192257,0.193241,0.165108,0.14354,0.180329,0.155385,0.170538,0.140659,0.171854,0.135193,0.15372,0.143524,0.144299,0.134482,0.144672,0.137248,0.159298,0.165388,0.155001,0.129231,0.139214,0.10531,0.147662,0.130443,0.11981,0.139607,0.0988789,0.157729,0.145287,0.13531,0.142174,0.0794757,0.125446,0.104317,0.135759,0.132823
0.0830037,0.118923,0.115791,0.0844814,0.0929301,0.125478,0.0925654,0.130858,0.0749559,0.135839,0.119934,0.142156,0.136885,0.124097,0.147048,0.117105,0.132764,0.106547,0.107379,0.121777,0.137275,0.172427,0.149106,0.168889,0.174859,0.122013,0.162923,0.151193,0.184325,0.162994,0.157784,0.155859,0.18034,0.142577,0.19647,0.203188,0.159068,0.169806,0.165378,0.222688,0.178335,0.204402,0.197018,0.169637,0.207383,0.155937,0.198095,0.219386,0.211988,0.211064,0.194601,0.225517,0.205612,0.223035,0.216907,0.218373,0.21807,0.193623,0.238245,0.23258,0.229775,0.225931,0.225537,0.238459,0.214813,0.279651,0.268376,0.253298,0.247169,0.230219,0.241093,0.240095,0.243099,0.255931,0.258932,0.338213,0.85969,0.93983,0.964825,0.961314,0.944914,0.961648,0.962773,0.954344,0.945471,0.938122,0.885961,0.482856,0.416901,0.427294,0.419186,0.399566,0.416425,0.427251,0.415737,0.427416,0.433319,0.410703,0.423861,0.418358,0.423115,0.432209,0.448771,0.434053,0.414846,0.433195,0.450413,0.439978,0.444384,0.420682,0.447495,0.447158,0.447023,0.445274,0.437458,0.444343,0.442583,0.456628,0.449947,0.434379,0.448162,0.463244,0.451384,0.443873,0.464224,0.463618,0.443715,0.45195,0.462811,0.450748,0.451228,0.461252,0.461507,0.44988,0.450396,0.46376,0.448968,0.435452,0.453441,0.454058,0.448249,0.441309,0.44091,0.44496,0.453878,0.444404,0.451885,0.423968,0.444824,0.44442,0.447302,0.437322,0.422162,0.433497,0.455668,0.435484,0.42921,0.422481,0.426923,0.414531,0.434673,0.427858,0.42107,0.430531,0.414086,0.411635,0.413727,0.43951,0.418287,0.488312,0.888839,0.946421,0.948937,0.963372,0.962678,0.970165,0.945405,0.971873,0.961869,0.947576,0.85791,0.343111,0.256009,0.267035,0.240404,0.24815,0.243178,0.238655,0.246864,0.260957,0.271945,0.287026,0.211699,0.248528,0.225608,0.232808,0.230268,0.23585,0.240158,0.208235,0.211389,0.226203,0.224423,0.228249,0.203265,0.230523,0.205492,0.211137,0.212945,0.229265,0.19878,0.166733,0.204646,0.174527,0.197036,0.214338,0.183251,0.222065,0.166436,0.169828,0.174514,0.200266,0.199865,0.140066,0.192189,0.156238,0.158334,0.173089,0.185319,0.151876,0.166225,0.129359,0.179751,0.168547,0.152414,0.177984,0.141722,0.120417,0.11275,0.10091,0.141008,0.131314,0.14488,0.126725,0.140613,0.14608,0.122649,0.13489,0.0841404,0.145179,0.0905454,0.11903,0.0895995,0.08535,0.124072,0.134724
0.13644,0.109396,0.165984,0.0793988,0.118003,0.116571,0.093285,0.134007,0.0995397,0.135503,0.130276,0.138362,0.103356,0.104271,0.144489,0.126614,0.142065,0.157078,0.145533,0.134093,0.143192,0.129126,0.147476,0.13047,0.142545,0.134209,0.15888,0.149144,0.192724,0.147841,0.198102,0.153179,0.180701,0.126278,0.196393,0.196802,0.157751,0.149714,0.187074,0.19884,0.178562,0.210573,0.207669,0.187076,0.197159,0.19731,0.168945,0.223427,0.202242,0.230191,0.202866,0.216976,0.213959,0.223151,0.23548,0.22752,0.248668,0.223159,0.212864,0.206368,0.245454,0.226679,0.244679,0.251691,0.21605,0.211839,0.236731,0.240741,0.271634,0.246636,0.261632,0.251702,0.264151,0.241805,0.33829,0.861606,0.936478,0.936265,0.938823,0.969779,0.953888,0.955922,0.961783,0.976384,0.900864,0.472424,0.444534,0.419261,0.385899,0.437472,0.427494,0.428739,0.410541,0.428181,0.408881,0.42516,0.440337,0.434608,0.430376,0.434712,0.44283,0.43532,0.42609,0.433207,0.452409,0.445578,0.414553,0.462569,0.445443,0.446514,0.445804,0.447938,0.450817,0.452166,0.457438,0.467132,0.444868,0.443315,0.462073,0.46036,0.440604,0.456234,0.45375,0.45302,0.458569,0.455013,0.455735,0.459898,0.45669,0.464228,0.457486,0.458509,0.458671,0.449398,0.458927,0.457393,0.438388,0.463045,0.460798,0.44384,0.449246,0.465055,0.458724,0.456002,0.452146,0.449775,0.44755,0.44527,0.452674,0.458357,0.423456,0.442807,0.459833,0.4338,0.434528,0.430643,0.452271,0.430427,0.442713,0.430717,0.447793,0.422402,0.418094,0.431003,0.415225,0.431651,0.427494,0.44785,0.380114,0.43214,0.445458,0.477188,0.902626,0.985446,0.963118,0.964967,0.955445,0.976387,0.939965,0.944181,0.935882,0.872994,0.333771,0.247607,0.270267,0.257024,0.260247,0.255618,0.270771,0.25023,0.232759,0.220189,0.217322,0.257785,0.243818,0.236667,0.242467,0.216336,0.215025,0.225883,0.247648,0.23715,0.236562,0.227793,0.215575,0.227329,0.200188,0.232555,0.216834,0.218667,0.170903,0.199367,0.204463,0.193471,0.209175,0.219968,0.172176,0.210711,0.185962,0.16274,0.156892,0.195881,0.199644,0.132843,0.189366,0.148323,0.204004,0.152698,0.19275,0.153287,0.16358,0.144155,0.1427,0.127076,0.153591,0.13869,0.142325,0.139471,0.147292,0.163736,0.153319,0.122423,0.144446,0.109442,0.108788,0.140429,0.136824,0.136239,0.104044,0.136172,0.0860973,0.119605,0.127594,0.0929101,0.175503,0.10156
0.103313,0.0812878,0.13662,0.128963,0.122355,0.121207,0.0987035,0.133462,0.116508,0.127049,0.13916,0.131007,0.16642,0.142536,0.149156,0.128613,0.132836,0.118568,0.128315,0.123168,0.173244,0.159526,0.152608,0.170953,0.157947,0.150439,0.172671,0.14305,0.167347,0.15354,0.164237,0.179745,0.187261,0.143747,0.190861,0.14159,0.172854,0.17941,0.212678,0.207473,0.178528,0.186857,0.181298,0.175728,0.215067,0.191787,0.211601,0.216636,0.197228,0.208941,0.215741,0.220087,0.218265,0.213221,0.202558,0.214138,0.229207,0.234636,0.230124,0.217231,0.232271,0.227341,0.232039,0.256295,0.250099,0.250701,0.233888,0.2256,0.252228,0.252351,0.22891,0.24359,0.261575,0.359461,0.863763,0.974993,0.951907,0.945909,0.959844,0.944575,0.962975,0.95563,0.934188,0.902103,0.487264,0.420483,0.423979,0.42028,0.404803,0.408013,0.436572,0.424015,0.430869,0.440872,0.407821,0.420474,0.406474,0.433726,0.430798,0.431996,0.42534,0.426131,0.448851,0.433192,0.452707,0.431167,0.427336,0.447026,0.425693,0.438852,0.457385,0.46334,0.429349,0.441461,0.462763,0.454111,0.454345,0.448053,0.458103,0.459464,0.45675,0.471714,0.447794,0.458676,0.470995,0.458965,0.452534,0.450378,0.450125,0.454953,0.453382,0.463314,0.470536,0.45332,0.453976,0.467272,0.46067,0.462067,0.455614,0.453174,0.453329,0.457731,0.463618,0.440683,0.434915,0.46132,0.465427,0.43755,0.43137,0.445588,0.433178,0.434087,0.454571,0.437691,0.448912,0.431471,0.429614,0.429831,0.439219,0.430183,0.413461,0.418825,0.416991,0.441135,0.441613,0.424847,0.444474,0.410814,0.407337,0.42772,0.42205,0.427885,0.487778,0.904289,0.938851,0.960269,0.963134,0.954364,0.95905,0.948701,0.951982,0.979318,0.866272,0.367057,0.26268,0.250798,0.235188,0.25708,0.250471,0.235192,0.235222,0.255326,0.251196,0.267526,0.229232,0.234264,0.230108,0.227432,0.230183,0.24176,0.226557,0.221916,0.203056,0.216508,0.225127,0.22378,0.22104,0.215999,0.197624,0.214474,0.219346,0.200884,0.213764,0.176277,0.184872,0.192594,0.181326,0.214707,0.210605,0.184574,0.172295,0.149507,0.19941,0.146129,0.184588,0.182213,0.176495,0.156384,0.16585,0.149709,0.182221,0.143661,0.157704,0.179477,0.160302,0.161395,0.169004,0.125183,0.135324,0.122364,0.133265,0.123627,0.161004,0.149432,0.165504,0.129124,0.144183,0.129689,0.122401,0.132338,0.105096,0.134316,0.125096,0.127382,0.129366,0.0814299
0.117446,0.103039,0.103543,0.163895,0.101138,0.145601,0.0901327,0.122525,0.14527,0.101685,0.135615,0.0921471,0.111494,0.119888,0.144121,0.133932,0.159422,0.177515,0.156187,0.162834,0.125429,0.137966,0.168239,0.163205,0.147124,0.138641,0.140656,0.142387,0.171899,0.165575,0.183453,0.152843,0.182305,0.170511,0.241195,0.153734,0.162414,0.1814,0.194757,0.193449,0.184789,0.209126,0.193491,0.199045,0.194907,0.202969,0.187467,0.244591,0.217801,0.230358,0.222463,0.226561,0.228098,0.227471,0.213793,0.225144,0.221669,0.231263,0.239087,0.231592,0.232964,0.218688,0.229464,0.221752,0.240353,0.245327,0.248149,0.235486,0.250752,0.244886,0.278507,0.251665,0.334719,0.863225,0.929013,0.963732,0.956224,0.943766,0.959704,0.944528,0.961516,0.966154,0.897587,0.450478,0.437483,0.40351,0.435154,0.403577,0.419987,0.407099,0.403982,0.431831,0.422062,0.430839,0.433273,0.437598,0.446947,0.421323,0.416777,0.443944,0.453986,0.446931,0.44619,0.4276,0.453459,0.431874,0.440027,0.457105,0.466268,0.439263,0.447706,0.454234,0.462048,0.45058,0.457944,0.435962,0.45707,0.48076,0.444369,0.444835,0.467779,0.457071,0.455976,0.46567,0.439678,0.482475,0.466694,0.447167,0.483604,0.445561,0.466368,0.478608,0.445109,0.461977,0.458511,0.460075,0.467532,0.442324,0.450386,0.480674,0.457427,0.437681,0.460052,0.45461,0.465362,0.453047,0.451432,0.441706,0.466476,0.461271,0.441539,0.435171,0.452095,0.435132,0.444752,0.451317,0.45512,0.450438,0.419013,0.425639,0.450622,0.440134,0.443541,0.424297,0.435044,0.426105,0.416543,0.40293,0.427448,0.410478,0.436454,0.412788,0.432841,0.458966,0.897647,0.971242,0.960402,0.947585,0.960986,0.950926,0.951758,0.96716,0.933097,0.868741,0.342097,0.255466,0.283211,0.253143,0.25835,0.236996,0.251807,0.251778,0.244021,0.224168,0.234843,0.222092,0.234928,0.237739,0.236632,0.234384,0.233013,0.228226,0.216861,0.230045,0.23125,0.229091,0.225936,0.237243,0.218613,0.250039,0.200286,0.195347,0.202413,0.201513,0.204191,0.208873,0.187583,0.19928,0.198979,0.190203,0.160855,0.160591,0.23507,0.178238,0.186977,0.164056,0.181071,0.162364,0.179471,0.152221,0.137929,0.142614,0.154722,0.168034,0.170134,0.13198,0.135435,0.172637,0.157105,0.180299,0.161559,0.141941,0.155356,0.109713,0.11383,0.0993513,0.14001,0.111519,0.145466,0.123708,0.0961144,0.145237,0.0980815,0.165579,0.108695,0.115585
0.116891,0.102036,0.101428,0.123126,0.0828923,0.107925,0.12247,0.0995867,0.133337,0.113492,0.132784,0.154169,0.165993,0.135905,0.12422,0.142149,0.0962842,0.111851,0.126011,0.15699,0.129245,0.150893,0.147961,0.159122,0.161365,0.142012,0.173223,0.174771,0.174253,0.179663,0.170872,0.153113,0.1446,0.148991,0.21411,0.146211,0.185132,0.205495,0.200056,0.195654,0.133408,0.207779,0.205725,0.18463,0.196876,0.200176,0.200594,0.194013,0.213677,0.209106,0.218243,0.21252,0.239678,0.234062,0.22318,0.224784,0.229933,0.236471,0.237674,0.237582,0.223745,0.234745,0.257034,0.240702,0.247103,0.247679,0.256456,0.255615,0.22909,0.229092,0.250573,0.301664,0.856976,0.937313,0.966486,0.948548,0.963653,0.942884,0.974503,0.95051,0.949173,0.893741,0.489839,0.395614,0.404316,0.406981,0.41214,0.430201,0.429723,0.421636,0.432995,0.418249,0.413587,0.431766,0.428685,0.402671,0.441272,0.433485,0.427347,0.438643,0.446021,0.426141,0.44051,0.454931,0.435737,0.423742,0.459355,0.44377,0.442766,0.463054,0.449961,0.446795,0.455434,0.448803,0.455575,0.469712,0.432114,0.489413,0.469125,0.449888,0.481356,0.452676,0.469872,0.458806,0.450708,0.470471,0.472852,0.465255,0.45588,0.465818,0.470581,0.468822,0.456464,0.455101,0.470557,0.461573,0.479398,0.446284,0.475223,0.487482,0.436244,0.475499,0.451983,0.453729,0.458134,0.446293,0.454026,0.464411,0.440185,0.45373,0.451816,0.437849,0.427445,0.464114,0.441624,0.428974,0.444371,0.446263,0.423528,0.446156,0.437999,0.408994,0.433365,0.431974,0.422733,0.412781,0.442529,0.420108,0.433103,0.43234,0.415169,0.414311,0.407048,0.403256,0.492338,0.899446,0.949565,0.958873,0.971492,0.951146,0.966584,0.955326,0.965106,0.942499,0.856917,0.312096,0.251729,0.232102,0.234015,0.261235,0.261159,0.249779,0.252057,0.24388,0.262099,0.239764,0.230578,0.243809,0.242131,0.241428,0.229192,0.230588,0.225139,0.243487,0.240041,0.213531,0.225818,0.210054,0.219952,0.202852,0.205178,0.198829,0.208839,0.183873,0.212683,0.201236,0.148843,0.196668,0.205445,0.203833,0.192039,0.146216,0.224476,0.153999,0.147941,0.152096,0.17291,0.186877,0.182574,0.176794,0.171679,0.146009,0.163291,0.166416,0.147637,0.151711,0.141694,0.155354,0.125509,0.119719,0.100782,0.146748,0.117764,0.13887,0.178896,0.158846,0.133673,0.109663,0.13488,0.10468,0.126353,0.111023,0.0872163,0.130423,0.109456,0.101037
0.118629,0.125982,0.0881645,0.0989282,0.137135,0.144468,0.160315,0.0990343,0.152866,0.0984768,0.135575,0.137804,0.113212,0.128326,0.124551,0.156836,0.150233,0.142543,0.118033,0.148207,0.159997,0.137861,0.147356,0.166671,0.135418,0.166728,0.135747,0.182103,0.1417,0.164276,0.157143,0.172878,0.181473,0.179329,0.201103,0.141672,0.203711,0.202612,0.197806,0.189273,0.174629,0.200501,0.209612,0.204814,0.188005,0.211868,0.200174,0.214743,0.222039,0.221315,0.215033,0.210554,0.220768,0.242217,0.216338,0.221395,0.204971,0.234056,0.241846,0.235518,0.241216,0.221353,0.241837,0.247842,0.251507,0.220633,0.244213,0.270005,0.272896,0.249399,0.248988,0.340188,0.908398,0.941003,0.945307,0.954212,0.959031,0.959381,0.962286,0.956108,0.892687,0.484393,0.422977,0.409363,0.417345,0.410266,0.418056,0.418428,0.420109,0.436448,0.425317,0.438263,0.427777,0.430009,0.438383,0.430907,0.461341,0.440237,0.415694,0.445483,0.448291,0.443376,0.439242,0.455321,0.47081,0.452069,0.447165,0.441216,0.446067,0.476475,0.479065,0.439691,0.462485,0.451519,0.464537,0.461179,0.460708,0.452397,0.445425,0.485256,0.453423,0.454178,0.473811,0.460181,0.488612,0.463873,0.459062,0.473905,0.447969,0.47519,0.457078,0.467527,0.490202,0.458694,0.475566,0.459026,0.452938,0.484422,0.443907,0.455084,0.466629,0.461601,0.467385,0.455192,0.460842,0.44433,0.476788,0.480913,0.449812,0.443987,0.447211,0.458926,0.467679,0.461761,0.440978,0.446901,0.449143,0.451245,0.416851,0.445776,0.463491,0.434006,0.439492,0.430279,0.431548,0.440372,0.428219,0.435774,0.426421,0.423954,0.417873,0.414973,0.42183,0.414603,0.427551,0.490992,0.894918,0.962536,0.961727,0.970381,0.956968,0.964542,0.951224,0.943506,0.915734,0.346299,0.250673,0.255135,0.276433,0.273272,0.251405,0.223417,0.257248,0.251251,0.246801,0.222136,0.252762,0.23264,0.25097,0.240845,0.210389,0.220918,0.223278,0.241055,0.228622,0.220129,0.213318,0.221476,0.228667,0.221133,0.197504,0.218204,0.194233,0.20512,0.217379,0.206699,0.17823,0.184999,0.203386,0.208713,0.210729,0.143826,0.202853,0.18074,0.182419,0.179362,0.165558,0.167252,0.141814,0.178927,0.140946,0.181306,0.138508,0.166575,0.142486,0.15044,0.16288,0.147462,0.124135,0.146705,0.154031,0.156538,0.129544,0.135686,0.119264,0.131396,0.134262,0.108262,0.158775,0.112967,0.157201,0.147598,0.136631,0.103795,0.0869375,0.127077
0.112672,0.11933,0.0976378,0.127991,0.137245,0.104182,0.114991,0.0861927,0.124177,0.147045,0.127145,0.141129,0.156404,0.143839,0.112365,0.12852,0.134112,0.17411,0.150627,0.138996,0.143299,0.156505,0.128105,0.166996,0.144286,0.15206,0.128252,0.190619,0.149786,0.182245,0.143101,0.186047,0.166443,0.156152,0.19764,0.134057,0.19843,0.20965,0.183782,0.177265,0.168323,0.218234,0.194997,0.171697,0.201465,0.199006,0.201707,0.218771,0.247792,0.218897,0.213824,0.199991,0.223816,0.21795,0.23257,0.23192,0.214442,0.228398,0.226991,0.242507,0.240136,0.244661,0.226223,0.252576,0.258959,0.251845,0.245164,0.257834,0.247481,0.264569,0.346622,0.837481,0.961645,0.945742,0.95062,0.938561,0.954617,0.942698,0.953575,0.887158,0.493636,0.428641,0.395481,0.451811,0.404962,0.425978,0.407089,0.424218,0.42415,0.42673,0.4158,0.420876,0.445623,0.433033,0.418952,0.428651,0.423519,0.421146,0.444455,0.446824,0.431822,0.458348,0.44702,0.433031,0.434392,0.462774,0.446773,0.459604,0.444368,0.44848,0.436894,0.481542,0.455043,0.452496,0.46325,0.459208,0.478319,0.457653,0.454772,0.476351,0.455893,0.456615,0.474899,0.46837,0.456383,0.476434,0.465318,0.461496,0.46062,0.460066,0.463722,0.476442,0.457045,0.473117,0.47134,0.462595,0.461558,0.471702,0.455617,0.464122,0.480171,0.457077,0.469471,0.451383,0.458807,0.487615,0.432325,0.454943,0.446969,0.460157,0.453433,0.461806,0.44168,0.431271,0.451823,0.45973,0.436619,0.447016,0.452336,0.418444,0.434942,0.423255,0.428745,0.430649,0.448349,0.423295,0.417426,0.427192,0.430805,0.424504,0.411697,0.430111,0.408798,0.453558,0.400102,0.431157,0.500288,0.892346,0.949241,0.951013,0.954381,0.947115,0.953499,0.952346,0.967332,0.841086,0.352822,0.269868,0.251925,0.259658,0.253674,0.252359,0.266971,0.255502,0.234068,0.249254,0.24024,0.247888,0.234152,0.228748,0.220077,0.239695,0.237492,0.224934,0.22482,0.20211,0.2189,0.232348,0.245564,0.218759,0.203505,0.212947,0.202088,0.177227,0.194993,0.223527,0.170695,0.184556,0.193268,0.209601,0.196978,0.141244,0.200851,0.165118,0.171351,0.190133,0.143087,0.181086,0.155406,0.19659,0.142096,0.148245,0.141942,0.167424,0.140844,0.167041,0.135419,0.144366,0.161413,0.174625,0.135073,0.133977,0.116662,0.149135,0.152208,0.148083,0.137646,0.153476,0.126588,0.0856206,0.11393,0.103243,0.147118,0.132505,0.100707,0.126296
0.0867754,0.143348,0.113847,0.0983178,0.100189,0.0997729,0.137597,0.150421,0.142888,0.149741,0.108437,0.109082,0.10712,0.16708,0.152122,0.133086,0.150951,0.142336,0.100219,0.16694,0.165624,0.174633,0.180674,0.154485,0.155238,0.182261,0.133519,0.185736,0.152001,0.185525,0.167662,0.184923,0.177476,0.182658,0.203122,0.1625,0.209889,0.172199,0.214473,0.166829,0.196601,0.211846,0.210815,0.166824,0.195009,0.220281,0.216597,0.201965,0.221008,0.244116,0.208776,0.23842,0.213216,0.224228,0.22782,0.234183,0.231951,0.228257,0.231074,0.22186,0.226786,0.248258,0.255012,0.237114,0.229248,0.250084,0.251041,0.254806,0.244307,0.341803,0.873777,0.947788,0.929265,0.95297,0.962986,0.9599,0.954565,0.940382,0.858257,0.475807,0.399941,0.40372,0.420243,0.421266,0.415668,0.428926,0.432402,0.409255,0.418189,0.437184,0.410976,0.438913,0.449523,0.422332,0.431272,0.463821,0.447373,0.437703,0.43602,0.448742,0.459044,0.449841,0.453733,0.432042,0.442255,0.459823,0.464118,0.44692,0.474967,0.452826,0.438715,0.482704,0.459149,0.457576,0.46888,0.467373,0.451386,0.462959,0.469006,0.457791,0.471234,0.449686,0.471546,0.48724,0.433022,0.469449,0.483976,0.456648,0.464975,0.453159,0.485782,0.470014,0.432936,0.488812,0.472863,0.453237,0.474295,0.454953,0.467095,0.469398,0.452897,0.468938,0.474703,0.451246,0.468143,0.481861,0.441132,0.457962,0.476548,0.449914,0.47019,0.457938,0.45038,0.431472,0.456703,0.45342,0.46321,0.449934,0.44475,0.4336,0.455316,0.462396,0.436207,0.422721,0.455423,0.436665,0.422202,0.435555,0.426799,0.411331,0.435239,0.434864,0.416882,0.42838,0.423199,0.408272,0.401771,0.477846,0.863014,0.943627,0.95168,0.968026,0.959978,0.958952,0.938994,0.946554,0.880044,0.34875,0.251341,0.257213,0.259052,0.250037,0.240507,0.232873,0.26474,0.249252,0.233418,0.224241,0.235973,0.229649,0.237749,0.238445,0.230458,0.230147,0.219485,0.244878,0.214252,0.241793,0.225704,0.213074,0.223054,0.223565,0.188417,0.177385,0.215978,0.218263,0.194769,0.17777,0.211626,0.179045,0.213365,0.170704,0.204447,0.184364,0.180556,0.189174,0.165134,0.200467,0.155068,0.191476,0.131003,0.181449,0.163736,0.164036,0.185528,0.170702,0.164352,0.181697,0.100833,0.139874,0.153219,0.139818,0.161404,0.165569,0.108999,0.113992,0.111343,0.147641,0.141635,0.156083,0.143533,0.108853,0.105524,0.0956099,0.118904,0.144801
0.110861,0.103688,0.140708,0.101911,0.122899,0.12911,0.11732,0.118539,0.093129,0.151222,0.131926,0.149658,0.133382,0.152833,0.126533,0.139726,0.133157,0.137602,0.161102,0.146004,0.13015,0.165161,0.135673,0.178877,0.137491,0.165438,0.150282,0.195317,0.15819,0.185957,0.151772,0.189154,0.160073,0.181885,0.192865,0.145501,0.239668,0.200353,0.164679,0.191601,0.189554,0.228059,0.203595,0.183381,0.182719,0.200058,0.234448,0.213408,0.22488,0.205446,0.219862,0.200211,0.207546,0.230495,0.236286,0.240819,0.219966,0.235919,0.241639,0.243841,0.207677,0.251449,0.244242,0.267681,0.225217,0.239172,0.250917,0.262491,0.348685,0.849369,0.931209,0.960952,0.959035,0.945063,0.972837,0.932497,0.913269,0.473415,0.438967,0.410689,0.428626,0.398779,0.428423,0.413698,0.407522,0.427469,0.411522,0.428684,0.442444,0.423293,0.412802,0.429231,0.417604,0.435843,0.439919,0.427277,0.439301,0.459406,0.44314,0.427933,0.436994,0.444516,0.437111,0.486909,0.464476,0.425225,0.44584,0.445404,0.46031,0.451393,0.463692,0.46537,0.460522,0.447897,0.465324,0.492167,0.451635,0.454067,0.477414,0.467902,0.475649,0.449376,0.472722,0.476986,0.451712,0.470669,0.47388,0.458605,0.469113,0.457821,0.477389,0.468008,0.455524,0.474092,0.474777,0.451697,0.475758,0.472703,0.470272,0.457349,0.45869,0.492088,0.465149,0.450804,0.465615,0.464809,0.468443,0.454094,0.461014,0.450085,0.448959,0.427572,0.468286,0.487615,0.438501,0.451888,0.437521,0.434278,0.447774,0.461246,0.44226,0.434173,0.440303,0.4448,0.417708,0.434761,0.421856,0.416876,0.45808,0.422823,0.424515,0.432763,0.410056,0.421935,0.429418,0.406147,0.428943,0.417154,0.439585,0.481872,0.914983,0.936118,0.974121,0.95626,0.956589,0.968527,0.939548,0.845728,0.353897,0.268888,0.252984,0.238567,0.232534,0.27266,0.249201,0.249518,0.218649,0.24655,0.2437,0.241857,0.224437,0.245368,0.240775,0.230898,0.21498,0.201609,0.223379,0.214599,0.227225,0.220465,0.234342,0.205085,0.191125,0.190493,0.20454,0.226998,0.199882,0.193253,0.171338,0.200842,0.251384,0.140813,0.201821,0.185323,0.167999,0.192248,0.157034,0.18855,0.158659,0.200098,0.153947,0.17573,0.144665,0.177674,0.136591,0.168118,0.14152,0.145213,0.160096,0.144344,0.146019,0.142422,0.120485,0.155239,0.139905,0.155166,0.129885,0.158554,0.100739,0.120248,0.123025,0.128756,0.121549,0.102051,0.14875,0.110393
0.128618,0.117254,0.149719,0.104197,0.114705,0.1282,0.124698,0.1394,0.101057,0.108688,0.124977,0.137108,0.123385,0.143298,0.135818,0.13728,0.119076,0.118549,0.158969,0.153557,0.153033,0.140985,0.144971,0.162646,0.162229,0.156677,0.15519,0.187927,0.15981,0.191176,0.141373,0.196904,0.168619,0.203533,0.175365,0.163314,0.226831,0.191132,0.20108,0.17947,0.212456,0.194042,0.179087,0.205888,0.201384,0.212686,0.2049,0.220544,0.192409,0.235016,0.240187,0.220591,0.199545,0.214444,0.228436,0.232489,0.247876,0.210972,0.226726,0.240888,0.229829,0.245714,0.230602,0.251552,0.252437,0.244997,0.235178,0.333372,0.88318,0.955421,0.934343,0.950288,0.944691,0.954011,0.949153,0.929183,0.489037,0.423926,0.412469,0.395459,0.409912,0.407726,0.42377,0.400109,0.423342,0.428763,0.401903,0.424335,0.421585,0.429778,0.440479,0.454668,0.423772,0.428825,0.437218,0.43957,0.434754,0.445561,0.445411,0.437767,0.455161,0.462472,0.431263,0.462666,0.461522,0.451704,0.46677,0.46619,0.458585,0.442898,0.478977,0.460198,0.473483,0.451199,0.471815,0.469424,0.453974,0.477232,0.456563,0.465433,0.467647,0.476011,0.486974,0.455378,0.461549,0.476554,0.474156,0.469105,0.459875,0.463567,0.476742,0.47377,0.463231,0.451136,0.491136,0.477041,0.47033,0.467185,0.452352,0.480457,0.460897,0.469235,0.470461,0.45315,0.475125,0.465314,0.479898,0.448191,0.457557,0.472881,0.464993,0.460169,0.462681,0.466122,0.435723,0.467369,0.456657,0.445093,0.446877,0.454509,0.43099,0.450936,0.438484,0.436179,0.42737,0.461652,0.446043,0.435546,0.42959,0.423795,0.413003,0.428518,0.429863,0.411922,0.427868,0.418035,0.406879,0.40308,0.414898,0.432348,0.495098,0.933757,0.954302,0.959621,0.947367,0.96169,0.934199,0.96312,0.891212,0.332278,0.240478,0.25513,0.252908,0.255271,0.235878,0.25123,0.234058,0.244002,0.229515,0.216712,0.254411,0.228582,0.240457,0.21466,0.207069,0.225383,0.240278,0.238834,0.200267,0.220876,0.212482,0.213426,0.208265,0.207022,0.18311,0.203971,0.21524,0.181217,0.200806,0.200783,0.227918,0.170041,0.182592,0.203852,0.171062,0.195919,0.152181,0.191421,0.169403,0.188379,0.155774,0.165368,0.162598,0.169018,0.146316,0.148095,0.15583,0.157164,0.160656,0.129956,0.119324,0.13275,0.140252,0.153724,0.132787,0.137097,0.127847,0.109287,0.107173,0.143458,0.125866,0.128338,0.116734,0.116018,0.155977,0.113286
0.116879,0.0958586,0.112778,0.151855,0.0999315,0.121762,0.0932567,0.124727,0.151105,0.125971,0.157188,0.126976,0.137526,0.0920789,0.154825,0.159128,0.181176,0.152423,0.13467,0.122384,0.142327,0.14122,0.158974,0.168244,0.16889,0.15173,0.168617,0.14343,0.152796,0.200159,0.162886,0.163437,0.171664,0.18576,0.19793,0.18321,0.216665,0.155506,0.173397,0.197527,0.220666,0.22738,0.198737,0.191408,0.195024,0.21011,0.237533,0.207565,0.210966,0.214127,0.22856,0.251114,0.233154,0.219599,0.206474,0.215751,0.232133,0.253162,0.232327,0.238851,0.223455,0.267264,0.231889,0.250281,0.254255,0.264196,0.290671,0.819736,0.930155,0.958297,0.949225,0.953092,0.950172,0.938458,0.961315,0.871125,0.435229,0.40193,0.445351,0.394867,0.418533,0.433333,0.404941,0.424466,0.413853,0.422559,0.419018,0.427115,0.435778,0.417134,0.41596,0.426855,0.439879,0.447288,0.428991,0.435122,0.44842,0.425055,0.46277,0.467042,0.451301,0.452089,0.436474,0.466634,0.450258,0.461032,0.463452,0.477461,0.440433,0.457596,0.449661,0.461628,0.472563,0.452495,0.471539,0.454355,0.471674,0.476652,0.468551,0.463142,0.483272,0.45835,0.451023,0.4835,0.479523,0.484263,0.457019,0.461334,0.494223,0.458875,0.458808,0.483547,0.47881,0.482258,0.453063,0.460922,0.48258,0.466124,0.464515,0.477521,0.477318,0.457697,0.471964,0.455553,0.474982,0.467497,0.448769,0.463122,0.44467,0.483345,0.461762,0.4702,0.450065,0.469814,0.443462,0.450686,0.461366,0.467182,0.46677,0.429447,0.450839,0.44173,0.43376,0.452328,0.447015,0.437285,0.413491,0.428998,0.433343,0.437711,0.423711,0.42199,0.424767,0.425143,0.413063,0.442383,0.422233,0.401896,0.442218,0.407798,0.437326,0.879881,0.96629,0.937587,0.955856,0.958945,0.954708,0.961566,0.935404,0.823651,0.296863,0.26857,0.260159,0.253391,0.236575,0.27329,0.223593,0.247625,0.238701,0.252731,0.240179,0.222569,0.206213,0.230193,0.234491,0.253492,0.239831,0.216197,0.213712,0.210665,0.241301,0.216456,0.20142,0.195642,0.201452,0.233455,0.219902,0.205598,0.17932,0.160611,0.216459,0.190854,0.195565,0.195167,0.173709,0.175073,0.163054,0.199885,0.154352,0.14952,0.179942,0.148806,0.176521,0.169386,0.165891,0.142746,0.146588,0.120932,0.142398,0.156466,0.181361,0.168066,0.160082,0.094986,0.138099,0.125817,0.160926,0.133399,0.154058,0.131909,0.0944234,0.12506,0.106663,0.155434,0.109899,0.0983282
0.157099,0.0987097,0.140124,0.139162,0.100081,0.110003,0.118962,0.128629,0.140861,0.136444,0.137892,0.122394,0.163544,0.151956,0.153147,0.111033,0.142386,0.147664,0.150315,0.179928,0.166182,0.128325,0.177353,0.137088,0.150904,0.154265,0.192095,0.164252,0.16708,0.16892,0.161168,0.182817,0.143957,0.202426,0.152968,0.185882,0.228268,0.189736,0.196159,0.18299,0.187467,0.188282,0.189691,0.208105,0.197573,0.203876,0.225394,0.22771,0.210289,0.22089,0.200672,0.227176,0.236946,0.22192,0.252467,0.202465,0.246704,0.228211,0.246553,0.264673,0.222888,0.248274,0.253677,0.248747,0.237432,0.256534,0.367184,0.895275,0.953936,0.931964,0.948469,0.966431,0.943832,0.948831,0.887518,0.48246,0.421463,0.414237,0.409328,0.41804,0.412221,0.415458,0.415346,0.432529,0.429683,0.426473,0.422262,0.429196,0.424622,0.421469,0.446844,0.434973,0.438853,0.446112,0.430739,0.465618,0.460713,0.433902,0.435742,0.435748,0.44971,0.450985,0.470337,0.46499,0.46032,0.433406,0.472396,0.464515,0.459541,0.485921,0.468615,0.456769,0.454345,0.451467,0.459398,0.483961,0.465155,0.462103,0.465933,0.470095,0.496818,0.456358,0.458087,0.480182,0.463073,0.468779,0.463871,0.474857,0.485637,0.474879,0.464711,0.468902,0.462924,0.481123,0.451254,0.465274,0.49512,0.471344,0.463201,0.466305,0.46381,0.490915,0.461203,0.45238,0.460144,0.464451,0.467958,0.490338,0.46285,0.466661,0.477213,0.437941,0.462801,0.469509,0.477857,0.447374,0.462012,0.433292,0.443812,0.43265,0.468909,0.466702,0.438545,0.448415,0.4428,0.441994,0.450659,0.424871,0.42886,0.435659,0.42619,0.431089,0.437703,0.436971,0.423427,0.419758,0.415453,0.426156,0.41153,0.419851,0.419918,0.487643,0.892391,0.954565,0.947584,0.963931,0.95698,0.936506,0.956814,0.897374,0.376198,0.259606,0.242137,0.254775,0.258871,0.251353,0.233868,0.255367,0.262838,0.232111,0.245719,0.214259,0.253581,0.229474,0.239745,0.230667,0.205886,0.223538,0.220341,0.227364,0.235593,0.204287,0.202939,0.210029,0.196731,0.191099,0.193064,0.186304,0.20525,0.190394,0.23489,0.187729,0.163933,0.202368,0.147065,0.183143,0.16488,0.175747,0.174448,0.167677,0.189675,0.161834,0.152049,0.145114,0.179442,0.130904,0.170869,0.190946,0.151489,0.148352,0.146173,0.113578,0.15271,0.157307,0.166259,0.127172,0.148633,0.13412,0.144946,0.130484,0.120613,0.117738,0.102783,0.132301,0.149685,0.109065
0.131492,0.122031,0.0865038,0.137249,0.12596,0.121912,0.117757,0.103392,0.148366,0.142012,0.119739,0.125766,0.129891,0.147462,0.146292,0.159264,0.173533,0.1184,0.165725,0.13504,0.164587,0.151232,0.186794,0.165213,0.165816,0.142203,0.175839,0.163339,0.20775,0.176118,0.166676,0.206602,0.185425,0.183931,0.194146,0.181528,0.193376,0.186376,0.208088,0.21831,0.224704,0.22433,0.174765,0.212554,0.206019,0.214074,0.229632,0.205978,0.217126,0.213883,0.226316,0.247112,0.211032,0.207017,0.231242,0.231014,0.234899,0.229878,0.223675,0.264285,0.245264,0.232269,0.244712,0.27103,0.235853,0.342656,0.854993,0.948884,0.954451,0.938089,0.946864,0.955865,0.960343,0.888952,0.442562,0.3916,0.415011,0.397698,0.407074,0.424324,0.403236,0.418916,0.405069,0.415954,0.436769,0.403084,0.428964,0.451956,0.434714,0.403907,0.424814,0.436467,0.432442,0.450855,0.434231,0.446204,0.445112,0.440261,0.461054,0.458777,0.442256,0.462904,0.450735,0.45621,0.478281,0.451715,0.45442,0.462156,0.463379,0.461646,0.456821,0.472417,0.46694,0.478564,0.44721,0.47891,0.469173,0.465977,0.467798,0.461865,0.469168,0.468215,0.484913,0.459258,0.471075,0.472483,0.470321,0.473145,0.457376,0.473469,0.47185,0.472058,0.469445,0.457318,0.484302,0.472355,0.469494,0.462346,0.46655,0.47025,0.468551,0.484119,0.453427,0.474895,0.473548,0.474484,0.462066,0.462683,0.465581,0.464022,0.462238,0.449764,0.484548,0.459354,0.453941,0.466661,0.445983,0.462255,0.46229,0.445744,0.450885,0.448118,0.441464,0.452174,0.437192,0.439884,0.426191,0.406293,0.443737,0.452286,0.435418,0.41152,0.441456,0.422197,0.410316,0.429171,0.405164,0.4303,0.41329,0.401676,0.424173,0.388675,0.446575,0.899808,0.962554,0.965344,0.947733,0.944676,0.958563,0.955054,0.857164,0.348503,0.241629,0.276346,0.250522,0.233224,0.256322,0.267865,0.222995,0.238752,0.234785,0.239125,0.236073,0.20976,0.218773,0.252042,0.23262,0.216605,0.217407,0.212204,0.235948,0.219248,0.211425,0.213221,0.179982,0.22872,0.230738,0.223754,0.207179,0.191997,0.202236,0.1892,0.189708,0.18591,0.194637,0.215567,0.171847,0.174117,0.213248,0.164024,0.184339,0.145182,0.170191,0.169521,0.189715,0.157304,0.167866,0.136545,0.1702,0.118091,0.179428,0.168693,0.152862,0.146732,0.129635,0.13369,0.121697,0.142254,0.152645,0.109353,0.120018,0.124868,0.129236,0.141555,0.0954415,0.126578
0.0876409,0.158434,0.0905932,0.144682,0.133666,0.15806,0.122755,0.110731,0.107724,0.111699,0.139452,0.148504,0.155231,0.140172,0.127599,0.122399,0.145787,0.139497,0.153817,0.152958,0.155887,0.141585,0.155022,0.132341,0.201103,0.172525,0.190199,0.135866,0.205163,0.152841,0.177157,0.18829,0.176803,0.195377,0.152988,0.21017,0.195821,0.17964,0.197676,0.189259,0.210594,0.213273,0.186376,0.191427,0.202345,0.207939,0.23142,0.23592,0.224499,0.208706,0.207913,0.227972,0.241266,0.21267,0.242565,0.240832,0.25414,0.253615,0.228836,0.2317,0.254434,0.234127,0.238597,0.235049,0.348563,0.85422,0.949483,0.941618,0.94749,0.950443,0.958817,0.93019,0.883943,0.50271,0.408033,0.419516,0.411431,0.410599,0.438345,0.40222,0.423854,0.420934,0.423523,0.418194,0.440026,0.421321,0.414452,0.440343,0.438606,0.438931,0.4487,0.442177,0.419849,0.437356,0.424428,0.436733,0.463189,0.451043,0.45738,0.464002,0.43562,0.45361,0.460794,0.458104,0.455586,0.467017,0.474947,0.475273,0.467056,0.454118,0.453933,0.467778,0.472403,0.461907,0.462803,0.456084,0.475801,0.471246,0.458462,0.479021,0.466968,0.46232,0.469154,0.469818,0.481179,0.467902,0.464626,0.478231,0.461963,0.480523,0.468279,0.463703,0.485452,0.466712,0.470487,0.462254,0.472694,0.479978,0.456509,0.475733,0.476182,0.457315,0.469947,0.459045,0.475729,0.469123,0.459363,0.452619,0.468787,0.480833,0.478571,0.468904,0.460101,0.461575,0.463164,0.457662,0.439688,0.46852,0.460859,0.458345,0.461969,0.44729,0.419272,0.44783,0.421123,0.447446,0.453175,0.44425,0.444106,0.440221,0.4232,0.421683,0.448246,0.424156,0.429986,0.428741,0.42572,0.412739,0.438741,0.423392,0.415039,0.422467,0.414897,0.504411,0.892871,0.939525,0.95751,0.959028,0.950093,0.951193,0.952884,0.86033,0.349019,0.244095,0.245583,0.236011,0.254061,0.246988,0.230271,0.258063,0.263059,0.238742,0.252996,0.213882,0.245626,0.233844,0.209806,0.21666,0.226845,0.24528,0.233783,0.210118,0.204171,0.200546,0.191415,0.217128,0.214113,0.191422,0.205402,0.187466,0.192455,0.212317,0.162002,0.208768,0.176002,0.184369,0.177293,0.164743,0.206876,0.139433,0.198061,0.173554,0.204521,0.134676,0.163332,0.147206,0.154067,0.163344,0.153704,0.148615,0.15467,0.122205,0.12134,0.143409,0.168465,0.153242,0.137895,0.115166,0.118155,0.114851,0.122853,0.159983,0.136087,0.152204,0.0913272,0.154197
0.105153,0.117317,0.130379,0.112218,0.138297,0.0961834,0.13246,0.128653,0.129908,0.144194,0.127174,0.116938,0.12773,0.135615,0.159,0.193421,0.130105,0.141607,0.141075,0.162919,0.164026,0.149408,0.166933,0.16072,0.167887,0.141703,0.186411,0.159449,0.180907,0.169735,0.20952,0.154075,0.186849,0.215914,0.187353,0.222596,0.199431,0.190083,0.21212,0.213808,0.192528,0.217374,0.174065,0.219689,0.224005,0.200814,0.239487,0.222991,0.222926,0.238767,0.20605,0.215982,0.247225,0.218279,0.251961,0.233672,0.220336,0.237432,0.251699,0.233102,0.243742,0.262553,0.24683,0.307711,0.840798,0.942695,0.929478,0.954824,0.932669,0.954737,0.955164,0.895869,0.462642,0.399357,0.410594,0.401981,0.406911,0.386785,0.42464,0.422749,0.411038,0.412524,0.409591,0.437575,0.403613,0.419164,0.446852,0.420087,0.428492,0.438643,0.446643,0.440801,0.451712,0.471302,0.460904,0.428385,0.456547,0.444427,0.444115,0.472957,0.451937,0.463391,0.456441,0.468213,0.454552,0.450658,0.45248,0.451373,0.462529,0.490879,0.465605,0.476282,0.465104,0.451862,0.480098,0.474406,0.455101,0.462278,0.468122,0.466034,0.471195,0.478266,0.48039,0.47024,0.443213,0.487395,0.476789,0.462972,0.476094,0.464695,0.481649,0.485536,0.446229,0.467821,0.48187,0.476198,0.475718,0.466432,0.468598,0.465025,0.460664,0.472637,0.483148,0.454336,0.466288,0.479234,0.474126,0.489441,0.467258,0.453801,0.456004,0.45738,0.455461,0.475045,0.459078,0.469675,0.455671,0.472716,0.456499,0.44407,0.461454,0.437522,0.456412,0.483902,0.45467,0.4452,0.45119,0.446503,0.429593,0.429313,0.447804,0.422996,0.411107,0.436052,0.423744,0.413084,0.421883,0.426611,0.424701,0.399323,0.404624,0.412621,0.416234,0.396134,0.470257,0.903655,0.958073,0.9602,0.934922,0.96151,0.935094,0.943795,0.853346,0.3055,0.25233,0.271014,0.245909,0.240562,0.25168,0.244852,0.228283,0.238297,0.254536,0.224366,0.253224,0.222269,0.207821,0.240722,0.230471,0.226664,0.242794,0.206054,0.232023,0.219983,0.179307,0.220069,0.201807,0.216603,0.2175,0.191458,0.209571,0.225754,0.190629,0.215005,0.189644,0.164064,0.222011,0.169392,0.179057,0.170429,0.186512,0.142682,0.172763,0.170099,0.172787,0.147397,0.172087,0.161758,0.148424,0.148562,0.128296,0.194165,0.170699,0.144547,0.13015,0.113364,0.129649,0.155196,0.130746,0.128734,0.138694,0.0972781,0.14333,0.114485,0.130042,0.126702
0.119872,0.140682,0.142581,0.0884048,0.136983,0.117354,0.150152,0.129639,0.113929,0.11593,0.133161,0.173143,0.144918,0.130974,0.113809,0.131576,0.16,0.154753,0.146516,0.159817,0.150558,0.144461,0.153008,0.183877,0.151009,0.147466,0.171765,0.154201,0.209872,0.13008,0.201911,0.185997,0.187992,0.214831,0.144402,0.198663,0.204891,0.173993,0.192262,0.2112,0.218371,0.201144,0.200689,0.214947,0.198563,0.191712,0.220985,0.233819,0.213584,0.225941,0.219357,0.209922,0.249055,0.199027,0.245947,0.254621,0.243891,0.234295,0.249509,0.208358,0.246038,0.220294,0.269097,0.349532,0.908711,0.948018,0.93184,0.943547,0.960247,0.91898,0.871782,0.482602,0.413469,0.407452,0.42238,0.409722,0.425226,0.405415,0.415876,0.429636,0.420624,0.419552,0.421424,0.442976,0.41706,0.4309,0.440379,0.412028,0.436128,0.434534,0.43557,0.443932,0.44428,0.430428,0.457063,0.44494,0.445107,0.444897,0.464954,0.459893,0.442576,0.457708,0.464435,0.453476,0.47069,0.458438,0.472647,0.473359,0.446678,0.475156,0.459737,0.460944,0.463034,0.462999,0.453353,0.473108,0.46207,0.469256,0.479563,0.439211,0.486608,0.47312,0.455954,0.49653,0.453006,0.477987,0.473164,0.461723,0.492349,0.462085,0.475982,0.477405,0.456115,0.491078,0.459342,0.469862,0.486415,0.442134,0.48196,0.469861,0.467263,0.474339,0.458962,0.467409,0.463355,0.461751,0.468267,0.478777,0.449043,0.475744,0.47786,0.463646,0.472463,0.45745,0.470605,0.46115,0.446306,0.46123,0.478159,0.440083,0.457346,0.444324,0.464549,0.433,0.450678,0.450723,0.440715,0.440739,0.436599,0.423218,0.438414,0.438747,0.418745,0.448235,0.430367,0.419837,0.429591,0.432836,0.425783,0.405266,0.429351,0.420329,0.421152,0.41806,0.417809,0.479625,0.882328,0.928357,0.956376,0.951485,0.936359,0.950704,0.919218,0.350016,0.273592,0.230071,0.246429,0.215321,0.259981,0.233541,0.250499,0.255185,0.255488,0.204996,0.248424,0.214943,0.224359,0.23483,0.216194,0.23904,0.221747,0.200854,0.198699,0.224777,0.204567,0.205373,0.2195,0.217626,0.197655,0.177104,0.208997,0.204338,0.151071,0.218363,0.190426,0.192623,0.202965,0.131382,0.218274,0.155539,0.176302,0.15449,0.158495,0.182716,0.153239,0.147469,0.15427,0.167011,0.153556,0.156298,0.158839,0.142379,0.116776,0.133728,0.144532,0.173575,0.144371,0.117117,0.114982,0.1323,0.157744,0.126871,0.136882,0.0926033,0.143146,0.148564
0.158056,0.0986853,0.142217,0.137582,0.115483,0.131186,0.112363,0.150724,0.141602,0.13487,0.114247,0.10584,0.140226,0.156719,0.132987,0.139217,0.143114,0.156142,0.139886,0.167214,0.142193,0.175127,0.153117,0.162673,0.157675,0.18831,0.183062,0.145644,0.185276,0.173308,0.177543,0.148401,0.186311,0.200214,0.197186,0.209642,0.196877,0.179485,0.17966,0.211459,0.209323,0.192699,0.205219,0.248185,0.235107,0.217804,0.228256,0.229439,0.201419,0.217721,0.218559,0.213281,0.256987,0.224489,0.24428,0.244693,0.224465,0.228769,0.239344,0.25471,0.252145,0.250611,0.322192,0.85598,0.920626,0.962049,0.923772,0.958985,0.947471,0.93308,0.478879,0.383874,0.419129,0.405162,0.417521,0.393009,0.41494,0.421433,0.412442,0.419716,0.424939,0.429605,0.421159,0.430394,0.41482,0.448905,0.441862,0.427998,0.447953,0.4296,0.424271,0.455313,0.439747,0.427489,0.45949,0.469235,0.451966,0.458559,0.472704,0.453776,0.43814,0.467567,0.462834,0.433267,0.474994,0.4592,0.461992,0.47137,0.466119,0.445919,0.46597,0.453695,0.476335,0.475184,0.453944,0.467598,0.461481,0.459685,0.472214,0.47037,0.463972,0.472618,0.472031,0.471564,0.471588,0.465068,0.47128,0.473375,0.46803,0.473456,0.472915,0.465103,0.473297,0.470692,0.471306,0.471728,0.462676,0.476049,0.472968,0.46321,0.462078,0.475978,0.452242,0.479202,0.480052,0.454608,0.472852,0.451379,0.466772,0.475097,0.467029,0.465479,0.475916,0.439761,0.469139,0.470708,0.442006,0.459582,0.476121,0.460568,0.464746,0.46743,0.470246,0.430209,0.447228,0.459851,0.430454,0.434125,0.458216,0.426893,0.450422,0.454822,0.418168,0.440416,0.419734,0.439823,0.429625,0.425756,0.418279,0.424059,0.422679,0.39726,0.4263,0.417035,0.417908,0.39376,0.485906,0.935427,0.957711,0.963578,0.929676,0.969374,0.924163,0.863959,0.324242,0.26196,0.252765,0.259796,0.246095,0.231382,0.231219,0.25619,0.240754,0.229664,0.265334,0.217644,0.225703,0.21837,0.208048,0.230978,0.23797,0.223691,0.237974,0.250383,0.208641,0.199406,0.215958,0.213937,0.183152,0.186966,0.202411,0.210196,0.199796,0.204618,0.198983,0.147905,0.179141,0.182184,0.189114,0.153038,0.183422,0.194951,0.155997,0.166182,0.160724,0.185809,0.149553,0.163053,0.138854,0.159022,0.151403,0.147464,0.133225,0.155206,0.146918,0.114161,0.120086,0.132111,0.143679,0.165993,0.113559,0.128404,0.120426,0.137369,0.15076,0.101376
0.12186,0.102811,0.139424,0.11637,0.136525,0.140967,0.10515,0.134984,0.109131,0.106773,0.148004,0.142284,0.145882,0.120634,0.141124,0.169174,0.154393,0.151447,0.133442,0.176114,0.136557,0.177175,0.155054,0.187569,0.142135,0.200568,0.172484,0.186445,0.171244,0.181711,0.214227,0.148758,0.184231,0.188809,0.185882,0.206306,0.192136,0.198101,0.207307,0.195798,0.22812,0.215781,0.180285,0.215744,0.211117,0.217867,0.218867,0.230282,0.217119,0.232357,0.224093,0.216568,0.235751,0.225631,0.228045,0.243897,0.272283,0.208836,0.260363,0.224776,0.252132,0.282055,0.853753,0.933921,0.94862,0.94004,0.942763,0.938556,0.924144,0.888527,0.440798,0.394493,0.394016,0.408143,0.424118,0.41282,0.387764,0.437906,0.419647,0.404342,0.414904,0.425068,0.425717,0.437867,0.417363,0.44107,0.43513,0.437842,0.440187,0.44687,0.436239,0.449261,0.440264,0.453412,0.441002,0.430367,0.432509,0.457794,0.463988,0.473299,0.449496,0.457161,0.469169,0.460706,0.46237,0.463878,0.449343,0.469528,0.468437,0.458492,0.479571,0.460323,0.453704,0.465174,0.477247,0.470861,0.475442,0.465834,0.452546,0.462918,0.470564,0.482507,0.473317,0.460539,0.470859,0.472067,0.469729,0.473053,0.457903,0.472227,0.470296,0.47549,0.47518,0.46017,0.473693,0.483897,0.470778,0.464264,0.453648,0.474069,0.473938,0.474704,0.478179,0.469118,0.458827,0.458205,0.48436,0.46284,0.47417,0.470086,0.453115,0.468425,0.465014,0.467737,0.470403,0.463369,0.450251,0.484161,0.459499,0.4665,0.436449,0.435492,0.447174,0.460354,0.442263,0.456021,0.441329,0.450384,0.450808,0.440768,0.443573,0.443588,0.427946,0.443032,0.432151,0.430498,0.418224,0.412636,0.421816,0.445078,0.397271,0.412855,0.428177,0.418753,0.400084,0.401316,0.438713,0.895415,0.939199,0.931464,0.954536,0.94442,0.951438,0.946185,0.854654,0.284122,0.261504,0.228688,0.259254,0.219556,0.272214,0.251297,0.232687,0.235191,0.23458,0.22677,0.226213,0.241473,0.218559,0.240346,0.219294,0.22007,0.217879,0.226531,0.181801,0.222343,0.229239,0.204578,0.210189,0.20337,0.193281,0.213581,0.192478,0.19447,0.186155,0.150981,0.222267,0.186166,0.173109,0.184589,0.183198,0.205215,0.146648,0.19156,0.160123,0.179017,0.132342,0.182042,0.142384,0.162219,0.159185,0.168041,0.140189,0.129392,0.153163,0.14864,0.145548,0.107695,0.122478,0.133905,0.103774,0.146103,0.139567,0.127272,0.146061,0.100256
0.125787,0.134913,0.125972,0.147288,0.115673,0.130912,0.134754,0.151533,0.153791,0.152001,0.125935,0.134381,0.149538,0.147126,0.12818,0.13985,0.148932,0.151041,0.148093,0.150341,0.160014,0.176669,0.157311,0.180167,0.168253,0.176497,0.128919,0.218726,0.158108,0.18326,0.19921,0.163505,0.203029,0.198922,0.205003,0.197617,0.167133,0.194597,0.218367,0.211575,0.218098,0.209862,0.20726,0.233866,0.246394,0.198039,0.20717,0.236178,0.202489,0.217323,0.229219,0.211627,0.238331,0.25665,0.207392,0.236494,0.234966,0.237256,0.241731,0.260873,0.248404,0.347891,0.892778,0.958031,0.941909,0.959756,0.949142,0.956159,0.895566,0.473691,0.416167,0.4078,0.413337,0.408334,0.41621,0.425024,0.416735,0.410123,0.419066,0.427296,0.423167,0.408768,0.424867,0.435683,0.41962,0.428687,0.438141,0.433813,0.450303,0.451495,0.448261,0.452833,0.432226,0.455685,0.464163,0.461569,0.463926,0.46532,0.436739,0.466491,0.481392,0.456173,0.462302,0.47348,0.453385,0.459893,0.45708,0.455739,0.470693,0.470061,0.47289,0.475008,0.476483,0.450932,0.459123,0.46951,0.468585,0.466316,0.461156,0.478962,0.470888,0.466735,0.461493,0.478087,0.483776,0.469006,0.47074,0.480279,0.467519,0.480784,0.471859,0.466879,0.488692,0.476506,0.464394,0.463261,0.473658,0.478532,0.461727,0.47429,0.465851,0.470978,0.464604,0.456897,0.477741,0.478865,0.476413,0.472583,0.479086,0.456513,0.460766,0.462912,0.458851,0.480206,0.463125,0.46652,0.483589,0.473478,0.434737,0.475719,0.468294,0.463077,0.471226,0.464403,0.432189,0.462176,0.45038,0.459751,0.457774,0.442032,0.440526,0.439786,0.422036,0.44166,0.436353,0.410162,0.433535,0.428499,0.424071,0.418199,0.417518,0.433048,0.420666,0.410604,0.421153,0.416731,0.420136,0.471184,0.90707,0.96004,0.95987,0.956302,0.948414,0.969728,0.893051,0.350363,0.260486,0.258868,0.251642,0.24602,0.236185,0.243814,0.212871,0.259599,0.247071,0.216288,0.2339,0.220998,0.207409,0.241563,0.21257,0.207107,0.249076,0.232229,0.216121,0.21462,0.223452,0.217577,0.221306,0.203011,0.169495,0.202342,0.209767,0.204537,0.205016,0.169054,0.20601,0.185269,0.164276,0.22578,0.129944,0.178739,0.169549,0.186991,0.162254,0.178876,0.169586,0.157341,0.149031,0.148728,0.147634,0.146082,0.138938,0.150736,0.151718,0.131527,0.132825,0.162084,0.150199,0.155856,0.141687,0.137057,0.118901,0.148559,0.126639,0.13604
0.121312,0.162309,0.0977883,0.138901,0.129995,0.166575,0.142248,0.114655,0.12695,0.140239,0.140707,0.161098,0.107658,0.159728,0.170236,0.139497,0.147388,0.14397,0.174274,0.153378,0.150206,0.155307,0.147596,0.181758,0.139839,0.211945,0.162819,0.176542,0.167456,0.194123,0.190326,0.192421,0.200534,0.180974,0.189552,0.216462,0.190426,0.207625,0.226587,0.227584,0.22005,0.20383,0.179843,0.240006,0.245636,0.209991,0.200936,0.237103,0.204139,0.229391,0.248494,0.218478,0.220817,0.253661,0.242786,0.222326,0.252385,0.230338,0.255061,0.238419,0.335257,0.842622,0.948225,0.933566,0.965675,0.941355,0.94955,0.858619,0.459757,0.412555,0.372256,0.399758,0.412586,0.412441,0.39679,0.405913,0.421721,0.422962,0.418836,0.419759,0.426513,0.417118,0.427599,0.432171,0.440511,0.429715,0.424436,0.416457,0.445461,0.433967,0.428716,0.456021,0.446845,0.450608,0.455517,0.442015,0.450697,0.459622,0.446066,0.439132,0.46727,0.441739,0.449816,0.474075,0.465797,0.474432,0.47603,0.469685,0.443542,0.46864,0.46755,0.461638,0.460427,0.471427,0.478224,0.46379,0.464967,0.450506,0.481904,0.47103,0.47313,0.474537,0.469582,0.531009,0.538065,0.532638,0.524836,0.530645,0.545764,0.53131,0.524344,0.533935,0.540505,0.530944,0.471133,0.471513,0.476063,0.472014,0.480111,0.457968,0.467314,0.466498,0.480829,0.478625,0.46042,0.46808,0.470785,0.468843,0.452669,0.473445,0.482085,0.476185,0.474389,0.478133,0.453618,0.446688,0.474126,0.444686,0.450251,0.466037,0.454475,0.444622,0.465891,0.451459,0.457253,0.455536,0.439764,0.435244,0.451595,0.425466,0.426007,0.440137,0.441189,0.440904,0.434808,0.423669,0.433251,0.423496,0.425605,0.42541,0.428587,0.416083,0.393449,0.423727,0.416028,0.406776,0.382612,0.412329,0.470795,0.86083,0.956669,0.950286,0.969336,0.934971,0.956818,0.851654,0.334244,0.247599,0.259567,0.234771,0.26114,0.22998,0.247522,0.257159,0.228718,0.219535,0.252418,0.236731,0.207646,0.241027,0.203558,0.211703,0.254869,0.246124,0.184995,0.208157,0.222159,0.230848,0.232347,0.213306,0.196116,0.220272,0.192273,0.185969,0.204197,0.198783,0.193989,0.198006,0.168655,0.179442,0.170509,0.2129,0.152471,0.184603,0.146636,0.158982,0.156174,0.154938,0.175036,0.148975,0.15987,0.148382,0.167965,0.160853,0.109066,0.167142,0.14941,0.140491,0.127034,0.120236,0.146744,0.169183,0.132868,0.139099,0.102883,0.170814
0.0831333,0.11831,0.132598,0.125659,0.11634,0.117722,0.157619,0.147307,0.136087,0.129509,0.134107,0.130429,0.16023,0.135927,0.133099,0.151757,0.188405,0.14498,0.166725,0.140349,0.150474,0.139847,0.163067,0.149426,0.169076,0.164156,0.166408,0.206309,0.15731,0.226703,0.16252,0.162532,0.21029,0.177264,0.195172,0.190501,0.177582,0.205528,0.199976,0.22723,0.220613,0.205838,0.216533,0.210404,0.237632,0.201503,0.216231,0.235168,0.226761,0.211444,0.232908,0.252544,0.207519,0.240757,0.215828,0.258201,0.246362,0.244299,0.251109,0.297136,0.843516,0.955953,0.934433,0.937609,0.96209,0.927594,0.933237,0.480107,0.406425,0.435971,0.381963,0.408835,0.418572,0.419591,0.424621,0.402169,0.413977,0.403378,0.432368,0.423469,0.421323,0.443671,0.423976,0.420462,0.441118,0.433368,0.439364,0.437205,0.445689,0.450744,0.446743,0.453187,0.449055,0.442844,0.441363,0.464279,0.465108,0.458213,0.460714,0.458563,0.462649,0.471732,0.458091,0.443528,0.458267,0.467726,0.460732,0.458566,0.460786,0.465173,0.455936,0.47142,0.451154,0.463589,0.475603,0.467101,0.473861,0.461167,0.465472,0.47827,0.528619,0.523692,0.538743,0.532645,0.547689,0.528741,0.535895,0.550599,0.524556,0.552141,0.536714,0.529553,0.548459,0.536353,0.540392,0.527232,0.527218,0.479431,0.466392,0.462925,0.479186,0.469789,0.474744,0.471923,0.4546,0.475311,0.457717,0.466806,0.466707,0.466065,0.462936,0.469998,0.466176,0.447423,0.465622,0.47588,0.469422,0.4647,0.465152,0.465695,0.467,0.471167,0.450768,0.439521,0.464072,0.453662,0.456238,0.456319,0.454348,0.436822,0.450284,0.434593,0.445698,0.430937,0.422697,0.456424,0.426246,0.430257,0.440812,0.404194,0.427372,0.403843,0.433649,0.427534,0.416312,0.421417,0.391908,0.438176,0.417055,0.483534,0.936447,0.939059,0.964269,0.946286,0.939584,0.958907,0.850306,0.309899,0.249408,0.252504,0.250083,0.262313,0.221555,0.247134,0.214756,0.255296,0.242483,0.21355,0.234223,0.236114,0.227509,0.205449,0.243339,0.213248,0.219728,0.207107,0.231207,0.234707,0.206487,0.203281,0.184487,0.193819,0.200635,0.184839,0.211996,0.167703,0.168757,0.231727,0.162121,0.213355,0.166833,0.170543,0.171276,0.151426,0.167029,0.147296,0.156878,0.144403,0.170609,0.154509,0.188887,0.149406,0.136793,0.143147,0.171271,0.131771,0.134909,0.13349,0.13966,0.15627,0.160719,0.120425,0.12057,0.125549,0.142564,0.124834
0.11019,0.12937,0.126966,0.11381,0.161581,0.105163,0.137828,0.115749,0.135408,0.127202,0.145014,0.140713,0.139339,0.13264,0.173553,0.138572,0.141386,0.145347,0.177302,0.143118,0.172722,0.157581,0.186887,0.141737,0.197115,0.165968,0.172483,0.18321,0.148022,0.213657,0.182365,0.203718,0.203317,0.193147,0.205502,0.225098,0.204965,0.202732,0.20953,0.23476,0.198596,0.202899,0.210823,0.228662,0.235905,0.209821,0.206835,0.238015,0.229382,0.212529,0.227064,0.224474,0.262065,0.244674,0.234873,0.214083,0.241833,0.235863,0.253229,0.328978,0.894587,0.95911,0.948709,0.921228,0.967324,0.916589,0.870246,0.435981,0.386663,0.39433,0.388632,0.40541,0.406805,0.403749,0.429094,0.407838,0.432794,0.407345,0.42071,0.424694,0.404653,0.441945,0.432346,0.444741,0.44301,0.417038,0.449037,0.454289,0.42787,0.437353,0.440926,0.437473,0.462065,0.471356,0.437009,0.437377,0.461121,0.454904,0.461623,0.449589,0.452281,0.467328,0.469483,0.447027,0.458327,0.454285,0.467875,0.446703,0.463714,0.480652,0.455918,0.470672,0.462414,0.455919,0.475282,0.469178,0.472983,0.479392,0.51651,0.546296,0.527551,0.529216,0.550491,0.529961,0.538329,0.53465,0.535063,0.54167,0.529152,0.540432,0.536776,0.535305,0.5416,0.528998,0.555459,0.531947,0.526247,0.549387,0.517515,0.480942,0.477292,0.474161,0.475369,0.461002,0.467446,0.473701,0.460178,0.485662,0.46534,0.454731,0.471326,0.458441,0.466503,0.451671,0.474232,0.471803,0.455346,0.461339,0.462803,0.468141,0.456176,0.452824,0.440616,0.47426,0.470653,0.444367,0.444482,0.444178,0.435438,0.456288,0.458217,0.418101,0.450484,0.450988,0.437719,0.445547,0.412366,0.433712,0.426227,0.415626,0.437365,0.416312,0.434632,0.407102,0.411293,0.411865,0.396227,0.398392,0.393003,0.439281,0.877275,0.923028,0.968433,0.927471,0.956614,0.965451,0.899592,0.331162,0.262284,0.240954,0.250393,0.214745,0.24426,0.24849,0.261817,0.232182,0.235194,0.214209,0.236765,0.243677,0.213573,0.212022,0.240591,0.235385,0.218061,0.208724,0.204211,0.233121,0.214606,0.211256,0.212148,0.225706,0.213796,0.193417,0.211941,0.209047,0.182607,0.221697,0.150811,0.185033,0.177683,0.175579,0.202044,0.143158,0.193979,0.160672,0.173918,0.146012,0.184652,0.145486,0.141841,0.148428,0.178881,0.141385,0.140149,0.142721,0.152921,0.127585,0.139287,0.12255,0.140799,0.106741,0.163559,0.122883,0.129765,0.126099
0.157969,0.118195,0.151561,0.123118,0.142125,0.112937,0.158647,0.16338,0.134982,0.135676,0.15685,0.161901,0.150337,0.123779,0.14566,0.174485,0.136999,0.156003,0.170286,0.160686,0.181128,0.155321,0.213826,0.148249,0.190845,0.162373,0.183574,0.199108,0.165321,0.168579,0.147322,0.195737,0.191121,0.189124,0.207337,0.214706,0.167424,0.207953,0.203747,0.206157,0.222649,0.177581,0.221619,0.221572,0.247725,0.218533,0.207254,0.236446,0.231594,0.247087,0.239379,0.247781,0.202532,0.233589,0.237019,0.252047,0.250132,0.245836,0.275559,0.863167,0.921677,0.941211,0.951005,0.94136,0.95958,0.872225,0.470227,0.424911,0.400864,0.413526,0.408037,0.414771,0.404379,0.410289,0.421928,0.398567,0.441092,0.403752,0.4179,0.439778,0.410759,0.436197,0.43917,0.418331,0.446845,0.421172,0.443277,0.4526,0.443587,0.455854,0.456637,0.450226,0.446316,0.459096,0.446981,0.455944,0.459757,0.453524,0.467174,0.456958,0.460158,0.466793,0.439132,0.460453,0.470586,0.46285,0.465293,0.456903,0.473157,0.468669,0.462545,0.463105,0.482026,0.459839,0.474193,0.463522,0.533855,0.532557,0.521091,0.535518,0.54498,0.557041,0.529345,0.514352,0.531411,0.54409,0.54998,0.531847,0.520547,0.531192,0.551657,0.544983,0.531201,0.516831,0.530876,0.559104,0.546681,0.537061,0.520415,0.534816,0.535605,0.468134,0.479177,0.463638,0.485392,0.47029,0.466749,0.474444,0.472235,0.46329,0.47323,0.4661,0.474767,0.465974,0.445711,0.471216,0.466474,0.462319,0.471748,0.462377,0.463595,0.467111,0.448562,0.46587,0.452539,0.45436,0.464349,0.461509,0.449689,0.459477,0.447036,0.430734,0.448869,0.426332,0.444857,0.437697,0.42308,0.439164,0.428725,0.41168,0.443794,0.410128,0.421585,0.421584,0.411737,0.406959,0.424885,0.418711,0.402435,0.43829,0.470635,0.882059,0.966041,0.94539,0.956726,0.948555,0.92596,0.868186,0.28271,0.247363,0.258016,0.254888,0.248845,0.231347,0.215181,0.254212,0.24181,0.252506,0.237747,0.242135,0.209284,0.228847,0.252882,0.222893,0.225493,0.183501,0.228535,0.211615,0.211202,0.212299,0.168523,0.220569,0.214412,0.191727,0.197352,0.197943,0.154443,0.17274,0.174985,0.203604,0.188644,0.162568,0.192114,0.156244,0.21898,0.156495,0.186641,0.171552,0.173552,0.157088,0.142187,0.179486,0.151395,0.121415,0.149912,0.169524,0.160732,0.137907,0.141679,0.166839,0.158673,0.122285,0.148577,0.120733,0.155613,0.121144
0.133624,0.105646,0.115127,0.130492,0.140018,0.166196,0.103327,0.137271,0.145485,0.145407,0.136273,0.112335,0.139632,0.157109,0.136909,0.139761,0.146319,0.171972,0.155401,0.169071,0.172245,0.143822,0.151592,0.166652,0.167057,0.151751,0.208454,0.136501,0.184879,0.207121,0.179574,0.21068,0.177896,0.184966,0.208531,0.20324,0.193817,0.196338,0.213041,0.233235,0.233077,0.217547,0.205998,0.224853,0.242411,0.234969,0.220444,0.223215,0.231388,0.204507,0.253423,0.241727,0.251584,0.234224,0.234802,0.231987,0.25773,0.247774,0.33339,0.903408,0.947848,0.925752,0.953698,0.9166,0.872507,0.459592,0.403395,0.38596,0.397009,0.395694,0.415096,0.408526,0.421097,0.408164,0.42108,0.415537,0.41644,0.4274,0.426254,0.410369,0.404787,0.430559,0.448003,0.433245,0.439477,0.434169,0.438842,0.442996,0.443793,0.437304,0.432869,0.454635,0.452791,0.449513,0.452001,0.461757,0.45268,0.449873,0.459098,0.464225,0.433556,0.470668,0.453166,0.472236,0.459598,0.476394,0.464804,0.483968,0.457886,0.458969,0.446229,0.478883,0.458385,0.462332,0.528268,0.538608,0.544906,0.52716,0.529845,0.544753,0.534762,0.533566,0.544264,0.523978,0.545438,0.530282,0.529348,0.552438,0.528494,0.551793,0.527965,0.532925,0.543773,0.528524,0.543515,0.534387,0.538297,0.544288,0.5325,0.529018,0.547283,0.539636,0.533984,0.465811,0.459272,0.487067,0.453018,0.463273,0.460693,0.48922,0.472285,0.4792,0.466791,0.473473,0.464001,0.470934,0.443494,0.46665,0.468839,0.455042,0.460614,0.46618,0.459319,0.454967,0.462597,0.456298,0.441343,0.441042,0.450436,0.448013,0.447731,0.442466,0.441843,0.444971,0.447246,0.437239,0.410441,0.414716,0.437422,0.430363,0.424106,0.423678,0.421307,0.423583,0.425603,0.410755,0.427097,0.39818,0.408717,0.394709,0.399289,0.47769,0.87531,0.923432,0.959271,0.934179,0.951152,0.913125,0.339891,0.250464,0.265404,0.239177,0.232498,0.24279,0.258981,0.243974,0.257816,0.211473,0.23777,0.230518,0.223626,0.240375,0.241703,0.239548,0.211201,0.220897,0.233999,0.243927,0.211782,0.200731,0.200699,0.209341,0.211646,0.191462,0.182469,0.215117,0.185931,0.210703,0.187663,0.141225,0.210625,0.156857,0.17843,0.175988,0.14985,0.148526,0.180717,0.167283,0.159566,0.175514,0.153297,0.141893,0.136501,0.163269,0.146542,0.120915,0.140057,0.15012,0.148128,0.13472,0.111641,0.168442,0.141066,0.13821,0.11552,0.117098
0.120782,0.13142,0.1314,0.124566,0.108463,0.12512,0.12732,0.143723,0.107746,0.13497,0.136884,0.174396,0.164359,0.139803,0.141772,0.169805,0.146006,0.156694,0.131375,0.17586,0.137144,0.191675,0.177156,0.170927,0.188936,0.145703,0.197667,0.17621,0.211806,0.187807,0.17254,0.201313,0.18112,0.20647,0.202857,0.200664,0.210797,0.182466,0.203285,0.201495,0.217086,0.211599,0.227093,0.233053,0.249546,0.235676,0.208079,0.250692,0.231401,0.230133,0.224963,0.230328,0.221012,0.234661,0.248369,0.239982,0.246522,0.357686,0.850256,0.942263,0.928038,0.940945,0.953097,0.908337,0.461702,0.436317,0.400827,0.394914,0.40869,0.407396,0.423149,0.422005,0.40406,0.415806,0.41534,0.430348,0.415603,0.418631,0.432008,0.430856,0.429061,0.443629,0.435227,0.441751,0.436784,0.4469,0.451724,0.442224,0.448519,0.450353,0.44481,0.462828,0.445588,0.44298,0.464398,0.455025,0.47026,0.45421,0.454351,0.47268,0.473776,0.455003,0.462634,0.452403,0.470403,0.441979,0.465663,0.447689,0.44913,0.469477,0.476197,0.471885,0.472141,0.506995,0.545077,0.524113,0.522157,0.56996,0.516926,0.549738,0.516478,0.525484,0.550351,0.511339,0.554855,0.530598,0.528803,0.553216,0.513149,0.551841,0.530355,0.528476,0.557026,0.51443,0.552187,0.525123,0.518568,0.55077,0.518531,0.570241,0.526064,0.524885,0.550406,0.511661,0.476178,0.473147,0.486166,0.471355,0.455759,0.454844,0.466275,0.451642,0.471822,0.45912,0.468542,0.459931,0.483384,0.473348,0.465052,0.458552,0.477327,0.461963,0.467057,0.454007,0.450279,0.466236,0.456765,0.454735,0.453434,0.448543,0.463359,0.446227,0.450735,0.445858,0.435085,0.457744,0.426447,0.441523,0.437469,0.426404,0.424569,0.433857,0.421007,0.42595,0.413147,0.425832,0.426647,0.413636,0.419284,0.400295,0.404677,0.441187,0.467612,0.917401,0.958776,0.940979,0.93981,0.945865,0.857138,0.364635,0.25308,0.24379,0.255687,0.248553,0.215847,0.240166,0.230362,0.24098,0.227791,0.260071,0.211721,0.239883,0.259525,0.233747,0.233965,0.217217,0.220928,0.208073,0.209331,0.192102,0.212291,0.205784,0.203394,0.216389,0.181137,0.206589,0.177927,0.19457,0.217024,0.181357,0.205955,0.15029,0.189888,0.170136,0.183066,0.197612,0.137215,0.186036,0.137124,0.163355,0.15188,0.17042,0.148274,0.145063,0.167115,0.177081,0.138812,0.138665,0.107984,0.15341,0.13519,0.130101,0.111295,0.12686,0.138164,0.133371
0.127919,0.134895,0.0991615,0.126211,0.123478,0.15423,0.132124,0.109334,0.169765,0.145896,0.117101,0.141079,0.1436,0.178243,0.132359,0.145209,0.145227,0.167219,0.13492,0.171032,0.154989,0.187833,0.142609,0.175409,0.190081,0.196281,0.187115,0.150167,0.215373,0.162327,0.192546,0.205776,0.170996,0.172584,0.199896,0.178622,0.215113,0.208732,0.217818,0.251624,0.233867,0.197523,0.20364,0.224371,0.241265,0.217434,0.207497,0.226839,0.253519,0.225429,0.237532,0.244532,0.23396,0.221902,0.257195,0.244353,0.283748,0.840315,0.932161,0.950347,0.958924,0.919846,0.934117,0.876291,0.405213,0.408025,0.424189,0.39169,0.417971,0.390423,0.412962,0.402829,0.404173,0.427926,0.407414,0.409797,0.430172,0.42568,0.413888,0.425595,0.424444,0.419474,0.435847,0.437703,0.427861,0.441549,0.446076,0.445205,0.446512,0.447034,0.444471,0.448047,0.450774,0.44499,0.457135,0.427804,0.465458,0.460056,0.447407,0.444724,0.452851,0.459826,0.468296,0.448379,0.468216,0.440961,0.475504,0.474201,0.432424,0.460759,0.456657,0.475761,0.552773,0.527865,0.539929,0.533207,0.523937,0.535399,0.512879,0.539059,0.55527,0.531489,0.531049,0.530277,0.532634,0.540937,0.538868,0.529616,0.543075,0.530592,0.539296,0.541266,0.53362,0.533895,0.532945,0.533176,0.559262,0.539739,0.513549,0.537326,0.526415,0.537576,0.543099,0.532095,0.55763,0.475722,0.464279,0.465042,0.437481,0.477804,0.478837,0.449732,0.473446,0.454158,0.470125,0.469632,0.45519,0.455817,0.452119,0.465182,0.473299,0.432862,0.46414,0.453645,0.45657,0.458031,0.449212,0.457173,0.449274,0.453253,0.455124,0.443496,0.437309,0.444425,0.442311,0.42422,0.432769,0.427764,0.421221,0.43434,0.43668,0.421043,0.408459,0.432896,0.418098,0.405875,0.417943,0.398794,0.416049,0.407377,0.429802,0.409762,0.415352,0.881619,0.935995,0.930219,0.9693,0.947232,0.943285,0.845608,0.284357,0.25654,0.260544,0.224664,0.24074,0.255382,0.241418,0.228151,0.264365,0.23249,0.210984,0.225486,0.245873,0.230301,0.207895,0.203982,0.238703,0.253885,0.224332,0.212469,0.221672,0.183759,0.206008,0.177952,0.176625,0.209708,0.198665,0.166991,0.216759,0.15321,0.193625,0.196908,0.196799,0.183492,0.150343,0.193732,0.158806,0.172339,0.139928,0.173794,0.142615,0.14933,0.139957,0.181139,0.149149,0.143037,0.124266,0.158502,0.174747,0.11235,0.13269,0.153028,0.121933,0.131253,0.106027,0.140898
0.101936,0.127941,0.127187,0.135264,0.134762,0.141604,0.166159,0.13215,0.113194,0.140795,0.163514,0.135368,0.128611,0.143052,0.165673,0.157315,0.159355,0.172984,0.160794,0.159955,0.157255,0.170722,0.160533,0.211319,0.151756,0.185356,0.177102,0.181503,0.221228,0.154471,0.202864,0.211968,0.19843,0.215788,0.216843,0.197511,0.207442,0.202856,0.217137,0.228263,0.234101,0.223242,0.217047,0.215924,0.238532,0.258938,0.197853,0.232673,0.225542,0.230402,0.213403,0.252818,0.250169,0.248885,0.245657,0.250383,0.335232,0.905798,0.919052,0.91371,0.963122,0.942608,0.88328,0.495528,0.405464,0.404924,0.416539,0.393862,0.415893,0.418079,0.40158,0.420114,0.397727,0.407271,0.432763,0.419807,0.421112,0.433099,0.419132,0.433826,0.449787,0.436241,0.438929,0.436939,0.427173,0.444967,0.445844,0.425309,0.442672,0.45584,0.436967,0.449911,0.465453,0.449619,0.449243,0.45045,0.446532,0.459218,0.441768,0.471384,0.45279,0.451155,0.461985,0.466631,0.475973,0.473133,0.459241,0.488055,0.449578,0.483919,0.479442,0.500366,0.522911,0.530507,0.528323,0.531377,0.540219,0.52764,0.545971,0.522237,0.520003,0.542088,0.537215,0.540273,0.53622,0.524303,0.532158,0.538433,0.541402,0.540439,0.531301,0.526347,0.536371,0.543572,0.537682,0.547361,0.521881,0.525557,0.546763,0.530247,0.541904,0.533627,0.53396,0.531893,0.529207,0.505193,0.481169,0.49264,0.453155,0.490741,0.466811,0.478209,0.485,0.471334,0.465667,0.459302,0.460807,0.478047,0.44556,0.465327,0.454024,0.456535,0.457691,0.454382,0.473041,0.455289,0.445746,0.464035,0.446903,0.436181,0.448183,0.455695,0.432378,0.447623,0.443545,0.445064,0.46016,0.431778,0.435762,0.432101,0.426671,0.435914,0.431387,0.416282,0.405913,0.425459,0.412123,0.425436,0.418247,0.40522,0.422329,0.412094,0.416,0.49724,0.89163,0.950117,0.964985,0.925382,0.926003,0.91052,0.341223,0.260208,0.245241,0.257803,0.257776,0.254595,0.21918,0.235716,0.234495,0.231856,0.206051,0.26497,0.243416,0.223578,0.220493,0.226476,0.242452,0.236507,0.225429,0.202408,0.210006,0.201118,0.226932,0.222246,0.198138,0.217618,0.202914,0.16524,0.227238,0.186093,0.177399,0.199242,0.155368,0.209888,0.165291,0.171425,0.160647,0.16505,0.166428,0.176474,0.166801,0.167076,0.169025,0.14891,0.12878,0.139669,0.172484,0.135612,0.112717,0.135025,0.170039,0.150693,0.144409,0.142922,0.12718,0.124882
0.117795,0.139313,0.110231,0.128109,0.14818,0.131328,0.116319,0.133784,0.154698,0.153241,0.125385,0.125632,0.154907,0.153191,0.1521,0.151926,0.172985,0.138029,0.183564,0.148714,0.175756,0.177033,0.154362,0.194316,0.16836,0.191646,0.158602,0.160327,0.190476,0.172385,0.206818,0.204629,0.179626,0.189139,0.225717,0.203227,0.204946,0.222285,0.214075,0.214965,0.220155,0.224092,0.225568,0.19598,0.230971,0.237629,0.219463,0.210355,0.26032,0.231276,0.2198,0.241425,0.247189,0.229823,0.251326,0.305254,0.842553,0.941223,0.954372,0.917363,0.930645,0.958558,0.854931,0.435759,0.391439,0.398527,0.397502,0.392522,0.417627,0.413504,0.392083,0.400801,0.416582,0.399645,0.435746,0.440136,0.401034,0.424706,0.419625,0.41918,0.425272,0.431955,0.43189,0.446031,0.43804,0.445359,0.444316,0.4561,0.452423,0.447549,0.457811,0.445874,0.462308,0.4627,0.448714,0.45345,0.450396,0.454717,0.456384,0.468605,0.465591,0.437053,0.476049,0.449631,0.449061,0.466865,0.448473,0.471499,0.462344,0.471684,0.52155,0.537306,0.536431,0.530777,0.525032,0.520311,0.541771,0.542163,0.535822,0.539179,0.529018,0.520947,0.533223,0.527485,0.539455,0.5395,0.531259,0.53553,0.530512,0.535538,0.533146,0.541652,0.54117,0.529869,0.53333,0.525277,0.53161,0.546135,0.534476,0.546251,0.54244,0.521266,0.53036,0.533725,0.539667,0.54351,0.522162,0.477117,0.469081,0.472422,0.457257,0.468439,0.456374,0.458884,0.480945,0.443506,0.471721,0.475137,0.461739,0.460812,0.459108,0.458146,0.457681,0.469447,0.468643,0.455061,0.469396,0.449918,0.464087,0.464149,0.447683,0.454732,0.446038,0.454179,0.43789,0.445212,0.428503,0.426225,0.429471,0.427333,0.409133,0.447576,0.44319,0.40472,0.423353,0.413327,0.397697,0.420208,0.420054,0.403132,0.403839,0.402143,0.397345,0.442014,0.867642,0.960075,0.938476,0.926847,0.952387,0.95188,0.853757,0.304918,0.259545,0.238155,0.253323,0.243383,0.231753,0.236396,0.262098,0.218863,0.227374,0.238102,0.240489,0.198568,0.236584,0.225473,0.226345,0.217703,0.218009,0.228785,0.217137,0.206893,0.232253,0.18647,0.188337,0.208181,0.216777,0.174826,0.194803,0.164311,0.165647,0.192454,0.168726,0.205341,0.15844,0.18738,0.180323,0.151603,0.190217,0.138409,0.180158,0.152751,0.150937,0.155934,0.160864,0.134346,0.123712,0.158686,0.16651,0.138026,0.122799,0.137775,0.146565,0.122925,0.115904,0.147587
0.14755,0.128172,0.112777,0.112833,0.116242,0.131398,0.158875,0.127903,0.128826,0.154856,0.1719,0.144477,0.140197,0.137083,0.179043,0.121147,0.16929,0.152415,0.165043,0.129472,0.148599,0.156398,0.179728,0.159846,0.144808,0.209891,0.164894,0.211862,0.200449,0.19194,0.207379,0.173857,0.202423,0.218443,0.20324,0.206279,0.219073,0.21351,0.228819,0.213683,0.209877,0.198923,0.225848,0.223091,0.217739,0.243534,0.202377,0.198562,0.230487,0.25233,0.21141,0.24068,0.257476,0.239807,0.230973,0.357293,0.88739,0.912049,0.954778,0.931506,0.93613,0.893894,0.459025,0.411367,0.425419,0.392012,0.40845,0.422054,0.393802,0.41962,0.402278,0.403324,0.420721,0.405675,0.420694,0.427243,0.437338,0.427322,0.430152,0.445219,0.425619,0.432031,0.434101,0.438516,0.43838,0.432787,0.433664,0.446285,0.436815,0.429585,0.449502,0.445923,0.434356,0.437204,0.47324,0.456377,0.446187,0.455644,0.455291,0.457242,0.473648,0.44808,0.468722,0.454414,0.452807,0.461081,0.444703,0.454617,0.464503,0.52979,0.52996,0.532408,0.539601,0.527482,0.539214,0.538806,0.52536,0.528358,0.538815,0.537029,0.533408,0.536028,0.527212,0.540542,0.523376,0.532407,0.536161,0.527258,0.536688,0.527836,0.53641,0.535455,0.525042,0.543074,0.528572,0.539581,0.535423,0.542562,0.539862,0.531428,0.526958,0.539947,0.541774,0.532331,0.542793,0.535414,0.537096,0.530846,0.472077,0.460784,0.448899,0.464938,0.458759,0.461699,0.4764,0.454994,0.477679,0.46593,0.461878,0.464242,0.452546,0.46215,0.481186,0.443827,0.441706,0.453195,0.458114,0.438938,0.443495,0.454812,0.443582,0.434072,0.454155,0.440694,0.443414,0.440992,0.433417,0.452167,0.438368,0.435786,0.441541,0.43594,0.429091,0.409055,0.431857,0.40765,0.407363,0.430884,0.397066,0.42748,0.420425,0.392842,0.434602,0.418851,0.464294,0.899569,0.945578,0.933602,0.962355,0.924237,0.885034,0.362521,0.245599,0.238022,0.267874,0.245445,0.218309,0.255768,0.236985,0.206997,0.208411,0.247776,0.223026,0.230041,0.228523,0.209319,0.215468,0.220236,0.230875,0.22158,0.222754,0.208635,0.206608,0.228919,0.209273,0.175623,0.21335,0.19634,0.207241,0.217746,0.165924,0.213348,0.154461,0.166761,0.182585,0.154721,0.153016,0.136746,0.160957,0.161155,0.177528,0.12238,0.187604,0.145598,0.14712,0.144577,0.175833,0.159501,0.128604,0.127354,0.164508,0.136524,0.118973,0.125763,0.117964,0.132006
0.127163,0.103592,0.153982,0.139871,0.146601,0.124276,0.123245,0.146291,0.15065,0.128525,0.15002,0.150573,0.142788,0.134041,0.145169,0.164832,0.173149,0.150996,0.194841,0.172047,0.192478,0.147204,0.167391,0.17215,0.191593,0.197014,0.19005,0.206647,0.154112,0.194925,0.216188,0.176899,0.215583,0.202435,0.209094,0.202119,0.20523,0.196272,0.206632,0.241037,0.232517,0.212253,0.222342,0.211187,0.250208,0.232815,0.237802,0.219188,0.235739,0.246318,0.23225,0.231379,0.24652,0.246243,0.286406,0.85456,0.940158,0.925051,0.945668,0.933707,0.880657,0.478955,0.395709,0.391492,0.399131,0.391836,0.382159,0.418175,0.395022,0.418597,0.414854,0.394828,0.428263,0.425544,0.437663,0.411054,0.412807,0.429534,0.424183,0.449298,0.442311,0.420558,0.451354,0.423681,0.463861,0.451384,0.436534,0.445567,0.44555,0.465237,0.44934,0.449052,0.468138,0.452414,0.443462,0.464173,0.443286,0.458742,0.45474,0.441102,0.443341,0.453354,0.46496,0.453451,0.472306,0.468693,0.4626,0.458483,0.52136,0.522985,0.529481,0.533117,0.520962,0.528923,0.531408,0.54227,0.541512,0.530707,0.523618,0.525261,0.531975,0.529489,0.539726,0.534643,0.543406,0.522356,0.528597,0.545121,0.535927,0.544714,0.529091,0.52522,0.542785,0.536091,0.543503,0.529911,0.535625,0.527779,0.527218,0.535282,0.541587,0.54557,0.530374,0.535223,0.524868,0.53619,0.537063,0.526267,0.524663,0.466433,0.4658,0.471847,0.479288,0.458284,0.472575,0.460592,0.446387,0.449664,0.463869,0.467623,0.447885,0.4705,0.452861,0.460292,0.475109,0.458765,0.456452,0.473121,0.45429,0.455057,0.440439,0.461601,0.471788,0.430617,0.459109,0.431867,0.451103,0.452206,0.442165,0.430717,0.4151,0.428451,0.439245,0.432647,0.434585,0.399747,0.427241,0.425375,0.396321,0.427607,0.390235,0.397504,0.40838,0.394639,0.403224,0.489152,0.881606,0.945263,0.952278,0.928812,0.947881,0.866208,0.288563,0.251689,0.255462,0.237741,0.236716,0.257055,0.24378,0.218141,0.244239,0.24495,0.252305,0.218545,0.226422,0.219366,0.23495,0.248289,0.21237,0.202175,0.207333,0.213707,0.214585,0.206798,0.217124,0.18489,0.220155,0.198904,0.160821,0.209748,0.19641,0.200629,0.196737,0.173733,0.17497,0.154204,0.19622,0.174678,0.204701,0.159321,0.171684,0.168021,0.153773,0.130643,0.142711,0.157049,0.152823,0.137268,0.155818,0.151635,0.132676,0.129738,0.154744,0.133346,0.157362,0.105332
0.113005,0.131305,0.133874,0.114261,0.134625,0.154643,0.143793,0.105286,0.125937,0.162256,0.159216,0.153196,0.138457,0.17647,0.142583,0.150767,0.159305,0.184813,0.150983,0.178485,0.185081,0.152135,0.203792,0.168477,0.196276,0.139704,0.158903,0.208487,0.171749,0.198518,0.17626,0.184715,0.199355,0.210403,0.205232,0.208041,0.219941,0.234559,0.221743,0.213693,0.217694,0.220533,0.231276,0.217742,0.236646,0.236259,0.221689,0.22296,0.239006,0.246588,0.234392,0.230526,0.250988,0.258376,0.32984,0.884554,0.948169,0.914743,0.94681,0.957148,0.862707,0.428266,0.428653,0.390939,0.392632,0.412394,0.394404,0.434538,0.392282,0.397079,0.410107,0.420988,0.404428,0.416352,0.420926,0.419376,0.425932,0.426903,0.424743,0.421967,0.42695,0.425976,0.438907,0.429441,0.440751,0.436498,0.449335,0.449309,0.431491,0.44679,0.448821,0.438334,0.448097,0.447869,0.434713,0.464992,0.456343,0.44912,0.464639,0.455386,0.462577,0.469393,0.460064,0.451766,0.460304,0.465724,0.465068,0.47137,0.526265,0.533607,0.527565,0.535825,0.526445,0.522088,0.53104,0.533787,0.519258,0.540233,0.522534,0.539354,0.547603,0.514962,0.538297,0.510923,0.554554,0.538961,0.518741,0.545561,0.511606,0.545912,0.519221,0.541525,0.553769,0.51434,0.539783,0.51901,0.550684,0.539871,0.52449,0.544685,0.520714,0.536636,0.532601,0.524111,0.528735,0.541744,0.529909,0.539626,0.53177,0.475878,0.472805,0.471796,0.465549,0.45408,0.470759,0.475155,0.467885,0.463736,0.468829,0.462926,0.458681,0.475147,0.443654,0.453819,0.458791,0.444083,0.458331,0.453733,0.441138,0.454724,0.456579,0.445919,0.448036,0.440646,0.444814,0.438937,0.433881,0.4296,0.435548,0.434383,0.433534,0.42634,0.428156,0.424009,0.411159,0.428007,0.418755,0.404822,0.402309,0.433951,0.40146,0.424474,0.396716,0.396234,0.437146,0.43213,0.873453,0.96351,0.951353,0.916146,0.961704,0.888363,0.335713,0.264907,0.256305,0.236362,0.240069,0.256141,0.240228,0.229015,0.227338,0.243928,0.241794,0.223125,0.236511,0.224351,0.224663,0.220364,0.228199,0.238329,0.227937,0.211645,0.207568,0.213651,0.205541,0.194027,0.179586,0.20349,0.178677,0.214952,0.162603,0.142954,0.200489,0.172838,0.210753,0.154661,0.19267,0.180274,0.15326,0.189035,0.160074,0.161328,0.14325,0.182592,0.1492,0.161737,0.166374,0.161839,0.126119,0.108783,0.145032,0.157006,0.134651,0.122163,0.137926,0.136785
0.11599,0.124826,0.118438,0.151305,0.1132,0.148101,0.123864,0.147218,0.150779,0.131652,0.149944,0.173473,0.151452,0.151713,0.122703,0.169743,0.135943,0.148378,0.151228,0.177055,0.166138,0.184338,0.186473,0.142834,0.193695,0.187625,0.199779,0.201893,0.152033,0.218767,0.215601,0.193715,0.20161,0.202021,0.207571,0.202236,0.175102,0.220573,0.220087,0.231725,0.22544,0.236782,0.230568,0.19991,0.240214,0.236646,0.239744,0.210872,0.226348,0.232535,0.225472,0.213747,0.258229,0.310402,0.840006,0.928164,0.939922,0.931184,0.920704,0.913794,0.46648,0.389838,0.393913,0.385923,0.391755,0.414141,0.372413,0.424742,0.425696,0.386882,0.422233,0.424777,0.411019,0.428527,0.429508,0.41931,0.428089,0.422245,0.429515,0.44628,0.443006,0.434265,0.426286,0.437729,0.448247,0.436546,0.43479,0.457344,0.442113,0.427985,0.461233,0.448397,0.451856,0.461964,0.455363,0.460341,0.456366,0.455444,0.467631,0.453267,0.455467,0.449716,0.446156,0.452036,0.462467,0.45434,0.467057,0.51156,0.520595,0.528421,0.542563,0.51229,0.550078,0.527783,0.520698,0.543077,0.515525,0.546315,0.518988,0.525158,0.540417,0.531975,0.548422,0.523622,0.531269,0.5235,0.5256,0.545677,0.54504,0.545522,0.527754,0.524722,0.533279,0.522906,0.551698,0.535789,0.544306,0.525763,0.52087,0.549199,0.518854,0.544855,0.523723,0.530561,0.549281,0.521676,0.543205,0.532212,0.528266,0.51308,0.474661,0.463567,0.463448,0.459699,0.45168,0.456883,0.464225,0.45799,0.471971,0.46283,0.465229,0.468521,0.463652,0.471799,0.45987,0.454637,0.472903,0.431997,0.45576,0.462229,0.442831,0.444971,0.458722,0.44066,0.437914,0.44652,0.445488,0.461297,0.435755,0.431374,0.434575,0.426472,0.442554,0.434552,0.416763,0.431013,0.426472,0.403772,0.430547,0.426144,0.385371,0.417837,0.396536,0.400521,0.395764,0.401115,0.469968,0.916568,0.93242,0.94242,0.943006,0.929482,0.850696,0.319584,0.261807,0.223583,0.234717,0.234719,0.23271,0.219153,0.244716,0.242131,0.245725,0.210156,0.235765,0.241759,0.229424,0.235295,0.226679,0.227961,0.182746,0.20729,0.211375,0.209546,0.207442,0.196617,0.217708,0.228472,0.155005,0.208082,0.200513,0.193998,0.200313,0.146513,0.190008,0.192853,0.169669,0.179879,0.1601,0.150641,0.144343,0.176946,0.126483,0.154769,0.153696,0.171194,0.147108,0.135713,0.162047,0.157779,0.125783,0.154919,0.122462,0.151197,0.122222,0.129514
0.114603,0.150079,0.109813,0.13591,0.129038,0.15533,0.131264,0.144145,0.127493,0.149221,0.13967,0.143619,0.154925,0.165821,0.159807,0.152638,0.151577,0.18396,0.171311,0.179206,0.136733,0.173339,0.158678,0.180069,0.180257,0.150836,0.201098,0.171118,0.183446,0.22067,0.160948,0.207444,0.211418,0.205639,0.190875,0.215466,0.208129,0.219954,0.227637,0.227791,0.201946,0.21989,0.229681,0.207252,0.230994,0.264932,0.253121,0.22618,0.234022,0.241031,0.237754,0.228857,0.238475,0.323928,0.905099,0.907937,0.940624,0.930508,0.930094,0.869421,0.454353,0.381048,0.419277,0.393702,0.382333,0.433028,0.407791,0.385767,0.413379,0.4156,0.394336,0.424806,0.406694,0.394627,0.415787,0.408066,0.433946,0.421247,0.433083,0.410991,0.434227,0.432049,0.443394,0.457306,0.434356,0.458128,0.452136,0.435276,0.477355,0.440502,0.448583,0.463722,0.444372,0.437206,0.448644,0.45745,0.433287,0.458474,0.438348,0.456532,0.452881,0.466647,0.465467,0.461509,0.449095,0.457583,0.510831,0.545218,0.534559,0.514211,0.551204,0.520488,0.522369,0.53258,0.522326,0.541952,0.540782,0.531784,0.532595,0.526682,0.528958,0.532426,0.517562,0.545996,0.530651,0.534878,0.528935,0.528629,0.540746,0.528684,0.53177,0.533892,0.53276,0.547227,0.519485,0.534712,0.529716,0.532854,0.532747,0.535155,0.54296,0.545662,0.524713,0.536943,0.52337,0.523089,0.557632,0.517556,0.540145,0.549926,0.516502,0.464956,0.453889,0.470854,0.468135,0.474179,0.463886,0.461103,0.446491,0.46137,0.444941,0.463342,0.45641,0.444263,0.452158,0.473395,0.456479,0.450431,0.484897,0.444828,0.458063,0.468533,0.442371,0.462956,0.452706,0.442145,0.443645,0.417437,0.446795,0.428533,0.441437,0.41806,0.42333,0.404212,0.413978,0.428739,0.401711,0.424788,0.419514,0.39914,0.411199,0.440659,0.391403,0.40015,0.424359,0.392085,0.459911,0.877838,0.936914,0.933642,0.9456,0.924217,0.907234,0.32828,0.244576,0.241149,0.234834,0.249178,0.244281,0.23199,0.259884,0.26943,0.237739,0.205501,0.240712,0.228153,0.2099,0.228703,0.236321,0.222975,0.210616,0.220678,0.201866,0.2078,0.218471,0.211517,0.168243,0.224916,0.189089,0.173546,0.209047,0.15696,0.18295,0.186046,0.163567,0.178714,0.142543,0.184505,0.172824,0.186016,0.158121,0.153353,0.160683,0.173791,0.163461,0.153747,0.145632,0.159166,0.130121,0.140971,0.138731,0.156529,0.125751,0.145898,0.111674,0.15315
0.122646,0.102929,0.139207,0.140902,0.148258,0.120495,0.153218,0.147826,0.151505,0.126538,0.156065,0.155797,0.153587,0.151246,0.163232,0.141884,0.163035,0.157696,0.135193,0.196391,0.16097,0.202257,0.151783,0.180912,0.19308,0.171838,0.193112,0.183201,0.188311,0.195546,0.194365,0.195419,0.213173,0.20368,0.220111,0.233785,0.197053,0.216128,0.224232,0.228556,0.237481,0.212203,0.239727,0.216781,0.221085,0.239602,0.234844,0.225849,0.229207,0.242171,0.255561,0.237609,0.281513,0.858004,0.930604,0.926829,0.932058,0.940606,0.898508,0.466049,0.397075,0.373878,0.38203,0.419419,0.376386,0.412036,0.431361,0.407835,0.392854,0.413833,0.423094,0.42756,0.420772,0.412866,0.424371,0.429557,0.427595,0.434529,0.434617,0.431931,0.433906,0.438921,0.425029,0.432271,0.430974,0.43324,0.455754,0.424074,0.437553,0.448582,0.432999,0.447741,0.444223,0.453192,0.446721,0.439848,0.444186,0.46706,0.457184,0.449841,0.450965,0.451007,0.456932,0.481105,0.433321,0.493278,0.527138,0.520228,0.539495,0.524837,0.526787,0.538109,0.523173,0.521915,0.522374,0.524479,0.547055,0.531968,0.531331,0.538114,0.524024,0.529145,0.536853,0.528745,0.530191,0.521101,0.528138,0.540337,0.537707,0.539514,0.529486,0.523271,0.528435,0.53232,0.539112,0.529583,0.525074,0.538735,0.535778,0.536272,0.548514,0.529421,0.525098,0.524927,0.525907,0.540512,0.530915,0.532094,0.540336,0.525131,0.533875,0.494531,0.446525,0.48456,0.463786,0.458122,0.456886,0.460924,0.46343,0.474531,0.451938,0.448878,0.452346,0.460203,0.454472,0.457175,0.439743,0.455108,0.447165,0.432841,0.462575,0.443606,0.439419,0.441759,0.430202,0.450521,0.441682,0.437477,0.449485,0.442327,0.436,0.437179,0.430113,0.426847,0.427297,0.434,0.428154,0.422361,0.405934,0.412353,0.436524,0.424513,0.384244,0.421929,0.3941,0.375818,0.40425,0.474119,0.905004,0.946199,0.94393,0.926987,0.935499,0.867594,0.291096,0.2416,0.263839,0.248319,0.231522,0.231926,0.239926,0.248029,0.228992,0.22358,0.243678,0.215771,0.237802,0.241188,0.231639,0.222578,0.204778,0.237194,0.223056,0.208551,0.216809,0.200305,0.204787,0.200392,0.194044,0.188125,0.198192,0.173924,0.200594,0.185338,0.155331,0.20781,0.164281,0.201359,0.140517,0.168025,0.165424,0.150053,0.173743,0.152511,0.158357,0.152397,0.15433,0.129231,0.152673,0.157712,0.157273,0.12819,0.159579,0.143759,0.141838,0.105016
0.132748,0.117117,0.11639,0.126184,0.149706,0.11953,0.149622,0.123419,0.156841,0.144527,0.12838,0.135389,0.183711,0.153941,0.174328,0.154355,0.167945,0.157834,0.169203,0.159948,0.194373,0.17135,0.172402,0.220237,0.154261,0.186702,0.191634,0.181878,0.225449,0.187898,0.190043,0.206045,0.197108,0.200397,0.193224,0.187995,0.219111,0.210338,0.217296,0.219499,0.200225,0.224376,0.230502,0.216045,0.23663,0.24361,0.231496,0.219242,0.227863,0.240228,0.237002,0.225104,0.291083,0.871743,0.940359,0.919416,0.923198,0.947474,0.886244,0.431753,0.420347,0.40348,0.382701,0.411493,0.425778,0.393662,0.411097,0.401663,0.40764,0.397674,0.409142,0.412979,0.402604,0.415813,0.418703,0.436635,0.41913,0.434118,0.436589,0.431198,0.451608,0.439795,0.442102,0.467029,0.45132,0.427109,0.437348,0.463413,0.467712,0.452909,0.454725,0.456755,0.459128,0.458557,0.459344,0.448936,0.47363,0.45029,0.453597,0.434592,0.459668,0.45895,0.450739,0.484972,0.452841,0.508743,0.526379,0.516132,0.519331,0.537923,0.531545,0.531458,0.534015,0.519336,0.526755,0.544328,0.53213,0.529847,0.513256,0.52904,0.530014,0.529832,0.526595,0.538697,0.539965,0.546956,0.526923,0.521555,0.526167,0.520662,0.529846,0.54976,0.538935,0.541847,0.527875,0.533382,0.529236,0.530534,0.516716,0.534256,0.535088,0.548009,0.532625,0.519879,0.539509,0.533393,0.532642,0.544218,0.52276,0.521409,0.530606,0.513304,0.460192,0.491528,0.455084,0.466886,0.462767,0.444486,0.46205,0.456898,0.479397,0.459615,0.468061,0.466007,0.467885,0.463593,0.464728,0.459698,0.476542,0.472852,0.446673,0.437152,0.458308,0.475017,0.454707,0.445957,0.458523,0.442015,0.44596,0.445278,0.425765,0.445116,0.426781,0.424622,0.413723,0.418562,0.416795,0.406462,0.416186,0.406671,0.421841,0.401182,0.43151,0.422203,0.389593,0.409513,0.431515,0.436728,0.889806,0.960244,0.926072,0.926535,0.950774,0.87944,0.293952,0.230706,0.251288,0.242317,0.234763,0.224201,0.241153,0.24828,0.244619,0.224479,0.23238,0.230805,0.208377,0.225453,0.219747,0.216554,0.22427,0.194664,0.196229,0.211276,0.206238,0.213104,0.188198,0.19245,0.230165,0.18675,0.196649,0.191427,0.162237,0.225648,0.179379,0.175759,0.1993,0.161626,0.179154,0.160537,0.166952,0.15981,0.17385,0.161414,0.188994,0.139826,0.140434,0.14923,0.158665,0.130456,0.15572,0.125376,0.149652,0.125132,0.122688,0.122327
0.133527,0.122559,0.141027,0.113812,0.127144,0.140882,0.145215,0.172337,0.137707,0.142445,0.158403,0.143129,0.134807,0.159929,0.160434,0.14189,0.179287,0.153597,0.195332,0.146552,0.18446,0.177865,0.158282,0.176225,0.155124,0.202687,0.193475,0.162452,0.191703,0.144674,0.194237,0.212805,0.191297,0.213158,0.201026,0.210428,0.190707,0.207092,0.227164,0.209937,0.231639,0.206867,0.23195,0.201949,0.211797,0.233891,0.238711,0.229803,0.226294,0.2373,0.256532,0.244123,0.317472,0.893171,0.940206,0.923256,0.925044,0.898679,0.456332,0.370057,0.387371,0.397814,0.390108,0.408996,0.396579,0.40345,0.41897,0.411476,0.409567,0.40948,0.413958,0.404281,0.425665,0.419991,0.417473,0.436054,0.420786,0.425819,0.430602,0.417656,0.428465,0.440765,0.424996,0.432968,0.442548,0.451259,0.436736,0.438319,0.440522,0.440726,0.455201,0.434957,0.438881,0.442825,0.453241,0.439505,0.45425,0.436699,0.47749,0.465883,0.439369,0.454683,0.449897,0.441437,0.48377,0.51399,0.525664,0.525878,0.527264,0.520625,0.526409,0.521811,0.526884,0.528397,0.527053,0.512504,0.52396,0.530555,0.552107,0.538402,0.511661,0.538564,0.497408,0.534838,0.537159,0.537567,0.537709,0.504861,0.544043,0.503184,0.539215,0.540291,0.535254,0.536635,0.498375,0.538569,0.512724,0.539843,0.552075,0.53409,0.528038,0.514589,0.530963,0.533056,0.529546,0.523723,0.53002,0.525101,0.531224,0.533515,0.527431,0.522669,0.487051,0.446644,0.458814,0.459441,0.443353,0.471761,0.489829,0.440722,0.463888,0.444391,0.461594,0.455491,0.446121,0.444932,0.462268,0.447718,0.452664,0.444725,0.444377,0.461323,0.453439,0.436253,0.437484,0.447494,0.437912,0.426663,0.438747,0.435903,0.432355,0.444463,0.422631,0.431651,0.435382,0.411438,0.419852,0.42047,0.416132,0.419535,0.425851,0.409605,0.408432,0.41669,0.39257,0.412105,0.393089,0.375942,0.468461,0.902829,0.9304,0.935585,0.943482,0.89628,0.326919,0.254747,0.258571,0.24367,0.23406,0.234661,0.243898,0.241519,0.221517,0.204374,0.239895,0.213987,0.240171,0.213738,0.231836,0.216615,0.195679,0.21734,0.206632,0.218172,0.19291,0.215818,0.202027,0.155655,0.198264,0.166679,0.198228,0.206576,0.161488,0.181931,0.165662,0.180219,0.186999,0.153076,0.199498,0.155901,0.192396,0.149417,0.165716,0.165912,0.136995,0.148339,0.160258,0.137063,0.149807,0.177963,0.14501,0.144669,0.13092,0.123378,0.14364,0.123379
0.0994513,0.132067,0.157746,0.142165,0.122864,0.144949,0.129853,0.134705,0.143761,0.176888,0.121905,0.14304,0.160341,0.1351,0.158712,0.14645,0.124993,0.144613,0.169648,0.154546,0.184778,0.150012,0.202159,0.181665,0.198649,0.183074,0.167886,0.197494,0.224564,0.196961,0.192291,0.194296,0.18893,0.18987,0.202115,0.192993,0.21752,0.219543,0.213877,0.22436,0.212961,0.240431,0.23752,0.234601,0.244613,0.248045,0.236022,0.235215,0.249573,0.223095,0.257863,0.290274,0.818164,0.91947,0.942162,0.952623,0.925402,0.87229,0.447146,0.392982,0.377155,0.435859,0.394379,0.398163,0.419483,0.389871,0.404934,0.419494,0.409185,0.381621,0.427483,0.400951,0.403987,0.43311,0.422726,0.442,0.410588,0.433772,0.434947,0.455512,0.431896,0.437474,0.444219,0.440656,0.433361,0.449253,0.436325,0.431239,0.456263,0.437074,0.463813,0.439739,0.444766,0.460113,0.451348,0.443484,0.478657,0.436029,0.438481,0.461732,0.448864,0.458902,0.476804,0.465765,0.506887,0.54182,0.512105,0.535087,0.524844,0.541051,0.523626,0.555184,0.526117,0.51681,0.541527,0.501696,0.534141,0.517247,0.533236,0.534747,0.525142,0.539334,0.54055,0.536796,0.512386,0.525406,0.531546,0.536341,0.527565,0.53723,0.531817,0.525002,0.513826,0.535392,0.544183,0.53817,0.528278,0.536736,0.534721,0.519395,0.536961,0.504115,0.546148,0.522482,0.529955,0.557378,0.530481,0.543615,0.527485,0.543333,0.51696,0.547997,0.512373,0.469946,0.48792,0.463731,0.455903,0.468278,0.446403,0.444201,0.485994,0.453041,0.457006,0.47161,0.455505,0.446459,0.469311,0.450876,0.463841,0.443037,0.444224,0.455653,0.443045,0.45227,0.450182,0.448377,0.439621,0.461597,0.444313,0.445154,0.420084,0.452276,0.423806,0.448176,0.413291,0.408704,0.435222,0.386984,0.421359,0.429581,0.410605,0.398936,0.424107,0.406378,0.408358,0.437562,0.383503,0.403316,0.455729,0.878007,0.93697,0.954798,0.950493,0.928267,0.827756,0.290017,0.267413,0.236102,0.254726,0.239934,0.241211,0.254997,0.245143,0.243758,0.246997,0.246093,0.216697,0.230469,0.221041,0.221775,0.222847,0.198217,0.211393,0.193194,0.199033,0.200945,0.200801,0.19824,0.223609,0.205173,0.174091,0.191436,0.197488,0.192088,0.203259,0.158106,0.192364,0.157808,0.174018,0.148373,0.131122,0.143082,0.16909,0.137164,0.162007,0.147511,0.123026,0.188463,0.149312,0.134012,0.14047,0.148135,0.128579,0.146848,0.15965,0.141516
0.131537,0.12015,0.132202,0.158697,0.12139,0.132829,0.122223,0.159463,0.12809,0.130621,0.151882,0.165802,0.141571,0.186287,0.161128,0.178912,0.159317,0.162646,0.156026,0.170458,0.184841,0.173063,0.210621,0.148742,0.180399,0.202706,0.169801,0.213278,0.186455,0.17913,0.222352,0.216048,0.193978,0.210746,0.22098,0.229904,0.218024,0.201664,0.219067,0.217978,0.223629,0.226893,0.232901,0.221826,0.208384,0.231998,0.243498,0.25437,0.240541,0.226037,0.249804,0.34028,0.884614,0.917755,0.941403,0.943396,0.895328,0.434349,0.397272,0.391264,0.36923,0.396205,0.416112,0.391742,0.404028,0.411083,0.399793,0.39882,0.430892,0.403631,0.416132,0.437944,0.414688,0.429594,0.42579,0.419829,0.431851,0.42397,0.408544,0.438229,0.432938,0.453997,0.430907,0.442609,0.461854,0.441238,0.461636,0.451509,0.44976,0.442386,0.460593,0.454921,0.447026,0.449135,0.463891,0.456155,0.450435,0.463925,0.448772,0.442369,0.456059,0.452287,0.454688,0.464465,0.518877,0.532016,0.516717,0.532133,0.494315,0.540208,0.532478,0.530606,0.525222,0.527103,0.53867,0.531128,0.520544,0.536759,0.521812,0.538054,0.532572,0.525732,0.532854,0.522784,0.538591,0.530609,0.535731,0.52401,0.526279,0.52339,0.538253,0.528548,0.53966,0.522944,0.534865,0.525236,0.532812,0.540774,0.521643,0.541889,0.519537,0.535449,0.541206,0.533002,0.52886,0.533996,0.536663,0.545224,0.499532,0.534712,0.525039,0.535812,0.524577,0.471305,0.460535,0.464249,0.462159,0.450458,0.452981,0.472501,0.456868,0.467303,0.470548,0.456933,0.456829,0.461594,0.46873,0.453543,0.460462,0.458661,0.471769,0.448002,0.472626,0.451932,0.441104,0.462264,0.441989,0.444363,0.417343,0.432444,0.440747,0.432232,0.434552,0.435759,0.425485,0.448157,0.419999,0.414718,0.440475,0.406602,0.409684,0.417399,0.411057,0.401559,0.420126,0.405532,0.383541,0.39662,0.40152,0.444701,0.901529,0.949933,0.950178,0.925941,0.885449,0.349697,0.259319,0.230609,0.246351,0.266853,0.251184,0.237567,0.21608,0.227725,0.235651,0.233199,0.231264,0.224088,0.227938,0.207419,0.228352,0.235718,0.224281,0.214295,0.199217,0.219065,0.224035,0.185323,0.196551,0.221702,0.17403,0.205672,0.185825,0.151871,0.220367,0.177525,0.190932,0.170763,0.157703,0.175803,0.162211,0.19366,0.163089,0.187353,0.151396,0.16656,0.161722,0.135186,0.128595,0.165755,0.126554,0.137433,0.127937,0.15721,0.136435,0.121321
0.117425,0.134676,0.135249,0.121712,0.14975,0.129708,0.123788,0.118037,0.173785,0.141182,0.134172,0.178937,0.168376,0.159492,0.160268,0.199496,0.152848,0.183137,0.157993,0.200501,0.147797,0.175988,0.182288,0.162841,0.21482,0.195064,0.177492,0.211224,0.186401,0.185094,0.208418,0.208055,0.230637,0.188919,0.198309,0.193487,0.226379,0.232334,0.228181,0.231494,0.217856,0.217805,0.228478,0.222786,0.222685,0.242561,0.22662,0.218431,0.256066,0.22361,0.278958,0.858109,0.915619,0.921769,0.939049,0.941006,0.865298,0.43797,0.389351,0.40252,0.391432,0.401939,0.393982,0.411066,0.406175,0.402807,0.408877,0.389273,0.408819,0.407146,0.400931,0.408609,0.414537,0.413755,0.44239,0.415036,0.428565,0.449435,0.419486,0.44402,0.426136,0.43909,0.445954,0.417505,0.44734,0.424055,0.445336,0.445036,0.422349,0.451316,0.420679,0.444996,0.443458,0.438303,0.43031,0.456301,0.453502,0.442285,0.468784,0.435729,0.452671,0.450888,0.464334,0.460614,0.516314,0.52452,0.508377,0.539383,0.523048,0.515613,0.518868,0.520454,0.535583,0.516265,0.523284,0.532082,0.535956,0.520945,0.529537,0.538561,0.517411,0.546547,0.500339,0.545261,0.520021,0.532976,0.545003,0.514754,0.56237,0.515974,0.543689,0.534203,0.519507,0.547366,0.499985,0.549457,0.518584,0.540094,0.529467,0.526033,0.537926,0.534119,0.527028,0.520238,0.540802,0.522955,0.524558,0.51858,0.529482,0.541589,0.513328,0.531102,0.519426,0.468849,0.468712,0.456232,0.462049,0.441418,0.4756,0.447691,0.462922,0.465631,0.437526,0.444129,0.454376,0.452203,0.429551,0.462907,0.430051,0.452847,0.456943,0.433292,0.455175,0.429032,0.456046,0.447673,0.436107,0.451793,0.424494,0.459043,0.441916,0.425113,0.446815,0.420602,0.430401,0.417783,0.407718,0.415678,0.415133,0.400851,0.417026,0.412234,0.414848,0.417105,0.400862,0.41278,0.395709,0.411098,0.398159,0.447577,0.870886,0.94998,0.945514,0.927146,0.923696,0.866401,0.27785,0.234506,0.265192,0.225098,0.233051,0.248367,0.232345,0.227517,0.235419,0.22376,0.225102,0.235772,0.232158,0.239268,0.230893,0.197722,0.207339,0.202927,0.23622,0.2085,0.221908,0.192048,0.190355,0.211742,0.179978,0.198921,0.225592,0.172434,0.183087,0.181521,0.156488,0.206538,0.166087,0.181426,0.155102,0.203613,0.160958,0.169337,0.169624,0.18391,0.139927,0.140093,0.182156,0.123522,0.129523,0.137155,0.151597,0.125052,0.145231,0.138293
0.125462,0.129136,0.135428,0.159492,0.147544,0.125738,0.166699,0.147902,0.136108,0.140254,0.157245,0.117072,0.137195,0.153233,0.135038,0.144025,0.176548,0.16378,0.147571,0.176373,0.176616,0.181934,0.184863,0.196823,0.191613,0.180929,0.204332,0.208614,0.18989,0.216941,0.194511,0.186189,0.191335,0.215027,0.217899,0.203743,0.229696,0.202644,0.208135,0.218351,0.202487,0.248751,0.244466,0.255094,0.227175,0.227746,0.236615,0.22977,0.237484,0.241677,0.334582,0.904216,0.936559,0.916512,0.920564,0.908081,0.454314,0.384654,0.40003,0.389745,0.385235,0.393891,0.409872,0.394918,0.403497,0.41387,0.40943,0.411518,0.413716,0.426157,0.423269,0.442153,0.41291,0.409069,0.42696,0.427291,0.412397,0.439824,0.42871,0.444411,0.436338,0.444919,0.452475,0.436039,0.446575,0.443669,0.443174,0.470164,0.420762,0.472546,0.44096,0.442515,0.456715,0.461302,0.470477,0.429925,0.463237,0.444104,0.456929,0.451088,0.456449,0.443514,0.469817,0.526995,0.518407,0.5328,0.538746,0.519281,0.526356,0.525116,0.528087,0.531245,0.533388,0.512156,0.538028,0.512998,0.530599,0.532741,0.52579,0.532228,0.523573,0.526109,0.529831,0.519772,0.545663,0.539614,0.517543,0.538239,0.506325,0.537286,0.518835,0.53993,0.544444,0.52221,0.528654,0.527782,0.524861,0.533244,0.526993,0.534117,0.532491,0.513796,0.542576,0.515042,0.537163,0.533636,0.534713,0.53005,0.527531,0.526142,0.54129,0.536505,0.524552,0.532213,0.474732,0.449155,0.464458,0.457782,0.466555,0.450545,0.46752,0.439986,0.477348,0.472123,0.461752,0.452064,0.450107,0.483904,0.428142,0.477403,0.453912,0.455051,0.45541,0.445193,0.463601,0.451763,0.44636,0.454495,0.436516,0.446531,0.424188,0.437795,0.433204,0.421701,0.423237,0.452267,0.43268,0.433239,0.423695,0.419764,0.416053,0.425815,0.409364,0.401787,0.422977,0.395847,0.394832,0.402075,0.407609,0.385574,0.466561,0.916489,0.930759,0.9234,0.94538,0.905906,0.343004,0.250974,0.243418,0.232014,0.249581,0.235592,0.231462,0.260994,0.254141,0.252597,0.20735,0.231951,0.214533,0.209047,0.232946,0.212094,0.223948,0.214126,0.191017,0.195895,0.196511,0.223161,0.191005,0.216074,0.216036,0.192502,0.192193,0.197414,0.19409,0.188146,0.180891,0.183378,0.151847,0.17027,0.184064,0.144956,0.145347,0.15844,0.138655,0.126382,0.15722,0.14875,0.146987,0.147986,0.174659,0.125014,0.152472,0.168227,0.133073,0.129084
0.119084,0.140829,0.123944,0.14129,0.134693,0.134145,0.125884,0.136671,0.155825,0.150872,0.14873,0.161712,0.176376,0.153068,0.184477,0.145101,0.182517,0.145315,0.147483,0.167008,0.16131,0.181949,0.133763,0.197194,0.174371,0.190731,0.185517,0.174827,0.201739,0.20672,0.207638,0.179621,0.221008,0.205188,0.211114,0.21761,0.207829,0.230279,0.212802,0.223186,0.221582,0.220792,0.236198,0.233577,0.216353,0.230753,0.24115,0.223078,0.235134,0.28986,0.823174,0.962649,0.941275,0.925195,0.929007,0.881246,0.424756,0.390235,0.400287,0.421945,0.391404,0.390717,0.407817,0.421854,0.391914,0.39443,0.402605,0.406512,0.387397,0.431167,0.39491,0.415118,0.434834,0.408336,0.423739,0.428206,0.435924,0.455037,0.430678,0.418688,0.441851,0.429823,0.425174,0.439602,0.434042,0.447179,0.424397,0.443754,0.451289,0.431829,0.450415,0.436684,0.44275,0.43678,0.467265,0.453715,0.448436,0.45811,0.4597,0.438711,0.457339,0.445839,0.450107,0.523032,0.525946,0.523161,0.519272,0.531101,0.525701,0.543487,0.525092,0.523298,0.539557,0.518644,0.518394,0.535283,0.52763,0.546363,0.527324,0.500633,0.537521,0.514374,0.537059,0.527567,0.525117,0.541871,0.52193,0.526169,0.525194,0.525389,0.522854,0.542118,0.526027,0.528404,0.537743,0.5148,0.539521,0.500756,0.529244,0.546693,0.53044,0.534332,0.521941,0.523753,0.541769,0.526753,0.530083,0.549682,0.52888,0.536226,0.524482,0.525568,0.533518,0.528116,0.455349,0.453929,0.460925,0.448774,0.465866,0.46822,0.452146,0.461805,0.476413,0.445091,0.452756,0.444456,0.461185,0.444044,0.454594,0.455319,0.43546,0.457745,0.442922,0.452124,0.434117,0.440173,0.452688,0.425409,0.440677,0.462925,0.444724,0.439579,0.430363,0.415339,0.449631,0.427664,0.402672,0.438945,0.395849,0.413888,0.411821,0.401848,0.400943,0.430234,0.418406,0.39742,0.401489,0.42676,0.408061,0.40371,0.431405,0.886734,0.93474,0.935671,0.945205,0.972598,0.833117,0.290049,0.240066,0.233751,0.249233,0.234863,0.223481,0.243156,0.240276,0.230545,0.229982,0.225533,0.216881,0.237369,0.216701,0.227303,0.21526,0.211767,0.233902,0.187154,0.20952,0.210363,0.209722,0.181296,0.187421,0.189274,0.177441,0.207495,0.140625,0.18717,0.162849,0.172803,0.152461,0.150734,0.185086,0.150036,0.187736,0.157251,0.184225,0.166367,0.15244,0.155169,0.155931,0.142497,0.130623,0.141715,0.140813,0.138364,0.132265,0.1529
0.119328,0.12285,0.145172,0.143427,0.123347,0.125208,0.141527,0.149164,0.139972,0.15201,0.153752,0.146921,0.1665,0.14702,0.17977,0.159962,0.185547,0.166668,0.196934,0.156887,0.175763,0.190788,0.167698,0.228483,0.162801,0.160657,0.231056,0.194173,0.177441,0.211554,0.190249,0.223495,0.209033,0.192503,0.21536,0.213934,0.20955,0.207973,0.206204,0.229496,0.215527,0.246891,0.228008,0.239143,0.219308,0.215637,0.257293,0.226821,0.224808,0.277739,0.868983,0.929698,0.939761,0.923874,0.87703,0.459191,0.401588,0.376671,0.371368,0.390286,0.412919,0.40036,0.399507,0.398701,0.40851,0.394816,0.40662,0.425653,0.413578,0.424333,0.416276,0.403598,0.412338,0.435179,0.416805,0.434314,0.427533,0.424749,0.45896,0.438855,0.436018,0.431823,0.428468,0.464456,0.426518,0.456105,0.448646,0.428367,0.452894,0.441034,0.434855,0.448255,0.441257,0.444116,0.441288,0.466834,0.447786,0.433443,0.450495,0.458502,0.454177,0.447588,0.4581,0.514463,0.517161,0.528592,0.508017,0.524204,0.525537,0.517964,0.537362,0.516978,0.506103,0.537676,0.526484,0.535392,0.535042,0.51274,0.545632,0.538024,0.52717,0.541032,0.518074,0.527302,0.519729,0.517457,0.530664,0.530804,0.528063,0.529191,0.532737,0.515947,0.520595,0.526561,0.519625,0.540216,0.528032,0.53945,0.545438,0.514413,0.53663,0.535326,0.52835,0.542082,0.508369,0.521696,0.54151,0.51942,0.532256,0.527082,0.511525,0.535998,0.519094,0.522254,0.460908,0.456346,0.459932,0.462856,0.461997,0.44189,0.45654,0.47033,0.451072,0.451654,0.450664,0.455635,0.447671,0.44785,0.46402,0.437593,0.459908,0.467556,0.43848,0.472865,0.436609,0.445585,0.44698,0.446478,0.464623,0.436026,0.437073,0.44638,0.423758,0.442983,0.423623,0.417139,0.426001,0.429709,0.425422,0.433171,0.413699,0.403523,0.418295,0.407123,0.402623,0.418403,0.417121,0.397305,0.38305,0.380261,0.408342,0.470494,0.885034,0.933482,0.94996,0.934246,0.874204,0.287722,0.236574,0.230999,0.257552,0.2262,0.224143,0.245326,0.235255,0.254429,0.220946,0.238504,0.217785,0.214364,0.210777,0.21759,0.222931,0.198374,0.212102,0.225384,0.197013,0.219782,0.186864,0.202798,0.234919,0.167097,0.17363,0.236606,0.165841,0.197893,0.186252,0.162625,0.203116,0.170114,0.190929,0.165247,0.184461,0.155841,0.170971,0.148934,0.163998,0.159666,0.142848,0.155276,0.147325,0.131511,0.129592,0.148196,0.148089,0.122197
0.12877,0.133969,0.128424,0.141686,0.129535,0.141445,0.133108,0.157329,0.149008,0.149696,0.128516,0.15357,0.129023,0.156911,0.15227,0.157093,0.167081,0.172783,0.176905,0.162339,0.197833,0.160019,0.196601,0.18409,0.187764,0.21833,0.192674,0.17693,0.228611,0.204233,0.187964,0.194224,0.208641,0.221284,0.198441,0.219134,0.20995,0.21644,0.217418,0.206316,0.219725,0.229089,0.217618,0.228891,0.233462,0.227054,0.217691,0.235669,0.257745,0.351503,0.868139,0.923982,0.916247,0.944473,0.868531,0.424236,0.408034,0.385739,0.371956,0.386847,0.421205,0.396418,0.393878,0.41288,0.400792,0.406767,0.393427,0.415476,0.394513,0.417374,0.403026,0.423871,0.403711,0.432844,0.43528,0.432963,0.428665,0.427876,0.431357,0.420913,0.429127,0.443468,0.428117,0.456337,0.429976,0.450935,0.453491,0.443401,0.431807,0.45832,0.456708,0.460817,0.440339,0.468203,0.447546,0.441361,0.468064,0.445509,0.449854,0.450403,0.451738,0.461244,0.469769,0.521165,0.507376,0.529131,0.531941,0.512731,0.529953,0.52602,0.510714,0.543736,0.525243,0.525144,0.531465,0.516526,0.516295,0.526876,0.516542,0.540035,0.518342,0.520291,0.531484,0.524656,0.535532,0.52214,0.527023,0.515949,0.545479,0.517745,0.526755,0.5235,0.533986,0.526003,0.52945,0.521118,0.518957,0.543562,0.516112,0.527599,0.517767,0.517114,0.534677,0.527137,0.529437,0.547304,0.515112,0.529039,0.535561,0.516876,0.538555,0.533433,0.511761,0.524234,0.47877,0.462818,0.46028,0.457059,0.454652,0.456239,0.476659,0.447949,0.453242,0.480268,0.445928,0.472416,0.466138,0.467615,0.43943,0.457286,0.464701,0.460935,0.441885,0.466573,0.439511,0.450803,0.443809,0.433961,0.43793,0.433213,0.439937,0.444611,0.441572,0.442384,0.41379,0.435713,0.411355,0.426283,0.403279,0.42601,0.400758,0.417393,0.413936,0.417288,0.406153,0.401575,0.42843,0.399315,0.378897,0.393901,0.420308,0.431187,0.872833,0.954676,0.92921,0.92733,0.875394,0.359383,0.265276,0.240829,0.227124,0.23585,0.242095,0.232617,0.223559,0.235371,0.226844,0.208878,0.222392,0.220223,0.219747,0.227143,0.20574,0.229031,0.215869,0.200089,0.195338,0.207415,0.230018,0.179277,0.204361,0.224084,0.18798,0.1858,0.20636,0.167215,0.202655,0.164614,0.181151,0.17783,0.173819,0.163502,0.155942,0.16098,0.132669,0.167171,0.132966,0.15196,0.153124,0.159189,0.139875,0.14467,0.128719,0.146503,0.134599,0.139131
0.143934,0.113948,0.145819,0.134351,0.133386,0.137264,0.142296,0.143005,0.152145,0.153128,0.147156,0.159744,0.167648,0.16975,0.152461,0.194776,0.132139,0.179862,0.16917,0.159373,0.178,0.183989,0.176511,0.166154,0.187027,0.209063,0.16224,0.193344,0.203836,0.216548,0.208985,0.198627,0.210594,0.193144,0.209141,0.231426,0.217594,0.219731,0.215619,0.227238,0.229811,0.242145,0.244696,0.236515,0.229738,0.242819,0.241598,0.237418,0.273703,0.836224,0.9147,0.925147,0.927044,0.908141,0.459291,0.377776,0.393854,0.402204,0.398338,0.401967,0.406761,0.399003,0.391718,0.390145,0.405566,0.407944,0.405018,0.419979,0.426748,0.411306,0.409844,0.409988,0.412036,0.439409,0.417798,0.421386,0.437903,0.435179,0.437367,0.428019,0.4335,0.445853,0.42835,0.434645,0.438514,0.432445,0.436247,0.447356,0.428495,0.425614,0.415433,0.451448,0.432962,0.438441,0.460372,0.443726,0.447106,0.445255,0.459604,0.451992,0.442454,0.473539,0.505243,0.51787,0.536629,0.508534,0.529118,0.533613,0.517703,0.524114,0.531705,0.523536,0.539083,0.522696,0.520951,0.533781,0.522515,0.541803,0.521985,0.526852,0.525748,0.53908,0.520779,0.517418,0.52694,0.513188,0.536515,0.539319,0.526582,0.540771,0.535774,0.514917,0.526379,0.51694,0.520441,0.539303,0.525479,0.528506,0.521459,0.545384,0.520501,0.534681,0.523238,0.524726,0.539824,0.52872,0.532793,0.530453,0.520365,0.53797,0.536247,0.512547,0.54276,0.522641,0.510232,0.480145,0.449135,0.458946,0.465859,0.452208,0.457409,0.452147,0.470447,0.44462,0.442271,0.46227,0.42645,0.433165,0.436555,0.458125,0.447828,0.444945,0.444006,0.447125,0.439762,0.457351,0.443958,0.437499,0.446747,0.442678,0.446102,0.431074,0.424719,0.44889,0.42153,0.42026,0.422341,0.421904,0.434884,0.432052,0.4149,0.414042,0.415226,0.401791,0.399851,0.408024,0.418055,0.407083,0.404895,0.415578,0.394931,0.390074,0.471646,0.912411,0.933132,0.938287,0.920881,0.846414,0.278408,0.24785,0.247493,0.246649,0.234482,0.245016,0.257114,0.247151,0.237023,0.236818,0.22215,0.225332,0.227236,0.23219,0.214521,0.193338,0.216856,0.205272,0.214989,0.221401,0.211731,0.20177,0.168161,0.212346,0.195238,0.173366,0.184198,0.187142,0.18326,0.172894,0.172222,0.18575,0.135085,0.1948,0.16276,0.173703,0.17464,0.161802,0.146428,0.163704,0.160031,0.149291,0.14665,0.137848,0.140005,0.139834,0.148292,0.117043
0.122172,0.147525,0.128795,0.133779,0.146948,0.152044,0.120002,0.139296,0.167526,0.121312,0.157645,0.153718,0.140651,0.166352,0.161205,0.159895,0.148608,0.16231,0.154842,0.188374,0.179346,0.155643,0.223689,0.159114,0.21187,0.212143,0.197428,0.190948,0.191456,0.172501,0.210207,0.215492,0.185746,0.231851,0.215042,0.193082,0.208013,0.201797,0.231443,0.224005,0.220011,0.234462,0.228815,0.243007,0.229314,0.25309,0.221843,0.228824,0.28972,0.874107,0.932555,0.949192,0.92236,0.878614,0.422589,0.362815,0.393429,0.400808,0.392176,0.377112,0.39827,0.400293,0.396795,0.388367,0.401728,0.401856,0.389334,0.38854,0.413712,0.410189,0.398887,0.449324,0.409364,0.423749,0.446592,0.425739,0.429063,0.420294,0.411833,0.452,0.426603,0.429416,0.469619,0.43644,0.440968,0.45383,0.431334,0.452959,0.432159,0.470242,0.436745,0.437471,0.465764,0.454534,0.435711,0.445987,0.438031,0.453132,0.460445,0.464181,0.434056,0.44896,0.525333,0.513448,0.527211,0.514989,0.508652,0.525631,0.525359,0.519044,0.532525,0.51822,0.513151,0.531179,0.509413,0.510422,0.52941,0.524912,0.521829,0.523754,0.524386,0.521005,0.529865,0.526297,0.528177,0.537476,0.533015,0.519581,0.525724,0.51889,0.533135,0.536958,0.529631,0.525379,0.531764,0.521262,0.526168,0.523933,0.520633,0.528881,0.532256,0.520223,0.520412,0.542847,0.525211,0.519688,0.536226,0.521318,0.529896,0.529515,0.515359,0.519859,0.533196,0.520557,0.530427,0.455223,0.440721,0.46977,0.468555,0.455185,0.44817,0.455287,0.447942,0.458487,0.476551,0.446633,0.448696,0.477124,0.4468,0.462172,0.442934,0.462303,0.454526,0.446119,0.478004,0.44685,0.437332,0.460524,0.418385,0.430797,0.439568,0.434928,0.458533,0.427507,0.41884,0.462456,0.408314,0.420264,0.419957,0.401813,0.398788,0.409154,0.412654,0.395441,0.40492,0.407942,0.410283,0.384256,0.403097,0.40511,0.40344,0.371502,0.430764,0.883327,0.933678,0.956431,0.939503,0.880779,0.299516,0.236194,0.230135,0.264589,0.239257,0.250005,0.228651,0.242044,0.226782,0.226338,0.235857,0.21551,0.211388,0.203737,0.220117,0.242176,0.192068,0.224337,0.212057,0.185268,0.19473,0.195994,0.198004,0.224785,0.214661,0.165338,0.222794,0.158451,0.184295,0.193513,0.163877,0.169024,0.156788,0.165177,0.164249,0.171084,0.144267,0.158039,0.165791,0.128223,0.171082,0.14578,0.125196,0.157311,0.152469,0.133856,0.131799,0.156475
0.126618,0.134795,0.135904,0.134671,0.126242,0.127049,0.154893,0.124648,0.14733,0.169977,0.145688,0.121181,0.18956,0.14352,0.172477,0.164494,0.187279,0.168551,0.173758,0.188007,0.147095,0.182433,0.182248,0.180839,0.186414,0.179919,0.185309,0.229435,0.1851,0.196338,0.218046,0.216818,0.215382,0.208594,0.206711,0.217886,0.206104,0.221341,0.202987,0.195768,0.231706,0.211803,0.244486,0.246849,0.215034,0.240147,0.232666,0.23487,0.31871,0.905586,0.918089,0.926496,0.92944,0.864156,0.419796,0.393879,0.395356,0.390706,0.402518,0.393348,0.394475,0.402577,0.388025,0.401069,0.416317,0.432911,0.407251,0.419909,0.411935,0.412061,0.416585,0.417851,0.433399,0.42238,0.436766,0.425053,0.420044,0.470433,0.433366,0.429683,0.446919,0.414362,0.446246,0.442503,0.422052,0.435804,0.417186,0.456606,0.433894,0.429743,0.462423,0.427557,0.441875,0.451474,0.457218,0.461129,0.437106,0.457391,0.442071,0.444249,0.475522,0.452916,0.505157,0.526156,0.515417,0.518276,0.520036,0.506372,0.523298,0.51503,0.506279,0.50856,0.410524,0.395895,0.410705,0.408738,0.500426,0.518212,0.518938,0.521184,0.523722,0.532335,0.530383,0.531223,0.5276,0.52325,0.517757,0.536285,0.521751,0.536885,0.515508,0.525654,0.527333,0.532069,0.530878,0.532013,0.527004,0.521335,0.51965,0.529871,0.521114,0.529738,0.536551,0.52384,0.531165,0.527326,0.520086,0.526589,0.528421,0.512079,0.524423,0.523596,0.524102,0.530732,0.515128,0.456647,0.484007,0.451896,0.448305,0.465105,0.444233,0.472651,0.464054,0.464528,0.446836,0.438236,0.471099,0.438912,0.44407,0.468125,0.426795,0.446663,0.43435,0.449998,0.458572,0.425118,0.459223,0.441715,0.443976,0.475844,0.430216,0.436435,0.445197,0.43238,0.444524,0.426521,0.427933,0.420267,0.422462,0.426699,0.418616,0.443956,0.422675,0.413878,0.395249,0.411973,0.401607,0.404148,0.409367,0.401476,0.406072,0.399454,0.428506,0.878359,0.935373,0.934567,0.923279,0.913957,0.328168,0.24206,0.242517,0.244092,0.219985,0.254141,0.257296,0.223887,0.235341,0.20655,0.213364,0.221423,0.211453,0.225698,0.215068,0.213909,0.219808,0.218703,0.230008,0.201326,0.190349,0.233177,0.194871,0.185201,0.194459,0.184008,0.193836,0.194601,0.158523,0.193078,0.173698,0.174852,0.191445,0.164565,0.174188,0.145351,0.193845,0.130561,0.152823,0.167947,0.153608,0.13048,0.162338,0.137182,0.127984,0.134715,0.140525,0.130981
0.127281,0.124421,0.12793,0.129828,0.159273,0.143754,0.144312,0.164323,0.148081,0.133217,0.180221,0.150259,0.141396,0.171134,0.185662,0.144661,0.206033,0.144795,0.171669,0.172386,0.183991,0.195242,0.171542,0.202608,0.193568,0.191264,0.197813,0.196383,0.204278,0.20798,0.185081,0.194222,0.18843,0.211806,0.226656,0.191174,0.220931,0.201939,0.227198,0.235095,0.231831,0.244229,0.235511,0.248777,0.232522,0.235303,0.254533,0.277605,0.844847,0.933072,0.926061,0.916962,0.901406,0.448727,0.405451,0.375773,0.38169,0.388876,0.401861,0.388504,0.386075,0.3879,0.410899,0.389555,0.397801,0.403333,0.40015,0.382684,0.420015,0.411162,0.402302,0.422093,0.433558,0.424203,0.415295,0.424041,0.414472,0.436179,0.425278,0.447303,0.441593,0.450776,0.415123,0.453975,0.445811,0.449613,0.442657,0.423173,0.438535,0.440972,0.445028,0.455096,0.434971,0.437817,0.444227,0.455699,0.445016,0.448187,0.447593,0.440174,0.461227,0.471141,0.514215,0.518105,0.531519,0.509958,0.529567,0.512291,0.496465,0.413798,0.403478,0.391868,0.394391,0.397668,0.37942,0.382709,0.400624,0.42063,0.513482,0.521826,0.519319,0.519177,0.535142,0.517697,0.504697,0.523685,0.525578,0.526874,0.520329,0.526228,0.528403,0.525973,0.50392,0.520018,0.533312,0.520989,0.518326,0.533048,0.532608,0.53941,0.526869,0.519117,0.516351,0.535184,0.527447,0.524099,0.531927,0.532302,0.518025,0.52415,0.533937,0.515588,0.53815,0.526242,0.520579,0.476855,0.467626,0.449725,0.453457,0.454339,0.456172,0.459395,0.452817,0.446785,0.449709,0.461963,0.452771,0.449571,0.450411,0.433615,0.450354,0.461602,0.452536,0.464125,0.425798,0.465623,0.451975,0.456863,0.440647,0.443693,0.428266,0.432618,0.421756,0.436679,0.444001,0.43313,0.414733,0.422537,0.428919,0.391931,0.412395,0.411295,0.405596,0.402662,0.419437,0.401387,0.392488,0.399185,0.412207,0.395722,0.391724,0.382869,0.415917,0.457862,0.907864,0.925985,0.939625,0.9399,0.853178,0.285192,0.257987,0.244146,0.241746,0.256488,0.238571,0.245538,0.241733,0.241143,0.231608,0.207157,0.234956,0.196458,0.232571,0.21346,0.197509,0.203654,0.189917,0.210484,0.214695,0.206888,0.204906,0.188813,0.197786,0.208164,0.17786,0.193678,0.180548,0.177438,0.179889,0.150813,0.21333,0.151744,0.194563,0.176098,0.148186,0.150395,0.179939,0.142483,0.150933,0.168385,0.152009,0.142818,0.169803,0.139427,0.135446,0.132566
0.1496,0.106152,0.129035,0.142265,0.129865,0.130275,0.158166,0.153006,0.126722,0.181084,0.127573,0.170077,0.14916,0.1337,0.160196,0.170742,0.164221,0.162127,0.180682,0.16534,0.188671,0.183368,0.179763,0.201975,0.183389,0.196142,0.207092,0.196152,0.198389,0.18335,0.210355,0.20875,0.223121,0.210565,0.206283,0.220386,0.201206,0.221134,0.233183,0.225011,0.231654,0.208673,0.219046,0.246837,0.224774,0.232216,0.259168,0.29911,0.865003,0.941656,0.938501,0.928437,0.85878,0.420167,0.407369,0.391576,0.403192,0.382164,0.38346,0.405813,0.383552,0.397711,0.410878,0.397719,0.394621,0.419453,0.423292,0.420468,0.408817,0.416986,0.42381,0.410109,0.422953,0.421926,0.425746,0.455806,0.426772,0.42681,0.432807,0.446072,0.412214,0.43088,0.437142,0.42633,0.431313,0.44315,0.442931,0.460349,0.44272,0.468385,0.438382,0.457185,0.450945,0.436181,0.447684,0.44122,0.456958,0.442464,0.440175,0.462626,0.441272,0.45027,0.518985,0.510892,0.510918,0.522797,0.50372,0.394591,0.401026,0.392983,0.38039,0.386374,0.383196,0.377908,0.396236,0.399465,0.384842,0.392328,0.406803,0.40573,0.496132,0.536064,0.523763,0.533653,0.521079,0.519389,0.538168,0.503997,0.523664,0.504464,0.538295,0.520243,0.524755,0.532677,0.524285,0.538268,0.510625,0.524096,0.532861,0.526942,0.52372,0.53,0.535763,0.51399,0.521619,0.522957,0.519121,0.52823,0.534798,0.511594,0.527373,0.536739,0.51497,0.520006,0.524931,0.455391,0.450085,0.468946,0.448184,0.450652,0.46415,0.448356,0.451462,0.444796,0.462475,0.468217,0.445344,0.473722,0.457227,0.468848,0.454489,0.45119,0.443648,0.435121,0.447825,0.445799,0.424808,0.458732,0.440939,0.441651,0.4366,0.467192,0.438628,0.429289,0.434004,0.422281,0.434635,0.428863,0.421186,0.429307,0.430447,0.430434,0.404429,0.404658,0.422146,0.403957,0.39462,0.41637,0.393783,0.390288,0.412293,0.402477,0.413838,0.425879,0.868299,0.935694,0.941872,0.946478,0.874014,0.307651,0.268406,0.243889,0.234549,0.250906,0.226694,0.217948,0.241231,0.231499,0.241201,0.230922,0.207646,0.226207,0.210964,0.221705,0.227127,0.211811,0.215087,0.197012,0.205263,0.200769,0.207042,0.207228,0.191418,0.210225,0.185916,0.186702,0.199195,0.175618,0.18935,0.161054,0.167399,0.177098,0.163609,0.13675,0.152144,0.174464,0.132784,0.184689,0.133338,0.158601,0.163504,0.137185,0.136104,0.14476,0.129971,0.105639
0.132762,0.1445,0.12396,0.12707,0.161343,0.136778,0.114177,0.163885,0.155431,0.135657,0.17269,0.167015,0.149422,0.171798,0.123009,0.18495,0.133149,0.185564,0.172816,0.15523,0.171399,0.170085,0.173416,0.188633,0.168891,0.19917,0.210735,0.189121,0.195715,0.220448,0.19871,0.198462,0.203029,0.196287,0.226872,0.208611,0.227303,0.219972,0.210881,0.233004,0.220136,0.234302,0.226101,0.214217,0.238539,0.233267,0.23803,0.329951,0.897724,0.923263,0.915327,0.901875,0.45702,0.364477,0.385453,0.378566,0.377473,0.385654,0.381353,0.405043,0.403259,0.395021,0.401863,0.422805,0.369661,0.392767,0.398274,0.413315,0.409418,0.421294,0.434448,0.399205,0.418398,0.436227,0.411886,0.406086,0.443544,0.420062,0.42811,0.448275,0.431674,0.448674,0.436002,0.451493,0.423379,0.424431,0.443974,0.435958,0.4336,0.407746,0.44072,0.438508,0.44683,0.459595,0.446097,0.432314,0.436473,0.468974,0.440309,0.456843,0.461716,0.457852,0.51305,0.517256,0.500686,0.403168,0.399432,0.391607,0.380646,0.369442,0.400098,0.383924,0.384472,0.385521,0.402293,0.379854,0.377079,0.383267,0.395812,0.394032,0.407057,0.497113,0.520279,0.515597,0.507076,0.530428,0.51747,0.524401,0.515276,0.526484,0.514066,0.533362,0.507837,0.516145,0.520304,0.505542,0.524694,0.529485,0.527884,0.519421,0.513148,0.515561,0.538756,0.522062,0.522252,0.523098,0.534607,0.508658,0.518674,0.528056,0.529629,0.523316,0.52345,0.523225,0.521401,0.46491,0.467352,0.466379,0.445041,0.479273,0.442049,0.442608,0.452369,0.471145,0.45205,0.451199,0.449425,0.420198,0.43773,0.449811,0.451804,0.437145,0.432356,0.463184,0.446705,0.462589,0.445912,0.455683,0.442284,0.431207,0.454865,0.417902,0.420708,0.449239,0.426792,0.408356,0.446149,0.433465,0.419233,0.423489,0.409129,0.401243,0.379803,0.428719,0.412973,0.404988,0.413045,0.412683,0.387574,0.39709,0.384113,0.391131,0.39382,0.373885,0.465636,0.908335,0.927304,0.934518,0.901892,0.337669,0.245714,0.238879,0.244743,0.223629,0.234381,0.240597,0.224577,0.23986,0.219342,0.229601,0.23028,0.219429,0.236666,0.200547,0.206117,0.210863,0.207359,0.224668,0.197455,0.197246,0.218657,0.20982,0.171248,0.185368,0.176778,0.181857,0.178685,0.156219,0.169081,0.195949,0.141881,0.18869,0.129448,0.179654,0.153581,0.173908,0.175132,0.138783,0.160879,0.167778,0.117252,0.142127,0.165204,0.127388,0.129126,0.154441
0.131374,0.140292,0.119911,0.159854,0.124053,0.148314,0.162858,0.124173,0.156895,0.164867,0.14239,0.149334,0.171508,0.166841,0.161842,0.184968,0.16641,0.18713,0.148762,0.19319,0.199313,0.173454,0.195063,0.184995,0.188926,0.192454,0.179004,0.184798,0.216743,0.190888,0.204241,0.213639,0.206108,0.206393,0.187868,0.214185,0.213837,0.217943,0.211417,0.213779,0.218879,0.226546,0.237949,0.239424,0.224804,0.240589,0.288919,0.829198,0.914917,0.927587,0.936795,0.888028,0.436969,0.384832,0.397441,0.398973,0.395254,0.405233,0.395904,0.399226,0.414718,0.390158,0.409532,0.409431,0.424867,0.404055,0.397546,0.416914,0.416733,0.408509,0.422023,0.430096,0.419366,0.425352,0.445381,0.421825,0.452387,0.436605,0.414858,0.420426,0.425955,0.443119,0.42133,0.432929,0.446289,0.442508,0.441034,0.438737,0.468057,0.456015,0.437338,0.457233,0.425317,0.445563,0.422612,0.464024,0.449059,0.439542,0.459922,0.443481,0.440093,0.465454,0.525847,0.492403,0.40554,0.394412,0.380403,0.381119,0.385272,0.387943,0.388115,0.394303,0.379987,0.388542,0.381802,0.392015,0.398556,0.385165,0.394203,0.372145,0.404963,0.514185,0.527405,0.52394,0.526553,0.52404,0.534202,0.52926,0.516902,0.530742,0.533705,0.52687,0.525788,0.526503,0.528354,0.530042,0.531351,0.506645,0.527288,0.520509,0.532773,0.528322,0.518852,0.525947,0.517192,0.529243,0.526012,0.527638,0.522931,0.52128,0.518029,0.53117,0.527893,0.516807,0.52888,0.474314,0.445772,0.448829,0.47005,0.446174,0.458634,0.471229,0.434896,0.453913,0.43569,0.46206,0.449495,0.46579,0.481202,0.445045,0.451812,0.454167,0.455429,0.441918,0.431391,0.458875,0.43349,0.438173,0.42516,0.447116,0.467762,0.431825,0.454319,0.435355,0.429926,0.438807,0.432303,0.417825,0.427711,0.429348,0.408934,0.417451,0.434776,0.421419,0.41858,0.399028,0.423862,0.40757,0.41065,0.412752,0.405265,0.406671,0.405572,0.390403,0.447484,0.895826,0.942373,0.935545,0.925783,0.837756,0.297664,0.246778,0.237079,0.246985,0.244907,0.23455,0.225814,0.221627,0.217321,0.221664,0.223185,0.220405,0.193101,0.212443,0.220609,0.211694,0.20795,0.195928,0.230946,0.192037,0.192763,0.191604,0.196793,0.194198,0.204466,0.174513,0.20086,0.198102,0.159959,0.195317,0.166787,0.189863,0.164615,0.172435,0.179047,0.15717,0.148632,0.168518,0.158432,0.132666,0.168397,0.150904,0.125344,0.163282,0.124276,0.14163
0.134902,0.128482,0.140568,0.124497,0.146522,0.14667,0.141994,0.135903,0.163907,0.107799,0.173554,0.136057,0.15505,0.152824,0.180629,0.164639,0.171775,0.182272,0.168185,0.191356,0.16606,0.179828,0.20872,0.176549,0.211592,0.187784,0.190006,0.190669,0.189801,0.205262,0.205976,0.207537,0.216396,0.207986,0.214523,0.217346,0.202358,0.232221,0.211974,0.233342,0.235292,0.226659,0.254808,0.241176,0.241525,0.237343,0.286998,0.883458,0.916793,0.924208,0.917588,0.857711,0.413884,0.378653,0.375886,0.390608,0.382241,0.399088,0.389341,0.382938,0.397929,0.401129,0.387066,0.401066,0.388571,0.410573,0.391771,0.421513,0.408197,0.395146,0.409742,0.445171,0.398001,0.425815,0.42555,0.423799,0.416466,0.427608,0.442491,0.447938,0.422786,0.415276,0.439557,0.457733,0.426395,0.428811,0.42552,0.434041,0.439587,0.438175,0.441942,0.436932,0.446463,0.454411,0.445553,0.435144,0.45442,0.436942,0.455893,0.453891,0.432864,0.452812,0.498625,0.41061,0.374895,0.381349,0.40022,0.397556,0.382981,0.389546,0.376075,0.386372,0.382935,0.380959,0.397429,0.373888,0.388858,0.38122,0.391981,0.384985,0.391727,0.411064,0.497906,0.520111,0.519062,0.529778,0.523332,0.521982,0.534759,0.521342,0.526271,0.528723,0.521657,0.52092,0.517426,0.529599,0.525555,0.518997,0.527683,0.515797,0.526681,0.507596,0.534122,0.514713,0.521952,0.521466,0.514683,0.526422,0.522721,0.536821,0.539414,0.519308,0.514278,0.531718,0.520759,0.45884,0.44077,0.461466,0.46343,0.446827,0.459206,0.443561,0.455565,0.464211,0.454075,0.446789,0.448333,0.446999,0.451508,0.443835,0.43783,0.435099,0.437635,0.466447,0.454298,0.426584,0.436998,0.457575,0.453575,0.444073,0.426401,0.436442,0.439107,0.433067,0.40876,0.457986,0.420517,0.406664,0.418232,0.430684,0.403828,0.422169,0.398945,0.413732,0.39798,0.413565,0.406896,0.392656,0.398092,0.406478,0.388901,0.399048,0.385332,0.389114,0.4184,0.867996,0.926534,0.933386,0.926476,0.890818,0.292461,0.246469,0.245235,0.248302,0.26236,0.236909,0.243787,0.239254,0.220233,0.238759,0.210515,0.222215,0.221946,0.216691,0.216838,0.211751,0.218222,0.212864,0.1924,0.198711,0.188658,0.198222,0.221053,0.181714,0.209342,0.181785,0.17478,0.197465,0.177155,0.182992,0.175939,0.173492,0.184157,0.153899,0.158862,0.139489,0.17962,0.117589,0.171865,0.138017,0.146234,0.153057,0.159457,0.135641,0.148175,0.131353
0.126216,0.125424,0.144394,0.162935,0.136438,0.136965,0.168465,0.144476,0.152377,0.178917,0.139803,0.164788,0.157902,0.152761,0.179523,0.111375,0.189793,0.147855,0.180654,0.169604,0.157782,0.20569,0.168332,0.17193,0.200096,0.191574,0.200377,0.202994,0.200068,0.198066,0.184916,0.201907,0.205743,0.218402,0.205513,0.226835,0.218397,0.227599,0.238407,0.236395,0.221816,0.221326,0.23647,0.259171,0.248229,0.220864,0.335728,0.888552,0.919491,0.92052,0.904488,0.436628,0.383545,0.399649,0.378681,0.397946,0.398958,0.390794,0.394531,0.400482,0.395215,0.405,0.417719,0.400614,0.42137,0.424686,0.414629,0.395559,0.425953,0.420028,0.3893,0.426316,0.440756,0.433302,0.423613,0.438459,0.415788,0.428361,0.43059,0.43384,0.443823,0.433789,0.425498,0.432366,0.451136,0.439556,0.437879,0.453179,0.427316,0.434613,0.447205,0.445847,0.431088,0.44495,0.44746,0.448503,0.429431,0.466173,0.435222,0.457491,0.454015,0.444502,0.37638,0.387838,0.396499,0.383447,0.3733,0.389586,0.370109,0.396937,0.402569,0.376879,0.382764,0.393907,0.396532,0.392183,0.378102,0.407995,0.377102,0.400165,0.381269,0.386888,0.412442,0.513796,0.524958,0.518929,0.52514,0.527525,0.529927,0.527715,0.526268,0.519228,0.526456,0.523673,0.529453,0.52282,0.514475,0.537506,0.508803,0.544619,0.514097,0.527928,0.532356,0.529659,0.518213,0.517492,0.537692,0.534392,0.510092,0.529275,0.510587,0.523192,0.536033,0.524638,0.499534,0.468207,0.460462,0.46526,0.444786,0.471976,0.438639,0.456812,0.456751,0.454363,0.44225,0.454801,0.456127,0.44387,0.435554,0.464545,0.449133,0.449646,0.459132,0.445923,0.437381,0.447912,0.45771,0.442051,0.446282,0.43604,0.429367,0.449336,0.433504,0.447655,0.450375,0.439677,0.402721,0.429334,0.440245,0.407237,0.421627,0.434389,0.432516,0.407593,0.425512,0.415583,0.402213,0.413031,0.405006,0.400444,0.409979,0.404053,0.388295,0.407434,0.393694,0.445291,0.913294,0.931176,0.928882,0.898241,0.345181,0.226988,0.255365,0.267166,0.242865,0.224926,0.228508,0.245742,0.243608,0.237495,0.225685,0.235956,0.211909,0.222439,0.212905,0.216665,0.188092,0.204774,0.202847,0.210318,0.208749,0.202268,0.203397,0.176726,0.178033,0.214318,0.161738,0.174372,0.178606,0.157376,0.19777,0.115384,0.190435,0.160509,0.163071,0.170346,0.146395,0.183051,0.156355,0.150588,0.173477,0.140437,0.137489,0.162689,0.146258,0.13141
0.11728,0.129025,0.128716,0.13734,0.146456,0.141243,0.133433,0.165749,0.147128,0.164972,0.152973,0.159429,0.174976,0.161336,0.155757,0.180746,0.194941,0.146664,0.209756,0.165813,0.198614,0.183141,0.184625,0.193276,0.205924,0.200719,0.195315,0.204689,0.19087,0.207373,0.215967,0.21121,0.205396,0.194722,0.208957,0.215218,0.21617,0.19759,0.215686,0.206548,0.228035,0.22754,0.208542,0.225943,0.245958,0.293678,0.826893,0.923066,0.931701,0.920665,0.878057,0.41788,0.381051,0.394863,0.385327,0.380789,0.389096,0.396459,0.404237,0.38167,0.41683,0.390706,0.40574,0.404379,0.387784,0.392489,0.398915,0.415379,0.405075,0.432432,0.407322,0.407467,0.417437,0.423704,0.413906,0.435737,0.41806,0.435605,0.43051,0.424928,0.436094,0.432849,0.430998,0.407003,0.439405,0.450232,0.422204,0.445234,0.435842,0.456714,0.436219,0.424355,0.449448,0.431197,0.433349,0.468957,0.434975,0.44629,0.442886,0.438007,0.434425,0.341596,0.390452,0.388484,0.35892,0.386396,0.394656,0.376221,0.380807,0.374247,0.396458,0.380444,0.39282,0.394598,0.372931,0.396925,0.386579,0.37162,0.404859,0.389302,0.38696,0.390967,0.399608,0.510579,0.521343,0.521584,0.520528,0.511064,0.512759,0.512148,0.521382,0.52202,0.520943,0.52385,0.523726,0.525482,0.52316,0.523131,0.539624,0.507421,0.520411,0.532439,0.510337,0.529762,0.531077,0.514622,0.533998,0.513482,0.518544,0.514692,0.53457,0.527902,0.496226,0.530351,0.530052,0.46651,0.45765,0.444252,0.452947,0.45087,0.445012,0.475887,0.443363,0.437181,0.461347,0.435383,0.449043,0.465375,0.447035,0.453552,0.433913,0.462178,0.451784,0.418243,0.445531,0.44656,0.444258,0.439481,0.438155,0.447794,0.433306,0.444906,0.423191,0.433367,0.432355,0.417876,0.420093,0.447626,0.413873,0.426146,0.412322,0.404788,0.397765,0.413687,0.418145,0.398274,0.43183,0.388283,0.409202,0.406575,0.398216,0.392185,0.392614,0.405681,0.38771,0.426279,0.885392,0.929087,0.939722,0.934117,0.835817,0.301189,0.257566,0.234444,0.219038,0.235376,0.23775,0.209966,0.220437,0.201419,0.22124,0.223234,0.215935,0.202235,0.217053,0.215666,0.222245,0.212566,0.203893,0.212859,0.203917,0.198601,0.215249,0.201921,0.191475,0.182863,0.20109,0.169143,0.215841,0.151872,0.196359,0.181669,0.157948,0.165586,0.183148,0.164897,0.159339,0.167063,0.153676,0.172067,0.141138,0.14741,0.153694,0.144243,0.138084,0.137752
0.131787,0.131453,0.147278,0.148425,0.140829,0.167046,0.125578,0.159587,0.125507,0.151436,0.132508,0.171671,0.128918,0.19611,0.159652,0.196239,0.143876,0.186423,0.178874,0.175055,0.174038,0.177314,0.182583,0.221667,0.178304,0.184438,0.203143,0.205404,0.199327,0.208483,0.203063,0.193612,0.211785,0.228339,0.215005,0.210646,0.236327,0.207753,0.220663,0.230326,0.229357,0.233326,0.227919,0.235154,0.239825,0.291533,0.894184,0.934749,0.925606,0.927605,0.868531,0.422198,0.378387,0.390249,0.372293,0.39031,0.384282,0.412963,0.392331,0.40121,0.379569,0.411804,0.415543,0.396837,0.389069,0.421482,0.412993,0.425131,0.402761,0.431835,0.439174,0.420057,0.42343,0.435998,0.422094,0.446367,0.428587,0.406953,0.421374,0.448067,0.435899,0.419142,0.445875,0.458438,0.429358,0.418571,0.436359,0.434655,0.427782,0.41467,0.443515,0.446935,0.443157,0.459829,0.43257,0.441548,0.443082,0.449377,0.45788,0.427541,0.322612,0.328892,0.362876,0.388028,0.379646,0.393196,0.391173,0.377305,0.387737,0.39466,0.363663,0.400181,0.362567,0.37112,0.400469,0.382877,0.38513,0.385005,0.382333,0.385441,0.386543,0.369545,0.405833,0.490241,0.52666,0.509051,0.534146,0.526502,0.52969,0.526072,0.533755,0.509391,0.527642,0.505915,0.533872,0.50242,0.521499,0.518846,0.518697,0.520025,0.519007,0.51942,0.536141,0.506924,0.500558,0.53656,0.499581,0.533334,0.523705,0.516886,0.531334,0.534186,0.518883,0.529003,0.504614,0.467214,0.44714,0.451404,0.464182,0.460166,0.452565,0.448527,0.44017,0.469725,0.450983,0.458816,0.453125,0.429572,0.434524,0.445136,0.443739,0.430747,0.438176,0.471915,0.4605,0.431441,0.450029,0.455921,0.434781,0.419886,0.436584,0.462039,0.432176,0.445144,0.434561,0.431817,0.451517,0.442016,0.413602,0.436019,0.421345,0.428387,0.402842,0.409118,0.426084,0.424178,0.389807,0.411026,0.407013,0.423683,0.390554,0.400706,0.382147,0.399359,0.39107,0.429565,0.877634,0.934427,0.932531,0.941829,0.900228,0.299652,0.250681,0.241371,0.232893,0.242387,0.234196,0.241254,0.230914,0.216436,0.24366,0.215328,0.220527,0.235994,0.216695,0.198179,0.210273,0.219655,0.20714,0.209803,0.210373,0.196349,0.185864,0.225767,0.187331,0.191146,0.184412,0.181962,0.188139,0.185742,0.149264,0.204954,0.167618,0.204302,0.134814,0.177733,0.140969,0.160692,0.130461,0.159281,0.124936,0.169968,0.141465,0.151259,0.146326,0.131186
0.13556,0.1264,0.146773,0.128105,0.13194,0.145601,0.143997,0.146957,0.189305,0.138418,0.182852,0.116926,0.180732,0.1526,0.150117,0.168725,0.144003,0.199314,0.150854,0.192445,0.189611,0.174302,0.194036,0.183606,0.171821,0.207966,0.190816,0.187279,0.212175,0.186764,0.205736,0.199673,0.223417,0.210398,0.22369,0.190289,0.235075,0.21541,0.234304,0.212129,0.207905,0.24824,0.230484,0.227796,0.233935,0.335381,0.887575,0.917517,0.930034,0.891276,0.457878,0.379184,0.376822,0.379477,0.39601,0.384774,0.380094,0.387999,0.415912,0.379941,0.404144,0.378532,0.401306,0.403747,0.400915,0.408521,0.404307,0.414089,0.402095,0.421181,0.413266,0.42941,0.396059,0.428314,0.397082,0.407738,0.442368,0.449901,0.420123,0.421964,0.4263,0.444237,0.425456,0.427267,0.431544,0.438901,0.452462,0.435415,0.433214,0.451037,0.415827,0.464259,0.415224,0.437993,0.461207,0.432814,0.451516,0.435652,0.418078,0.346893,0.302421,0.31275,0.383724,0.384343,0.383894,0.356754,0.384388,0.403279,0.370425,0.384695,0.380501,0.383379,0.392101,0.393175,0.36897,0.402665,0.369988,0.387129,0.375942,0.392562,0.398623,0.385045,0.39056,0.391546,0.522861,0.506216,0.517583,0.491618,0.522341,0.491069,0.519712,0.505818,0.532338,0.50948,0.523832,0.521243,0.529614,0.52885,0.508734,0.523802,0.506205,0.537066,0.504855,0.528478,0.527665,0.520239,0.519278,0.51853,0.508416,0.544637,0.521833,0.496237,0.525,0.525333,0.524133,0.455679,0.444849,0.469704,0.444774,0.443062,0.46186,0.44024,0.469251,0.447884,0.426527,0.472936,0.425266,0.46253,0.444726,0.445057,0.457735,0.449802,0.44283,0.440542,0.434909,0.460454,0.434904,0.43593,0.43154,0.462302,0.456574,0.417636,0.410853,0.445323,0.404569,0.440107,0.423736,0.429763,0.41369,0.423515,0.412943,0.421606,0.407835,0.415612,0.409583,0.388563,0.415429,0.389554,0.426387,0.394572,0.394081,0.39455,0.408703,0.387557,0.386988,0.388725,0.466391,0.903315,0.939765,0.925364,0.898897,0.346987,0.237368,0.237209,0.238754,0.257239,0.215353,0.223857,0.240412,0.221087,0.24274,0.198029,0.231863,0.216317,0.228563,0.205681,0.215418,0.19152,0.213112,0.196604,0.197422,0.212462,0.174325,0.190343,0.200184,0.175584,0.194301,0.196505,0.150022,0.204373,0.153422,0.172334,0.15428,0.151956,0.186365,0.121477,0.187542,0.144355,0.191792,0.149289,0.1537,0.149419,0.137399,0.133944,0.152532,0.130359
0.127356,0.13825,0.132915,0.153503,0.152684,0.117886,0.196905,0.12665,0.181318,0.154534,0.158506,0.183474,0.159249,0.1397,0.188692,0.168998,0.185147,0.166729,0.152016,0.192073,0.187787,0.19682,0.197267,0.173174,0.201054,0.200306,0.186158,0.20255,0.196252,0.19869,0.225745,0.212005,0.198211,0.207492,0.224761,0.213193,0.221089,0.220017,0.214685,0.228109,0.238239,0.226616,0.216177,0.236795,0.280493,0.819643,0.913321,0.927417,0.923246,0.886752,0.415435,0.373173,0.383615,0.395553,0.378299,0.384355,0.39787,0.380827,0.415518,0.398832,0.409918,0.402353,0.40894,0.413454,0.40827,0.414659,0.412025,0.419597,0.409276,0.404275,0.428314,0.432075,0.422702,0.418257,0.434784,0.417914,0.409543,0.439604,0.434777,0.431541,0.420034,0.438105,0.42195,0.443674,0.425434,0.424999,0.425507,0.431161,0.431815,0.470356,0.431122,0.432643,0.456087,0.427853,0.452781,0.443661,0.440274,0.426894,0.324833,0.320853,0.317751,0.305244,0.394001,0.37495,0.387419,0.400032,0.368407,0.378771,0.395195,0.383365,0.388705,0.406391,0.377616,0.384873,0.38002,0.38454,0.389963,0.395551,0.393949,0.37751,0.403916,0.384602,0.395257,0.383236,0.515737,0.511825,0.526247,0.528087,0.522989,0.527906,0.52729,0.511091,0.526581,0.508158,0.529636,0.519252,0.539746,0.511498,0.526974,0.532376,0.525482,0.521582,0.515183,0.519048,0.514802,0.540472,0.523608,0.52007,0.533116,0.516482,0.507452,0.540809,0.525352,0.517379,0.53386,0.448911,0.460001,0.464222,0.449987,0.453148,0.450073,0.450759,0.461576,0.43837,0.467707,0.441542,0.43906,0.480353,0.441759,0.440467,0.43727,0.434067,0.44002,0.453321,0.43714,0.443525,0.434107,0.443255,0.446649,0.455189,0.423615,0.432048,0.446767,0.428863,0.436962,0.441274,0.438411,0.419502,0.418777,0.430921,0.42668,0.424122,0.421491,0.425916,0.420291,0.410431,0.416986,0.410861,0.423953,0.393345,0.404027,0.395512,0.387718,0.401572,0.391146,0.382047,0.421048,0.893798,0.932467,0.936097,0.919596,0.824893,0.290369,0.2454,0.222266,0.233557,0.247503,0.23269,0.225642,0.231165,0.232304,0.219782,0.234599,0.214579,0.207612,0.225156,0.23123,0.206433,0.210255,0.209314,0.192946,0.210257,0.209211,0.180581,0.208084,0.202448,0.192099,0.198301,0.163719,0.175352,0.189399,0.172099,0.191972,0.151898,0.168523,0.188884,0.166387,0.157621,0.189233,0.133839,0.196326,0.123315,0.156612,0.155196,0.142193,0.140974
0.142787,0.140483,0.1454,0.152967,0.152121,0.16078,0.119779,0.164523,0.10383,0.149496,0.15438,0.156564,0.179522,0.16954,0.17635,0.14854,0.18812,0.157932,0.190574,0.161063,0.150223,0.18368,0.189412,0.195644,0.200572,0.201947,0.203363,0.192873,0.205204,0.194937,0.19507,0.201964,0.20484,0.200573,0.227688,0.205057,0.210951,0.227382,0.223615,0.224363,0.216891,0.233186,0.236396,0.224397,0.279388,0.874384,0.927502,0.920971,0.931132,0.853394,0.434689,0.39838,0.39399,0.400928,0.378676,0.407294,0.379157,0.384486,0.392448,0.390801,0.392801,0.400404,0.393033,0.420061,0.40182,0.397963,0.394998,0.422913,0.423728,0.403125,0.40412,0.418068,0.417311,0.408552,0.411322,0.446002,0.414685,0.421459,0.415051,0.436997,0.423075,0.434651,0.418995,0.442759,0.440866,0.432718,0.44201,0.45452,0.416731,0.413926,0.446799,0.446637,0.431003,0.445522,0.429276,0.459578,0.420117,0.320663,0.328759,0.30881,0.301155,0.324136,0.360796,0.397618,0.371282,0.390588,0.377687,0.395625,0.368013,0.400373,0.355154,0.391162,0.371384,0.408275,0.383843,0.384576,0.384765,0.375984,0.366934,0.382005,0.373303,0.378151,0.382057,0.405417,0.503216,0.521909,0.530966,0.506354,0.542261,0.50664,0.530592,0.523539,0.521322,0.5303,0.518387,0.513731,0.506268,0.519028,0.500349,0.513234,0.519124,0.522035,0.5208,0.540503,0.506627,0.527743,0.490906,0.537463,0.505113,0.533193,0.51667,0.5315,0.510307,0.53592,0.504014,0.464128,0.446272,0.452965,0.470879,0.447832,0.435356,0.470766,0.436444,0.457319,0.4409,0.454719,0.458008,0.423113,0.425168,0.464193,0.450857,0.446857,0.454038,0.455413,0.430693,0.448075,0.434053,0.446307,0.4308,0.429812,0.430305,0.460438,0.424142,0.420812,0.428764,0.428257,0.415868,0.413897,0.439398,0.43736,0.405121,0.410867,0.411962,0.426911,0.406536,0.414503,0.402695,0.402901,0.404042,0.396563,0.390889,0.41844,0.391566,0.410231,0.403145,0.403915,0.444212,0.861701,0.939145,0.928775,0.936625,0.882075,0.287216,0.229774,0.244081,0.237252,0.22407,0.231337,0.232103,0.231116,0.212468,0.212203,0.231519,0.205813,0.211025,0.203485,0.197608,0.204238,0.209891,0.197643,0.212281,0.206376,0.208969,0.204182,0.193642,0.188192,0.159763,0.168588,0.199668,0.162845,0.196014,0.156743,0.187119,0.17457,0.179046,0.159404,0.157421,0.155679,0.111695,0.16868,0.12622,0.162269,0.15804,0.156617,0.147485,0.147286
0.104134,0.162622,0.116919,0.138284,0.146913,0.1482,0.152333,0.174854,0.151282,0.171415,0.117015,0.180605,0.134077,0.181016,0.140839,0.170957,0.188343,0.160886,0.202888,0.164075,0.195265,0.181206,0.170048,0.18488,0.202104,0.186764,0.202386,0.207019,0.198085,0.203583,0.194829,0.210986,0.198273,0.205943,0.190066,0.220642,0.192088,0.21406,0.233996,0.213026,0.235143,0.228807,0.228081,0.225982,0.279869,0.861964,0.915833,0.922078,0.897246,0.431511,0.398683,0.375199,0.369671,0.375805,0.381875,0.377026,0.393901,0.385607,0.392259,0.394167,0.403888,0.403381,0.403355,0.39126,0.422211,0.41855,0.39558,0.418605,0.410076,0.433479,0.410644,0.406941,0.440203,0.430712,0.407283,0.420814,0.426488,0.430633,0.424739,0.428765,0.424189,0.432559,0.441153,0.415422,0.422627,0.45189,0.417342,0.432302,0.461972,0.430231,0.447323,0.444947,0.428418,0.43496,0.439467,0.443482,0.446152,0.303762,0.296861,0.324599,0.31302,0.334638,0.363182,0.377311,0.388004,0.379549,0.361044,0.397082,0.36898,0.389903,0.384159,0.376683,0.388407,0.38086,0.366818,0.382897,0.388348,0.381164,0.385953,0.385917,0.385164,0.384542,0.383212,0.371778,0.415557,0.508189,0.500755,0.531475,0.512235,0.531453,0.500407,0.517636,0.533012,0.505876,0.519446,0.518668,0.520254,0.522283,0.519039,0.516715,0.525352,0.516715,0.50389,0.504484,0.516419,0.50179,0.51482,0.517725,0.493799,0.528017,0.499893,0.519173,0.527421,0.51899,0.503323,0.476229,0.453921,0.468179,0.44195,0.437647,0.473677,0.454241,0.450707,0.445668,0.437175,0.456023,0.459127,0.438716,0.473062,0.437397,0.431548,0.464231,0.43515,0.424513,0.454737,0.444153,0.436811,0.443414,0.435527,0.445292,0.437579,0.428474,0.42331,0.441453,0.452454,0.420908,0.422474,0.446174,0.422777,0.430055,0.410244,0.432018,0.431325,0.404692,0.417096,0.409857,0.417095,0.402308,0.402149,0.396813,0.404892,0.386664,0.386273,0.390997,0.379387,0.388132,0.410237,0.442592,0.907574,0.93073,0.923924,0.872625,0.290966,0.23572,0.238187,0.240882,0.242805,0.224897,0.241299,0.220816,0.203094,0.231166,0.200008,0.217615,0.204132,0.219426,0.20554,0.205599,0.20391,0.21782,0.209875,0.197154,0.206996,0.185628,0.173833,0.189317,0.201514,0.166612,0.20499,0.167125,0.196393,0.176772,0.146205,0.183082,0.142793,0.191104,0.124211,0.174548,0.153317,0.18069,0.158722,0.153364,0.156974,0.145206,0.123301,0.165128
0.151778,0.127486,0.152506,0.128874,0.12773,0.162953,0.145013,0.159166,0.157894,0.145601,0.1773,0.160384,0.152281,0.163345,0.164354,0.185634,0.153835,0.181456,0.18486,0.187254,0.210262,0.186333,0.161319,0.209922,0.177777,0.175205,0.205625,0.201188,0.203081,0.218313,0.208301,0.202812,0.223278,0.205029,0.218904,0.249292,0.22053,0.220419,0.233283,0.237361,0.248328,0.222128,0.248617,0.231179,0.323161,0.879554,0.928823,0.92399,0.897674,0.421797,0.386935,0.390282,0.37643,0.389962,0.386737,0.418605,0.39653,0.396274,0.405453,0.391858,0.394076,0.405349,0.416483,0.409507,0.402024,0.411486,0.3976,0.40619,0.407622,0.421886,0.416648,0.404551,0.402149,0.416746,0.432801,0.432768,0.42346,0.413169,0.41807,0.424386,0.431432,0.408751,0.435468,0.455334,0.411158,0.440136,0.452506,0.436356,0.43683,0.428615,0.424707,0.446375,0.447696,0.445598,0.428699,0.425787,0.316961,0.334282,0.299427,0.31168,0.30583,0.326634,0.361653,0.379567,0.358083,0.39469,0.379239,0.364118,0.390838,0.38479,0.385112,0.376376,0.39435,0.381368,0.388968,0.380279,0.393656,0.391888,0.386021,0.375029,0.389482,0.390915,0.367083,0.394402,0.39771,0.523184,0.529851,0.506242,0.54347,0.506716,0.53027,0.531336,0.522421,0.527884,0.500681,0.526954,0.524519,0.509063,0.520241,0.527409,0.527813,0.514134,0.508451,0.397697,0.407818,0.388865,0.395574,0.397572,0.404592,0.386507,0.500017,0.534681,0.499934,0.517706,0.503873,0.466903,0.447544,0.454218,0.441469,0.479273,0.44395,0.454702,0.439965,0.453574,0.460612,0.455695,0.436036,0.442146,0.444685,0.446596,0.462747,0.454521,0.422228,0.468117,0.44387,0.419754,0.445498,0.43571,0.43278,0.428751,0.435439,0.446475,0.439834,0.430497,0.413538,0.415789,0.429295,0.43342,0.418128,0.41874,0.40638,0.420457,0.415337,0.421323,0.424767,0.418813,0.403999,0.400078,0.415032,0.404906,0.404868,0.426758,0.400638,0.395699,0.383129,0.397452,0.396031,0.428091,0.905083,0.930429,0.938873,0.886901,0.330656,0.239816,0.254038,0.229378,0.259982,0.242047,0.241388,0.230131,0.22926,0.257385,0.223828,0.212835,0.23183,0.212714,0.214327,0.227054,0.215164,0.208166,0.212708,0.180527,0.184384,0.222663,0.173634,0.190362,0.210786,0.192129,0.195696,0.1855,0.15992,0.191675,0.165945,0.172125,0.158778,0.161557,0.185248,0.151988,0.165693,0.164986,0.151528,0.168388,0.126184,0.130023,0.162135,0.135767
0.133171,0.128598,0.160064,0.140673,0.157036,0.119923,0.175707,0.0977052,0.163857,0.145894,0.164088,0.153578,0.182615,0.170904,0.165337,0.160282,0.143901,0.1963,0.145178,0.179634,0.174495,0.173269,0.213712,0.189441,0.191,0.214473,0.18552,0.195597,0.191454,0.208627,0.20196,0.206482,0.200157,0.228261,0.20548,0.217126,0.226891,0.201656,0.199623,0.221191,0.231197,0.226787,0.218154,0.277555,0.82526,0.912203,0.909707,0.911802,0.874427,0.407988,0.373598,0.384453,0.376455,0.39351,0.368693,0.382623,0.391989,0.398756,0.378376,0.401594,0.398352,0.378266,0.403419,0.403869,0.412589,0.416539,0.411911,0.407255,0.421194,0.420599,0.444379,0.424074,0.431297,0.426116,0.407671,0.410942,0.4211,0.432086,0.422852,0.409938,0.455753,0.437044,0.411328,0.440297,0.438199,0.416343,0.41454,0.458768,0.419528,0.442908,0.425399,0.430153,0.457629,0.435884,0.415873,0.335656,0.289855,0.307648,0.319623,0.308172,0.304473,0.317412,0.306495,0.387778,0.378271,0.386192,0.37819,0.382522,0.379763,0.384151,0.367166,0.389416,0.374096,0.387891,0.378944,0.375216,0.376317,0.395566,0.370804,0.393911,0.377154,0.393199,0.376702,0.371435,0.383714,0.512077,0.497957,0.520478,0.511722,0.519357,0.498815,0.521639,0.508352,0.504749,0.512069,0.527993,0.509887,0.528263,0.503771,0.531694,0.510283,0.491877,0.397324,0.390445,0.3756,0.393617,0.369053,0.389004,0.384251,0.388302,0.401549,0.507001,0.511459,0.526135,0.447839,0.45951,0.445775,0.448993,0.460856,0.451514,0.432759,0.46473,0.438864,0.449173,0.467253,0.441038,0.437179,0.451818,0.432827,0.469127,0.423947,0.428664,0.448695,0.452941,0.421748,0.449965,0.466094,0.425397,0.430037,0.445259,0.434182,0.421906,0.422343,0.440663,0.440619,0.439172,0.455704,0.431621,0.434345,0.419527,0.424116,0.428715,0.420984,0.414263,0.412302,0.389348,0.408063,0.416014,0.391376,0.409357,0.404694,0.394101,0.374411,0.40383,0.390217,0.3992,0.383,0.419402,0.885548,0.923322,0.919486,0.925703,0.834336,0.289868,0.229001,0.237677,0.236878,0.231612,0.208388,0.214411,0.230348,0.224648,0.215117,0.236133,0.210465,0.213322,0.211344,0.217239,0.197086,0.20041,0.191387,0.227135,0.201953,0.192992,0.217342,0.182545,0.186986,0.18667,0.149997,0.203915,0.148943,0.163981,0.174964,0.177547,0.185851,0.159247,0.170145,0.152311,0.170475,0.102787,0.180809,0.117228,0.165479,0.145416,0.162254,0.127989
0.148993,0.12294,0.131394,0.152519,0.139574,0.1626,0.141958,0.179918,0.143562,0.144731,0.167935,0.145677,0.188693,0.142782,0.188265,0.157033,0.196949,0.161619,0.175936,0.200174,0.149784,0.197196,0.188065,0.192793,0.21117,0.203159,0.195407,0.199148,0.20721,0.184188,0.214447,0.207205,0.220211,0.210918,0.221276,0.190417,0.221731,0.226502,0.213706,0.211726,0.222804,0.220933,0.24044,0.286132,0.855947,0.914817,0.917674,0.939131,0.832314,0.41862,0.400231,0.385923,0.394267,0.387916,0.39465,0.390172,0.381188,0.378042,0.411088,0.393828,0.40113,0.399284,0.389145,0.408168,0.395744,0.415815,0.430539,0.40887,0.404828,0.409277,0.394641,0.414995,0.391,0.423916,0.431025,0.42235,0.413262,0.427384,0.442101,0.423699,0.411705,0.430011,0.429886,0.434206,0.428797,0.448926,0.422185,0.441898,0.432675,0.453083,0.447623,0.426469,0.429232,0.439187,0.318888,0.318857,0.306555,0.316523,0.295698,0.312906,0.317971,0.317324,0.321781,0.367816,0.375922,0.38975,0.380235,0.375839,0.377842,0.386698,0.385579,0.366067,0.380288,0.384753,0.380572,0.38569,0.373866,0.383629,0.382908,0.368265,0.386358,0.397568,0.365961,0.390896,0.393451,0.515124,0.501711,0.537915,0.505717,0.539095,0.499755,0.524516,0.51832,0.524564,0.501423,0.530071,0.519897,0.503487,0.51472,0.519973,0.501444,0.403413,0.384032,0.386988,0.382295,0.369426,0.387473,0.392375,0.380088,0.378554,0.388519,0.402361,0.400342,0.492875,0.460896,0.460739,0.45863,0.455113,0.438535,0.458231,0.453194,0.458099,0.446075,0.45596,0.444281,0.436785,0.457772,0.46543,0.442715,0.454551,0.43457,0.462831,0.437708,0.446128,0.442674,0.442838,0.428144,0.434387,0.455112,0.440673,0.423877,0.433812,0.442906,0.436347,0.408287,0.424992,0.409748,0.425039,0.41465,0.422733,0.444955,0.426288,0.410231,0.422216,0.4028,0.410525,0.414944,0.402274,0.419614,0.390058,0.388494,0.401304,0.409166,0.40072,0.402198,0.393084,0.412205,0.426818,0.840892,0.949639,0.924306,0.924746,0.862388,0.29156,0.246673,0.228287,0.230829,0.219775,0.220445,0.228944,0.228473,0.198309,0.226474,0.213832,0.227769,0.210676,0.218854,0.190361,0.21065,0.205976,0.204791,0.205825,0.213168,0.197444,0.196721,0.202741,0.154768,0.205792,0.182706,0.168811,0.205653,0.167141,0.194171,0.143984,0.195468,0.151857,0.176454,0.151595,0.147408,0.188068,0.150434,0.172968,0.148017,0.159328,0.136008,0.127402
0.132445,0.160427,0.126505,0.160942,0.147655,0.152981,0.15848,0.147829,0.146738,0.181162,0.154629,0.15931,0.127565,0.191298,0.162046,0.174344,0.169454,0.160553,0.216983,0.169817,0.195611,0.177628,0.206313,0.182866,0.179608,0.201475,0.192761,0.206107,0.194539,0.198905,0.190657,0.210837,0.217858,0.194441,0.224366,0.213413,0.213025,0.215568,0.222847,0.235174,0.221362,0.234621,0.222832,0.272736,0.867906,0.934551,0.900277,0.894671,0.444548,0.376592,0.375837,0.394525,0.374073,0.390422,0.398632,0.370839,0.379988,0.399972,0.371803,0.38547,0.403937,0.389021,0.408742,0.393104,0.400262,0.417182,0.399073,0.430178,0.397271,0.414379,0.434039,0.419083,0.427126,0.419707,0.411095,0.437904,0.415083,0.411693,0.42849,0.429455,0.424544,0.421413,0.42114,0.429826,0.435395,0.436509,0.428679,0.418193,0.434434,0.432759,0.413734,0.460816,0.425035,0.423053,0.315262,0.288429,0.29876,0.319717,0.301677,0.302443,0.297422,0.312274,0.305385,0.362363,0.371334,0.387191,0.374396,0.375375,0.382091,0.390642,0.381367,0.38225,0.374356,0.381608,0.378143,0.368537,0.38923,0.397227,0.376267,0.392887,0.380062,0.394258,0.38704,0.380997,0.39357,0.504016,0.514406,0.503983,0.534702,0.503927,0.513417,0.513789,0.518569,0.51363,0.520708,0.529226,0.513996,0.526861,0.508817,0.532226,0.507708,0.377345,0.38133,0.383502,0.376778,0.386039,0.38546,0.395258,0.385026,0.381667,0.380294,0.390233,0.379575,0.383488,0.428679,0.454174,0.437388,0.448081,0.445931,0.463911,0.440009,0.432716,0.449045,0.452404,0.435552,0.472962,0.424511,0.443971,0.447597,0.428481,0.440581,0.448954,0.44874,0.44077,0.433163,0.433209,0.438718,0.444117,0.440388,0.423428,0.43216,0.451821,0.424359,0.430352,0.438434,0.432066,0.448539,0.4284,0.413823,0.441419,0.41038,0.429986,0.409719,0.40132,0.42337,0.399635,0.412106,0.399307,0.38745,0.410346,0.393349,0.38141,0.405386,0.400012,0.381779,0.405247,0.381481,0.386937,0.45528,0.902679,0.910608,0.939987,0.877028,0.281957,0.230709,0.24408,0.231919,0.242863,0.231236,0.225595,0.226173,0.219378,0.23399,0.206572,0.225049,0.222006,0.201535,0.207713,0.207037,0.219756,0.199303,0.209103,0.190891,0.194879,0.209965,0.185934,0.199578,0.176811,0.224621,0.166674,0.175646,0.17807,0.163976,0.200058,0.132716,0.164176,0.160031,0.18218,0.155984,0.148271,0.157956,0.153886,0.144181,0.157599,0.130174,0.162379
0.135435,0.151233,0.144299,0.123852,0.143532,0.147361,0.115522,0.140362,0.146458,0.152727,0.151383,0.173038,0.161707,0.165034,0.143138,0.180528,0.171082,0.185532,0.16263,0.172647,0.197848,0.193291,0.181871,0.195321,0.207434,0.18249,0.215048,0.193487,0.202737,0.194236,0.213768,0.194042,0.204273,0.205273,0.213877,0.210457,0.219584,0.216942,0.219338,0.245409,0.219081,0.21216,0.227585,0.287723,0.852249,0.90868,0.915291,0.881155,0.410407,0.360936,0.379343,0.355432,0.395096,0.373585,0.404005,0.399255,0.404535,0.385966,0.405987,0.401459,0.408881,0.406003,0.406973,0.40853,0.421943,0.391157,0.401772,0.41359,0.429712,0.408134,0.403365,0.416607,0.412197,0.426196,0.417993,0.417161,0.431226,0.40979,0.417224,0.435109,0.425504,0.443101,0.425163,0.425046,0.426328,0.435902,0.438396,0.419141,0.439819,0.454714,0.421566,0.441406,0.41435,0.321393,0.297855,0.318119,0.30456,0.300429,0.313013,0.312035,0.295642,0.310299,0.325785,0.311607,0.373767,0.373363,0.387972,0.381419,0.365813,0.381408,0.381702,0.382934,0.377495,0.399028,0.376917,0.397612,0.368939,0.383644,0.382354,0.373275,0.385532,0.379596,0.374187,0.382761,0.386221,0.517319,0.502675,0.513521,0.500717,0.512906,0.50322,0.526315,0.510769,0.516259,0.509654,0.513975,0.520606,0.507935,0.516955,0.50976,0.386799,0.400795,0.381308,0.40159,0.379672,0.386676,0.385586,0.385415,0.372409,0.38571,0.393529,0.379434,0.378202,0.32135,0.348878,0.43731,0.437487,0.456311,0.458354,0.441899,0.449148,0.45867,0.444216,0.446404,0.434036,0.453999,0.431732,0.466798,0.45075,0.43336,0.450306,0.445189,0.438131,0.439994,0.437615,0.454986,0.437452,0.448177,0.430293,0.424575,0.44261,0.43276,0.432056,0.437465,0.425723,0.433351,0.415426,0.418569,0.439587,0.424657,0.413021,0.404135,0.434926,0.421567,0.417676,0.412819,0.418841,0.413345,0.412535,0.395929,0.417605,0.411361,0.416359,0.386047,0.409702,0.365649,0.39104,0.373836,0.420478,0.889941,0.926435,0.917943,0.860048,0.297468,0.237074,0.218973,0.225301,0.251984,0.22716,0.227344,0.223851,0.217425,0.223994,0.207362,0.211223,0.199716,0.218733,0.199784,0.208267,0.193394,0.220113,0.192379,0.21057,0.196697,0.189043,0.194632,0.206144,0.179312,0.167377,0.191973,0.17598,0.189032,0.155414,0.170787,0.166654,0.177874,0.155577,0.164312,0.153405,0.147029,0.124902,0.149826,0.15477,0.139472,0.151624,0.158985
0.126923,0.127785,0.138763,0.151824,0.159686,0.134942,0.20382,0.14344,0.161365,0.143578,0.181315,0.172694,0.17902,0.155587,0.173394,0.196878,0.156813,0.191388,0.173964,0.189776,0.206124,0.170535,0.198987,0.200717,0.180673,0.19219,0.185978,0.218951,0.196294,0.224878,0.213167,0.205374,0.207814,0.226423,0.205829,0.222856,0.230026,0.219109,0.23199,0.21779,0.223359,0.229264,0.22724,0.325869,0.872538,0.92649,0.918961,0.889479,0.420504,0.379892,0.390112,0.381386,0.397602,0.365565,0.413309,0.377301,0.38446,0.395191,0.367057,0.387192,0.389839,0.381428,0.399883,0.385216,0.398552,0.423427,0.405127,0.412531,0.418917,0.426844,0.435534,0.410817,0.421847,0.41329,0.40906,0.417939,0.430543,0.42831,0.413375,0.424622,0.42681,0.423052,0.433727,0.423289,0.429844,0.425165,0.440844,0.43616,0.419929,0.428029,0.439348,0.430678,0.407743,0.322789,0.297949,0.311854,0.302299,0.306273,0.310642,0.296719,0.314474,0.315933,0.299163,0.325368,0.367635,0.375606,0.376715,0.375707,0.377131,0.382973,0.384401,0.383932,0.377108,0.37857,0.380855,0.367,0.38925,0.371095,0.379477,0.383062,0.372932,0.39166,0.370541,0.392112,0.391048,0.504333,0.507464,0.52669,0.499701,0.527852,0.505226,0.520532,0.51698,0.524479,0.50838,0.525427,0.506645,0.520305,0.50976,0.489406,0.400334,0.366919,0.38512,0.380894,0.380973,0.388059,0.387361,0.388038,0.382208,0.381515,0.381717,0.381437,0.373315,0.329814,0.309424,0.34015,0.449124,0.438995,0.455059,0.450075,0.445761,0.458131,0.440643,0.461767,0.434257,0.444726,0.4502,0.441414,0.432885,0.446902,0.452157,0.436272,0.441241,0.434153,0.449664,0.438454,0.438259,0.437378,0.425996,0.441423,0.443131,0.429973,0.418395,0.426482,0.433186,0.424692,0.450295,0.439776,0.429213,0.427231,0.417577,0.435171,0.411735,0.398573,0.411777,0.398932,0.405621,0.399715,0.380804,0.407434,0.393799,0.387439,0.425578,0.374139,0.406119,0.391891,0.400685,0.38773,0.426435,0.896113,0.9235,0.935296,0.883053,0.333762,0.233086,0.239528,0.232777,0.229808,0.242382,0.223512,0.241253,0.231663,0.211516,0.23433,0.215689,0.21535,0.219146,0.233714,0.201377,0.232296,0.198493,0.199486,0.187567,0.208785,0.207452,0.179797,0.214814,0.19622,0.178131,0.198542,0.165084,0.20366,0.175481,0.157624,0.184717,0.179267,0.190484,0.145435,0.160485,0.144832,0.201321,0.137537,0.165117,0.150556,0.142413,0.129163
0.148166,0.138451,0.143497,0.127976,0.138139,0.173604,0.133847,0.163383,0.146998,0.173216,0.155624,0.135892,0.19113,0.140244,0.190627,0.136512,0.181989,0.190623,0.15828,0.191065,0.16294,0.200001,0.195782,0.187573,0.192412,0.1991,0.183192,0.185456,0.208606,0.210207,0.193524,0.218296,0.198242,0.218923,0.223405,0.20994,0.195044,0.217043,0.202993,0.223348,0.219467,0.208981,0.275499,0.823,0.926678,0.89935,0.905582,0.838765,0.391997,0.373166,0.382589,0.382487,0.36966,0.374052,0.368129,0.399275,0.379914,0.410907,0.404138,0.399969,0.393007,0.406802,0.398385,0.427166,0.417629,0.399646,0.413679,0.401911,0.409143,0.384502,0.398491,0.417277,0.416754,0.420867,0.420938,0.40636,0.441601,0.420418,0.416365,0.4165,0.412125,0.428617,0.421853,0.431064,0.420461,0.441771,0.407578,0.44659,0.43653,0.425469,0.433057,0.423901,0.317759,0.2998,0.304426,0.312788,0.278556,0.3042,0.319156,0.303524,0.29536,0.312556,0.300621,0.324166,0.364249,0.375323,0.385892,0.374345,0.379273,0.378697,0.369761,0.373921,0.384019,0.377049,0.371972,0.394698,0.363985,0.400921,0.367358,0.384391,0.369059,0.383965,0.36531,0.378256,0.370391,0.396142,0.499041,0.499674,0.520297,0.499581,0.508423,0.511012,0.502658,0.5124,0.49798,0.519884,0.50321,0.521175,0.492158,0.419793,0.365299,0.397058,0.373869,0.380603,0.387472,0.377275,0.372616,0.38393,0.383513,0.377897,0.392541,0.381308,0.369653,0.331551,0.307189,0.329992,0.419672,0.444789,0.461884,0.450107,0.422701,0.456347,0.451206,0.444581,0.447714,0.451398,0.445329,0.436882,0.448705,0.460496,0.420879,0.451565,0.43265,0.446454,0.432711,0.44183,0.427843,0.431475,0.43014,0.435631,0.454655,0.416974,0.435199,0.433598,0.430346,0.42835,0.408842,0.398436,0.424905,0.415581,0.431107,0.413094,0.427285,0.441118,0.413161,0.413789,0.402926,0.411113,0.412888,0.4202,0.389856,0.412558,0.377452,0.384174,0.381019,0.39377,0.390359,0.382038,0.402472,0.849795,0.915888,0.913746,0.933903,0.833082,0.285959,0.219061,0.230383,0.228503,0.211302,0.226476,0.201665,0.216043,0.228219,0.230195,0.201521,0.220729,0.197436,0.216496,0.215403,0.191528,0.18915,0.204693,0.201665,0.196306,0.197832,0.20248,0.161735,0.197767,0.16836,0.194934,0.182521,0.139478,0.197989,0.150083,0.198135,0.141069,0.157677,0.179416,0.162136,0.176417,0.149297,0.185372,0.141869,0.133501,0.154419,0.143837
0.131284,0.143459,0.129349,0.160984,0.135826,0.130067,0.124675,0.157231,0.15028,0.160115,0.140618,0.194494,0.131336,0.176022,0.151747,0.177293,0.20124,0.142515,0.204307,0.175068,0.186602,0.192907,0.174771,0.210145,0.191054,0.214783,0.184109,0.201533,0.186603,0.20023,0.201957,0.213371,0.204443,0.196828,0.209791,0.225539,0.232563,0.209975,0.232335,0.211246,0.229156,0.237378,0.264383,0.866333,0.936591,0.905884,0.891681,0.428746,0.385897,0.362658,0.376329,0.384548,0.388562,0.377585,0.399131,0.399207,0.368929,0.402834,0.38794,0.394492,0.407124,0.384921,0.397936,0.391196,0.399729,0.409874,0.411327,0.404243,0.430345,0.430406,0.430161,0.407216,0.404571,0.421002,0.435682,0.403717,0.399747,0.424057,0.443649,0.414247,0.426459,0.42875,0.43633,0.421804,0.428072,0.442041,0.4191,0.429114,0.433496,0.426088,0.444777,0.306053,0.302602,0.292839,0.306219,0.306919,0.319227,0.308642,0.2821,0.328828,0.31464,0.307421,0.31182,0.3069,0.309704,0.376418,0.374776,0.371069,0.380026,0.379448,0.38077,0.384879,0.366606,0.395896,0.374695,0.376996,0.385161,0.372486,0.381023,0.376728,0.386625,0.370193,0.384943,0.391048,0.374977,0.393653,0.50778,0.521957,0.509704,0.52326,0.515801,0.518754,0.509061,0.523983,0.519578,0.504016,0.520312,0.514394,0.504914,0.38328,0.385701,0.378322,0.377894,0.397585,0.370746,0.38812,0.384778,0.382596,0.385399,0.377551,0.378202,0.382558,0.315141,0.312617,0.319512,0.312566,0.342238,0.453199,0.425832,0.454785,0.460954,0.454019,0.449328,0.439657,0.449604,0.43402,0.466506,0.437276,0.444558,0.441947,0.432003,0.454787,0.442671,0.434181,0.44966,0.442834,0.437712,0.426171,0.457187,0.436593,0.414356,0.4166,0.448839,0.431803,0.419218,0.421974,0.446532,0.442065,0.442028,0.418182,0.422801,0.420278,0.415024,0.402082,0.406356,0.396746,0.420628,0.404798,0.399486,0.416125,0.383285,0.407192,0.411378,0.389745,0.39867,0.396844,0.386326,0.374051,0.394642,0.439313,0.902137,0.91091,0.944797,0.877293,0.273794,0.24426,0.233621,0.220608,0.238964,0.220301,0.239213,0.233155,0.221527,0.203167,0.212396,0.22559,0.212185,0.203486,0.197348,0.20625,0.192976,0.226252,0.197532,0.21447,0.181471,0.200227,0.199995,0.181715,0.208882,0.145148,0.206031,0.18534,0.158648,0.180984,0.136037,0.194362,0.147469,0.169993,0.150973,0.160939,0.125151,0.130088,0.142657,0.170715,0.134332,0.158179
0.118722,0.161493,0.150275,0.148986,0.131995,0.148112,0.171369,0.141821,0.154412,0.148126,0.16998,0.161254,0.157061,0.175207,0.179585,0.18477,0.161419,0.171498,0.200377,0.180674,0.186369,0.180691,0.173089,0.188413,0.188049,0.196558,0.221252,0.195709,0.207974,0.203872,0.211024,0.209271,0.232096,0.204025,0.217818,0.222763,0.214663,0.230037,0.22153,0.226799,0.223094,0.220928,0.269688,0.857829,0.916303,0.923942,0.862026,0.396694,0.363114,0.377963,0.347429,0.384761,0.381352,0.386978,0.376385,0.384754,0.39763,0.389314,0.392964,0.404865,0.399994,0.41092,0.409644,0.38947,0.418563,0.406759,0.399414,0.428398,0.393542,0.400418,0.400762,0.421797,0.407235,0.402532,0.433538,0.414097,0.427844,0.405507,0.435268,0.43574,0.417934,0.41613,0.420792,0.424454,0.412711,0.435937,0.421726,0.439691,0.431749,0.421274,0.400325,0.328554,0.292717,0.287659,0.311615,0.29942,0.288605,0.318758,0.292573,0.305545,0.292804,0.302062,0.308462,0.309585,0.313457,0.378791,0.361518,0.390936,0.36103,0.391725,0.366317,0.386596,0.380041,0.368956,0.382373,0.380841,0.381107,0.382802,0.385947,0.38266,0.379861,0.37213,0.387974,0.367239,0.386151,0.371887,0.515314,0.50563,0.506362,0.504737,0.526704,0.496366,0.519754,0.500746,0.524111,0.506618,0.515292,0.519189,0.509339,0.393478,0.38431,0.38344,0.383759,0.371487,0.380997,0.390562,0.370055,0.395419,0.365844,0.394243,0.366433,0.386259,0.318804,0.317675,0.315625,0.310595,0.301818,0.333889,0.419838,0.462055,0.433362,0.443793,0.456495,0.434115,0.441647,0.467042,0.428208,0.433117,0.44441,0.450703,0.433297,0.450619,0.425515,0.439407,0.434511,0.430986,0.434566,0.444271,0.44511,0.416934,0.440327,0.426807,0.444858,0.414585,0.420142,0.434423,0.413,0.41617,0.408228,0.440992,0.412158,0.422812,0.431629,0.401437,0.42238,0.42335,0.412317,0.419225,0.407619,0.399973,0.409621,0.400078,0.387726,0.395808,0.393831,0.390611,0.354596,0.387375,0.375156,0.406252,0.869139,0.935409,0.928109,0.865788,0.276139,0.229912,0.233394,0.236814,0.232253,0.239718,0.222596,0.23383,0.222293,0.210707,0.240437,0.211868,0.211766,0.210834,0.212066,0.205011,0.227445,0.204098,0.19223,0.196997,0.183766,0.191186,0.191285,0.18636,0.210216,0.182452,0.167804,0.189064,0.185768,0.180145,0.162918,0.172491,0.179979,0.149706,0.160427,0.146005,0.177297,0.156232,0.139595,0.150139,0.148303,0.156092
0.153042,0.105539,0.147136,0.11562,0.178727,0.134241,0.152255,0.142619,0.164545,0.146262,0.152777,0.149324,0.185405,0.166706,0.176365,0.162948,0.163701,0.202967,0.14841,0.1826,0.197759,0.178221,0.20468,0.181311,0.198825,0.177639,0.207112,0.195394,0.201471,0.196877,0.200144,0.190007,0.221093,0.208365,0.207015,0.2052,0.202483,0.224882,0.231823,0.223287,0.219341,0.216019,0.279054,0.874913,0.912765,0.928821,0.876873,0.421494,0.369137,0.390092,0.354721,0.396928,0.368476,0.393694,0.398663,0.388167,0.378623,0.389978,0.383651,0.400059,0.379618,0.384683,0.396387,0.412013,0.370869,0.417421,0.402916,0.407456,0.430345,0.412493,0.412586,0.419793,0.411354,0.42344,0.415078,0.412251,0.435037,0.410156,0.409553,0.420208,0.448373,0.407491,0.436586,0.427072,0.436727,0.414097,0.445525,0.425537,0.426967,0.431385,0.309639,0.28918,0.317692,0.293124,0.300849,0.301958,0.313883,0.283983,0.323558,0.302989,0.295576,0.317403,0.301925,0.3127,0.305306,0.319934,0.363139,0.389511,0.368876,0.372953,0.390259,0.369795,0.383678,0.389495,0.363025,0.384097,0.37638,0.360453,0.375644,0.385381,0.378082,0.363259,0.384876,0.383967,0.376955,0.384056,0.509867,0.503149,0.510817,0.502741,0.521669,0.507854,0.511085,0.518536,0.519135,0.497587,0.512867,0.519426,0.500718,0.373256,0.377619,0.385501,0.366206,0.391807,0.387847,0.371842,0.396109,0.37667,0.372829,0.394157,0.36708,0.326346,0.312319,0.319617,0.308692,0.325547,0.30665,0.313277,0.352106,0.419653,0.457564,0.445693,0.445029,0.43929,0.463579,0.435437,0.438988,0.453449,0.437858,0.437507,0.458045,0.422996,0.451553,0.438897,0.452163,0.422641,0.461558,0.432488,0.421846,0.42318,0.447975,0.42563,0.426477,0.437004,0.427058,0.435664,0.425668,0.422941,0.44112,0.421388,0.417185,0.432124,0.382672,0.425959,0.411172,0.396232,0.391876,0.410443,0.38973,0.40101,0.390502,0.396005,0.408372,0.404784,0.378707,0.408731,0.369502,0.404335,0.379791,0.43135,0.885648,0.93782,0.918761,0.882586,0.288164,0.227532,0.224857,0.23148,0.240102,0.233828,0.21379,0.21018,0.217116,0.217327,0.230351,0.198673,0.211188,0.20402,0.20809,0.202541,0.213235,0.182473,0.212207,0.188643,0.206744,0.182103,0.204385,0.189201,0.1547,0.206228,0.168711,0.168708,0.18365,0.175496,0.19404,0.156326,0.153028,0.153148,0.175359,0.15064,0.160203,0.140205,0.183546,0.121014,0.155998,0.12002
0.141002,0.137976,0.153537,0.16407,0.123108,0.152502,0.133196,0.162744,0.157702,0.150803,0.1827,0.142801,0.171648,0.134318,0.185413,0.162618,0.17482,0.170619,0.165892,0.205761,0.159596,0.185807,0.195852,0.194783,0.208672,0.194458,0.18083,0.207511,0.207277,0.209112,0.232943,0.205548,0.194927,0.212807,0.220784,0.223128,0.21884,0.219737,0.222116,0.231776,0.218134,0.236287,0.316344,0.859141,0.91949,0.923026,0.844259,0.402789,0.380352,0.378865,0.370362,0.371581,0.390416,0.364542,0.375965,0.386382,0.395474,0.39783,0.399371,0.38331,0.405729,0.402092,0.399466,0.409009,0.415731,0.40832,0.393023,0.405753,0.395077,0.418448,0.394658,0.43001,0.403504,0.408405,0.432455,0.410797,0.418211,0.427738,0.424345,0.421626,0.422796,0.42073,0.430141,0.426888,0.435251,0.408657,0.419157,0.440922,0.418786,0.408729,0.316222,0.30049,0.275649,0.313559,0.310354,0.290575,0.312687,0.305679,0.302856,0.306989,0.309069,0.32092,0.300363,0.313958,0.306598,0.306625,0.37574,0.354296,0.37677,0.38454,0.360644,0.374724,0.38556,0.367047,0.378082,0.379621,0.386221,0.369203,0.378868,0.375864,0.380316,0.371201,0.371848,0.400255,0.361732,0.383988,0.508091,0.510194,0.50691,0.510234,0.519815,0.508262,0.495716,0.534914,0.508103,0.503891,0.516554,0.512018,0.501992,0.381551,0.388727,0.383125,0.381605,0.369766,0.387201,0.379767,0.363252,0.38817,0.381308,0.359734,0.38154,0.312048,0.313724,0.321258,0.307881,0.331751,0.316443,0.316473,0.322487,0.432455,0.456739,0.434592,0.454749,0.460094,0.420112,0.446312,0.452774,0.43823,0.43353,0.453844,0.429457,0.424034,0.445866,0.438474,0.44213,0.434668,0.436538,0.432456,0.436844,0.442421,0.432412,0.426553,0.445743,0.420906,0.41762,0.444751,0.410297,0.43202,0.410334,0.420992,0.404328,0.419411,0.431384,0.421919,0.4128,0.417461,0.416407,0.395,0.414797,0.411543,0.404958,0.399991,0.388789,0.375952,0.39839,0.383769,0.380028,0.385149,0.389787,0.413415,0.855006,0.931527,0.927524,0.871939,0.325758,0.244242,0.23097,0.240678,0.233033,0.227642,0.224893,0.232721,0.227745,0.21853,0.202065,0.21521,0.238974,0.214732,0.213349,0.214992,0.191949,0.202944,0.210699,0.199351,0.203002,0.196424,0.169901,0.212302,0.170643,0.176225,0.186216,0.171101,0.194402,0.146091,0.176613,0.142398,0.190723,0.158009,0.158784,0.166127,0.134005,0.15114,0.127543,0.169424,0.157918,0.137942
0.144509,0.157146,0.115561,0.156569,0.146306,0.18882,0.150884,0.152495,0.14359,0.181641,0.145945,0.184429,0.127663,0.191775,0.158169,0.180651,0.179521,0.181334,0.193001,0.159452,0.183243,0.189734,0.195391,0.176213,0.200752,0.185782,0.187553,0.211026,0.183694,0.209005,0.190196,0.214653,0.199654,0.219023,0.210282,0.215761,0.219282,0.211461,0.215771,0.229602,0.235744,0.269182,0.81339,0.912984,0.896237,0.889984,0.426713,0.371352,0.383455,0.368918,0.385885,0.379142,0.380708,0.375627,0.387802,0.38177,0.406199,0.381862,0.414368,0.380494,0.397157,0.392369,0.402862,0.385632,0.380835,0.418777,0.411404,0.402628,0.421498,0.420453,0.403525,0.424102,0.415048,0.415092,0.404139,0.419716,0.406015,0.423465,0.431102,0.411539,0.430285,0.420745,0.432456,0.406332,0.440793,0.443821,0.418287,0.416168,0.449488,0.309335,0.279018,0.304482,0.308295,0.285584,0.306321,0.299964,0.306749,0.287563,0.314874,0.296556,0.310848,0.292303,0.309432,0.297334,0.309676,0.307277,0.308049,0.377723,0.371353,0.381529,0.380301,0.367474,0.380951,0.376497,0.374221,0.378112,0.37702,0.382306,0.357481,0.390835,0.367994,0.369718,0.3862,0.366888,0.38632,0.358971,0.502639,0.506375,0.500793,0.505403,0.514054,0.484576,0.518852,0.502681,0.520674,0.504405,0.502958,0.527479,0.481402,0.395245,0.38149,0.380047,0.378197,0.380051,0.38479,0.369891,0.384224,0.385404,0.376857,0.381868,0.31499,0.312242,0.315279,0.305173,0.317612,0.300147,0.320295,0.305794,0.325321,0.314392,0.436326,0.443166,0.450786,0.431882,0.452629,0.449704,0.423685,0.437705,0.470454,0.42808,0.433769,0.454774,0.456396,0.418623,0.443159,0.43413,0.440748,0.423507,0.44311,0.433093,0.419734,0.431311,0.416591,0.430234,0.427841,0.433683,0.414027,0.435763,0.436638,0.412841,0.42711,0.434027,0.393354,0.399473,0.416088,0.402367,0.410418,0.394629,0.424506,0.394027,0.418953,0.392669,0.397179,0.388168,0.395098,0.387788,0.395265,0.381319,0.393514,0.382618,0.437322,0.901641,0.907028,0.920585,0.823615,0.281453,0.24106,0.238035,0.222111,0.221616,0.227803,0.222779,0.221794,0.226946,0.211438,0.224359,0.194469,0.218381,0.194165,0.218001,0.194049,0.193607,0.207917,0.186384,0.207378,0.194503,0.18523,0.164774,0.198754,0.188259,0.185635,0.183462,0.161685,0.195218,0.134086,0.194166,0.151922,0.186698,0.150278,0.155875,0.159276,0.198986,0.154553,0.164664,0.125256,0.160818
0.106692,0.158511,0.137033,0.134873,0.152883,0.129467,0.154429,0.151305,0.17593,0.132522,0.15509,0.164985,0.173936,0.171992,0.160901,0.173398,0.182755,0.159719,0.177851,0.171835,0.197651,0.203965,0.172734,0.213342,0.17463,0.221243,0.187247,0.189412,0.204136,0.19214,0.194715,0.215255,0.204762,0.212761,0.226999,0.200968,0.237614,0.211751,0.220286,0.238491,0.224435,0.266098,0.879025,0.908628,0.924453,0.878185,0.4131,0.367424,0.375158,0.388476,0.386025,0.376351,0.400597,0.382096,0.388767,0.368874,0.379914,0.379116,0.384187,0.410055,0.390941,0.388203,0.398931,0.407899,0.402771,0.410127,0.398488,0.406667,0.404096,0.401248,0.404591,0.405869,0.410355,0.43047,0.422145,0.420039,0.415127,0.425014,0.412317,0.429901,0.407374,0.423891,0.421551,0.420438,0.407323,0.433225,0.430818,0.410632,0.408205,0.304357,0.295233,0.291448,0.300045,0.296467,0.300759,0.31846,0.289704,0.306943,0.299193,0.300233,0.30795,0.305481,0.301428,0.315878,0.289195,0.332091,0.316311,0.350045,0.378495,0.386346,0.356873,0.3864,0.36867,0.392994,0.354547,0.36945,0.387153,0.368692,0.384244,0.375961,0.390973,0.359305,0.377733,0.387351,0.361403,0.394122,0.502854,0.514111,0.511673,0.513953,0.513774,0.520079,0.494453,0.522275,0.513805,0.494137,0.528245,0.512444,0.508433,0.382764,0.390083,0.373333,0.358375,0.398402,0.371425,0.390972,0.361849,0.390343,0.384622,0.354748,0.321119,0.340282,0.295716,0.323613,0.31029,0.314703,0.317333,0.311392,0.309342,0.319839,0.318627,0.454681,0.445774,0.441992,0.447341,0.436128,0.444117,0.441172,0.436281,0.423483,0.44256,0.448692,0.42021,0.435093,0.437112,0.436748,0.420127,0.439805,0.426621,0.440302,0.428451,0.433417,0.432798,0.442171,0.423691,0.420273,0.422113,0.413161,0.415268,0.420653,0.410138,0.422573,0.417746,0.419372,0.410683,0.406625,0.404833,0.419843,0.399078,0.392154,0.389694,0.380389,0.400396,0.38992,0.409827,0.38828,0.397255,0.400176,0.384279,0.377308,0.421292,0.88595,0.932616,0.921155,0.88912,0.27282,0.235981,0.246605,0.230745,0.216773,0.246206,0.211677,0.233354,0.218933,0.207661,0.222306,0.20603,0.200495,0.21033,0.194339,0.195562,0.228648,0.181015,0.217037,0.173789,0.210441,0.20631,0.181125,0.187128,0.16181,0.18827,0.17986,0.168915,0.177493,0.182818,0.170579,0.156154,0.137077,0.180133,0.157266,0.158168,0.134909,0.159213,0.1408,0.139853,0.168473
0.155186,0.129741,0.157095,0.1234,0.134483,0.136089,0.149391,0.157296,0.134174,0.15462,0.153979,0.163979,0.172465,0.158083,0.171468,0.184,0.150591,0.201181,0.163966,0.186954,0.206384,0.164757,0.210102,0.189717,0.20513,0.187443,0.212577,0.204035,0.208793,0.202864,0.225406,0.198513,0.213016,0.217781,0.207457,0.224501,0.223247,0.219789,0.223487,0.212745,0.227549,0.254831,0.865538,0.917092,0.915941,0.863648,0.408187,0.370383,0.388303,0.358215,0.383704,0.375723,0.37458,0.387126,0.37602,0.38206,0.399433,0.376833,0.399387,0.392987,0.401478,0.401961,0.405589,0.386451,0.393242,0.396026,0.419253,0.402057,0.417965,0.417895,0.400284,0.445807,0.404182,0.408464,0.412752,0.431834,0.414701,0.410462,0.413749,0.441462,0.418073,0.420604,0.420134,0.431879,0.428577,0.422061,0.427061,0.42788,0.307922,0.282862,0.298269,0.290036,0.298951,0.281698,0.298496,0.281805,0.303911,0.298841,0.311749,0.290328,0.298101,0.318563,0.313644,0.293564,0.306309,0.304973,0.302445,0.326636,0.33991,0.386281,0.372258,0.363837,0.372716,0.38352,0.37671,0.364477,0.377312,0.357426,0.370813,0.375406,0.362687,0.383032,0.36246,0.371573,0.377724,0.3819,0.489924,0.505605,0.504763,0.504276,0.501686,0.507969,0.511517,0.506673,0.499616,0.518317,0.499033,0.513212,0.494987,0.368073,0.383353,0.366618,0.380962,0.386876,0.377552,0.368335,0.378487,0.391119,0.345611,0.332031,0.308774,0.311808,0.313526,0.302268,0.323166,0.328464,0.308845,0.301047,0.322924,0.309258,0.323619,0.410716,0.444327,0.427425,0.445495,0.438425,0.445544,0.430858,0.435309,0.448545,0.44032,0.432371,0.442587,0.445164,0.430571,0.436713,0.43068,0.456866,0.426161,0.42186,0.429842,0.446378,0.42813,0.421292,0.41785,0.461864,0.413851,0.431052,0.433134,0.416628,0.434469,0.409572,0.404905,0.401351,0.421164,0.41069,0.413937,0.407101,0.409494,0.388318,0.413893,0.394191,0.388234,0.400635,0.388922,0.3871,0.396409,0.368218,0.401574,0.379861,0.418715,0.875847,0.927952,0.924505,0.872731,0.265876,0.23859,0.224157,0.229228,0.232251,0.231405,0.230668,0.218369,0.225049,0.224756,0.211623,0.231011,0.20754,0.216806,0.21648,0.221884,0.195601,0.213937,0.196871,0.217508,0.176242,0.211314,0.188141,0.164537,0.207712,0.158024,0.19479,0.179288,0.15858,0.173705,0.16655,0.16253,0.162703,0.140702,0.161439,0.151688,0.141098,0.141015,0.129232,0.163128,0.131034
0.142681,0.13669,0.138904,0.15573,0.130747,0.181382,0.136563,0.154048,0.149035,0.17801,0.170506,0.1375,0.172391,0.165718,0.192534,0.154533,0.196121,0.173027,0.179441,0.186317,0.164864,0.190504,0.189197,0.182666,0.193601,0.193664,0.199577,0.202038,0.205298,0.19089,0.201651,0.206861,0.222324,0.199943,0.199157,0.218904,0.199009,0.232333,0.215822,0.215296,0.226914,0.279121,0.863037,0.913695,0.917852,0.887511,0.406171,0.394778,0.383739,0.386438,0.380492,0.38189,0.388555,0.383227,0.379982,0.375264,0.381176,0.386982,0.398654,0.366855,0.404964,0.393018,0.412235,0.409768,0.4065,0.405793,0.406782,0.40818,0.418656,0.411546,0.397118,0.392086,0.425195,0.408865,0.413247,0.421819,0.420978,0.431708,0.403792,0.424784,0.399819,0.424528,0.423347,0.41522,0.423079,0.428705,0.415644,0.415358,0.296309,0.30794,0.29263,0.289513,0.299093,0.302736,0.313965,0.286981,0.301894,0.301226,0.281672,0.326919,0.293996,0.28757,0.31707,0.311564,0.285998,0.3174,0.301363,0.305698,0.318936,0.360667,0.387814,0.362419,0.384375,0.372273,0.362862,0.382248,0.372657,0.372558,0.377896,0.365733,0.379003,0.37419,0.363871,0.381726,0.361135,0.385211,0.504954,0.510147,0.502019,0.510599,0.514893,0.510982,0.49306,0.517344,0.499393,0.510076,0.515653,0.501999,0.504594,0.385898,0.375289,0.386778,0.364497,0.377444,0.388284,0.365863,0.39471,0.365252,0.324775,0.313279,0.306346,0.324165,0.294681,0.31941,0.327187,0.296829,0.304533,0.338449,0.293068,0.312779,0.312854,0.31454,0.451492,0.44836,0.446702,0.435154,0.440741,0.45472,0.435542,0.44862,0.427339,0.441917,0.431982,0.426347,0.435365,0.435836,0.413615,0.436479,0.417214,0.445285,0.43285,0.43443,0.424387,0.422967,0.439762,0.403391,0.408747,0.424539,0.430547,0.420652,0.419705,0.420199,0.421604,0.423085,0.4262,0.407053,0.41532,0.378177,0.412707,0.400159,0.394165,0.385844,0.391886,0.395349,0.396485,0.38993,0.392567,0.397468,0.389251,0.406163,0.41794,0.896484,0.926077,0.92343,0.875319,0.290231,0.2355,0.219293,0.228252,0.236665,0.207717,0.227834,0.205885,0.208591,0.227188,0.212957,0.208289,0.201135,0.215338,0.20696,0.206603,0.200491,0.198894,0.192886,0.197348,0.195863,0.172122,0.191573,0.18944,0.181716,0.202439,0.155684,0.198483,0.176693,0.182174,0.146617,0.179829,0.18216,0.150527,0.160952,0.147229,0.190473,0.138746,0.164933,0.141711,0.139997
0.13472,0.156416,0.120905,0.168333,0.159952,0.143903,0.139677,0.165019,0.152558,0.164789,0.136682,0.203282,0.139858,0.198707,0.121785,0.183664,0.171195,0.174273,0.191192,0.174873,0.19571,0.187058,0.19332,0.18533,0.199116,0.191244,0.179402,0.202311,0.208684,0.204342,0.209191,0.211082,0.194699,0.215648,0.225566,0.231349,0.20966,0.222959,0.224153,0.221022,0.21924,0.281292,0.860703,0.917967,0.910338,0.884468,0.393362,0.380078,0.363687,0.391257,0.371383,0.379794,0.370879,0.387639,0.377142,0.41287,0.409404,0.389707,0.39555,0.396354,0.386066,0.397294,0.406893,0.398755,0.397302,0.417993,0.402909,0.398846,0.396544,0.418445,0.416953,0.413721,0.403164,0.418418,0.409268,0.406808,0.407868,0.428334,0.429005,0.417489,0.415343,0.421468,0.413391,0.429267,0.429485,0.441055,0.406242,0.31898,0.283694,0.293386,0.285006,0.314444,0.291466,0.283524,0.289905,0.315739,0.297121,0.293015,0.316778,0.288905,0.314572,0.295536,0.297389,0.312931,0.312184,0.294631,0.312773,0.312968,0.301263,0.315043,0.356122,0.369386,0.378015,0.358108,0.378212,0.358285,0.385033,0.360515,0.368215,0.370049,0.364142,0.370317,0.380436,0.371799,0.369102,0.401135,0.482334,0.511222,0.509212,0.511657,0.492886,0.519036,0.500852,0.507327,0.517127,0.506595,0.499799,0.508134,0.494142,0.370938,0.389857,0.361197,0.382648,0.362979,0.381844,0.375028,0.361389,0.321626,0.30745,0.317134,0.3214,0.30096,0.320495,0.323936,0.304364,0.307137,0.323231,0.299016,0.327747,0.304835,0.309372,0.335941,0.418856,0.429635,0.436327,0.46296,0.429714,0.44132,0.432143,0.449356,0.429887,0.453098,0.443945,0.441614,0.425992,0.4356,0.427525,0.429995,0.441829,0.441168,0.4221,0.419387,0.422182,0.430315,0.416655,0.427912,0.432558,0.432651,0.411843,0.413661,0.416255,0.433153,0.408924,0.410443,0.419184,0.410989,0.400863,0.410534,0.407998,0.402397,0.422269,0.426416,0.389199,0.40031,0.382887,0.394708,0.38005,0.402713,0.380785,0.388676,0.402799,0.893556,0.921974,0.928208,0.871133,0.288126,0.231135,0.239067,0.229526,0.232852,0.216036,0.242813,0.234276,0.222127,0.203714,0.22199,0.221015,0.210582,0.216618,0.209703,0.192335,0.202332,0.204709,0.191278,0.197961,0.193567,0.20283,0.18557,0.197191,0.180522,0.177869,0.190665,0.130697,0.201919,0.145723,0.205992,0.141728,0.174252,0.165902,0.178123,0.145828,0.148837,0.159235,0.16535,0.120231,0.162843
0.137562,0.131326,0.178535,0.107739,0.148971,0.108643,0.176498,0.138055,0.173408,0.13809,0.177969,0.132905,0.160358,0.14468,0.196895,0.173729,0.177144,0.146829,0.188778,0.180686,0.207149,0.19256,0.193755,0.203022,0.182518,0.21581,0.207409,0.206005,0.189153,0.222539,0.188619,0.223565,0.206899,0.217427,0.224402,0.201785,0.223118,0.205422,0.22556,0.239263,0.216865,0.315108,0.856406,0.940308,0.910022,0.837762,0.407986,0.366153,0.376721,0.381424,0.399288,0.388432,0.377171,0.401843,0.377595,0.38208,0.379096,0.391412,0.368221,0.396261,0.390926,0.383606,0.40312,0.409063,0.399442,0.40776,0.416016,0.393339,0.424809,0.391016,0.396393,0.410694,0.42296,0.42689,0.410268,0.407761,0.423206,0.422549,0.422512,0.40835,0.425127,0.427187,0.413945,0.404762,0.426497,0.422264,0.405794,0.296591,0.30127,0.304178,0.282373,0.3071,0.293186,0.30044,0.294293,0.293064,0.310289,0.275399,0.314049,0.308026,0.289332,0.323102,0.302511,0.301311,0.298013,0.314598,0.296855,0.307068,0.29085,0.3072,0.319046,0.355691,0.393192,0.369493,0.37507,0.373877,0.362112,0.383711,0.37722,0.367333,0.369834,0.37984,0.36998,0.360663,0.374643,0.491698,0.496066,0.508804,0.506626,0.510323,0.497986,0.512475,0.500525,0.498062,0.505206,0.514691,0.507322,0.504153,0.504299,0.3946,0.366085,0.378318,0.380357,0.37279,0.397994,0.360486,0.325652,0.312665,0.296285,0.315191,0.30423,0.32231,0.30684,0.309248,0.313308,0.332074,0.300713,0.319001,0.325578,0.28652,0.322214,0.306522,0.323091,0.42976,0.440165,0.454083,0.428919,0.448071,0.448916,0.436336,0.434357,0.437182,0.437339,0.418514,0.430942,0.441803,0.438637,0.422495,0.435745,0.435011,0.436071,0.425251,0.42452,0.438839,0.437884,0.422457,0.410938,0.406032,0.438704,0.408256,0.433061,0.418424,0.411312,0.42606,0.419289,0.396851,0.404014,0.407587,0.382155,0.405018,0.389191,0.391906,0.38817,0.415087,0.389166,0.397207,0.408926,0.394205,0.387206,0.378522,0.417325,0.850667,0.920031,0.947495,0.864602,0.326156,0.225747,0.243534,0.234803,0.214044,0.235905,0.207805,0.232885,0.227263,0.215711,0.232419,0.193515,0.227264,0.198235,0.217366,0.209224,0.220159,0.190464,0.211204,0.203908,0.200979,0.213595,0.186922,0.195983,0.15627,0.188869,0.184858,0.198354,0.153056,0.168405,0.13711,0.187446,0.142816,0.176668,0.136262,0.175271,0.113811,0.159101,0.118575,0.189206,0.140732
0.150105,0.142272,0.153958,0.129554,0.153491,0.18476,0.129391,0.151039,0.150516,0.178486,0.152081,0.145787,0.174108,0.169722,0.18433,0.170088,0.178226,0.20979,0.159415,0.193668,0.1856,0.188625,0.178732,0.203556,0.185567,0.187323,0.207619,0.189397,0.194032,0.182594,0.201469,0.209996,0.219604,0.201478,0.207506,0.219363,0.226285,0.219652,0.215576,0.217546,0.275878,0.812762,0.910867,0.92735,0.887693,0.438876,0.375541,0.376759,0.384356,0.356821,0.374821,0.374128,0.392721,0.375502,0.388119,0.383417,0.385168,0.403493,0.393694,0.40363,0.379651,0.406673,0.39547,0.399744,0.404891,0.386786,0.40313,0.402749,0.405901,0.419558,0.417437,0.408838,0.409464,0.405873,0.42511,0.404481,0.416052,0.405874,0.429432,0.430838,0.411504,0.408399,0.423638,0.433002,0.40445,0.426865,0.30888,0.297219,0.282826,0.294618,0.292708,0.301955,0.28294,0.308172,0.29287,0.297005,0.296736,0.319284,0.273909,0.29139,0.321557,0.285994,0.287111,0.315282,0.297768,0.312077,0.305795,0.300906,0.3185,0.30628,0.29752,0.317609,0.356652,0.357797,0.384607,0.35458,0.382389,0.356039,0.3811,0.362517,0.370367,0.367072,0.372383,0.367284,0.388959,0.496819,0.489576,0.521322,0.485482,0.522802,0.491696,0.507673,0.514976,0.50437,0.506565,0.505017,0.506967,0.50008,0.507446,0.36839,0.38772,0.358565,0.39212,0.361964,0.361331,0.322681,0.302762,0.311383,0.327181,0.306972,0.312405,0.321804,0.304033,0.325911,0.296658,0.296611,0.331012,0.303947,0.284727,0.330737,0.309254,0.309317,0.306574,0.338474,0.421707,0.448891,0.438393,0.441694,0.43026,0.441858,0.438755,0.447154,0.415913,0.446308,0.437025,0.423402,0.424642,0.445719,0.442568,0.419978,0.432438,0.417254,0.435094,0.420238,0.421584,0.423654,0.430155,0.431914,0.420315,0.415568,0.413045,0.401375,0.420167,0.411164,0.407369,0.42032,0.393514,0.417463,0.407978,0.415659,0.396494,0.399098,0.40162,0.383714,0.403394,0.387204,0.391035,0.366173,0.392834,0.385722,0.389032,0.447314,0.899554,0.939424,0.920531,0.822628,0.285385,0.23241,0.228047,0.230667,0.230385,0.227401,0.215519,0.205415,0.227639,0.217888,0.211372,0.192807,0.201748,0.195362,0.217477,0.197576,0.196076,0.207131,0.183672,0.195178,0.190458,0.200848,0.167307,0.214107,0.182797,0.171374,0.191531,0.177943,0.180546,0.152225,0.157741,0.185218,0.15847,0.159191,0.140501,0.190923,0.156963,0.13341,0.152939,0.141431
0.127647,0.140971,0.127869,0.168351,0.129676,0.157336,0.153969,0.154862,0.14237,0.152546,0.155916,0.187344,0.162653,0.166216,0.164961,0.164702,0.193772,0.160657,0.184648,0.171978,0.182623,0.180262,0.207962,0.17933,0.205732,0.182081,0.192218,0.199576,0.224498,0.209228,0.212328,0.19133,0.217753,0.214017,0.21122,0.21385,0.214961,0.226166,0.21631,0.212493,0.268083,0.857972,0.914645,0.909692,0.878637,0.396827,0.391025,0.352638,0.375714,0.38494,0.367709,0.381563,0.398198,0.386704,0.395785,0.392718,0.397641,0.379385,0.375485,0.396569,0.377594,0.401868,0.395263,0.390614,0.39869,0.41973,0.415177,0.413206,0.398874,0.400766,0.404238,0.407075,0.409358,0.409048,0.418896,0.430312,0.416511,0.418572,0.403365,0.413935,0.418559,0.414855,0.425287,0.4206,0.418078,0.415696,0.299596,0.285167,0.303768,0.280177,0.280938,0.292081,0.293926,0.296254,0.285361,0.294551,0.299205,0.303645,0.306127,0.290799,0.304684,0.298345,0.309571,0.310158,0.286082,0.304886,0.300722,0.307945,0.295069,0.307459,0.299958,0.302995,0.325384,0.350066,0.373618,0.384616,0.364039,0.3715,0.36558,0.384634,0.36784,0.364333,0.379631,0.353612,0.385271,0.498921,0.501019,0.50319,0.523329,0.504606,0.50276,0.510059,0.511029,0.489426,0.515068,0.499545,0.50423,0.521942,0.492543,0.384671,0.369189,0.39071,0.379351,0.357003,0.330741,0.308705,0.306541,0.313869,0.300189,0.316487,0.30728,0.3113,0.296155,0.318052,0.321287,0.308235,0.315869,0.301511,0.317678,0.315763,0.309827,0.308729,0.296511,0.317002,0.425571,0.438163,0.427807,0.42963,0.450677,0.432975,0.438797,0.445117,0.431518,0.43384,0.438764,0.429012,0.432341,0.426601,0.418707,0.432808,0.427324,0.443864,0.43188,0.421356,0.422285,0.421526,0.418334,0.414371,0.412634,0.429274,0.431816,0.434591,0.413347,0.405065,0.409194,0.41594,0.391379,0.40922,0.385993,0.393284,0.413937,0.403181,0.406094,0.402366,0.410879,0.392172,0.375249,0.396927,0.388973,0.365811,0.400293,0.409015,0.88796,0.92121,0.923918,0.869734,0.27688,0.221308,0.223361,0.230651,0.228967,0.225979,0.221947,0.224175,0.226266,0.200954,0.219057,0.21171,0.229706,0.210877,0.201305,0.18842,0.210259,0.19237,0.215814,0.188319,0.191115,0.177916,0.189097,0.165638,0.199275,0.174202,0.171788,0.17031,0.170699,0.19252,0.160358,0.153905,0.14876,0.162096,0.155414,0.161359,0.137113,0.173673,0.13448,0.15056
0.130081,0.139387,0.13158,0.129933,0.142865,0.117636,0.16513,0.154669,0.156304,0.133673,0.16901,0.164912,0.170029,0.175967,0.168204,0.182921,0.161084,0.186646,0.185694,0.188583,0.164258,0.199361,0.174652,0.187555,0.202497,0.184564,0.185452,0.203381,0.200054,0.220496,0.202609,0.197656,0.213854,0.212522,0.202376,0.220664,0.209902,0.206372,0.216889,0.233884,0.263164,0.876165,0.913574,0.910731,0.887605,0.409357,0.388332,0.38762,0.366581,0.379863,0.386407,0.37445,0.394844,0.385117,0.368426,0.375104,0.385498,0.390087,0.397532,0.392835,0.393696,0.397036,0.39887,0.406035,0.395691,0.389197,0.394262,0.3905,0.407343,0.400745,0.429554,0.414334,0.412346,0.409804,0.407172,0.405008,0.41148,0.412698,0.417412,0.424056,0.40938,0.408162,0.428845,0.424241,0.404588,0.309885,0.275246,0.266144,0.296689,0.29985,0.295838,0.287621,0.293838,0.312664,0.297883,0.291524,0.300943,0.290552,0.295212,0.310089,0.294663,0.293013,0.307972,0.311114,0.298584,0.310868,0.300456,0.304122,0.305119,0.296726,0.293013,0.310867,0.305789,0.308085,0.347422,0.374191,0.368865,0.372976,0.377439,0.357795,0.367524,0.373174,0.370507,0.367192,0.389997,0.492398,0.576293,0.551607,0.565839,0.552899,0.575808,0.504718,0.516129,0.504034,0.50419,0.510733,0.504392,0.494178,0.504493,0.388069,0.375141,0.37939,0.354283,0.314824,0.312134,0.315423,0.300539,0.303079,0.312958,0.312039,0.309788,0.31905,0.306865,0.321352,0.317242,0.303032,0.305829,0.321335,0.30741,0.30258,0.315101,0.302786,0.310429,0.324541,0.325631,0.427666,0.44434,0.447059,0.445314,0.413327,0.425281,0.44079,0.426001,0.440402,0.441858,0.422013,0.421213,0.43697,0.430013,0.42434,0.426982,0.419165,0.421067,0.42736,0.426466,0.427219,0.443439,0.414693,0.425113,0.402746,0.408521,0.403712,0.409203,0.41809,0.413536,0.409989,0.40601,0.4073,0.413481,0.399855,0.395452,0.390219,0.384669,0.394505,0.405685,0.386719,0.402158,0.390041,0.377556,0.398272,0.39789,0.420336,0.896902,0.91934,0.923923,0.883912,0.273644,0.244209,0.229429,0.221307,0.215849,0.224166,0.207125,0.220467,0.223031,0.206261,0.210355,0.22966,0.21093,0.21213,0.195097,0.190202,0.212415,0.193405,0.18105,0.204877,0.170906,0.199701,0.196705,0.194717,0.165124,0.187589,0.172977,0.18056,0.169919,0.171274,0.180153,0.144096,0.165685,0.155469,0.172046,0.125569,0.151672,0.138972,0.141152,0.145871
0.140101,0.149034,0.16464,0.132844,0.174613,0.139456,0.160439,0.136265,0.176875,0.15464,0.157188,0.133099,0.176339,0.161123,0.164278,0.17062,0.181851,0.185802,0.181789,0.173352,0.203672,0.185015,0.178323,0.200471,0.182388,0.215773,0.194909,0.187241,0.186542,0.203276,0.214635,0.215244,0.179209,0.226912,0.214171,0.232075,0.223381,0.216261,0.224465,0.211669,0.272827,0.862662,0.907746,0.925661,0.866029,0.419701,0.34949,0.362543,0.37917,0.369852,0.371583,0.367205,0.376204,0.383338,0.403563,0.38912,0.387733,0.369321,0.399297,0.397036,0.390835,0.381668,0.381167,0.400516,0.402766,0.424171,0.418978,0.407522,0.398065,0.413939,0.393939,0.411733,0.40635,0.41806,0.415425,0.402791,0.428256,0.418236,0.387068,0.413503,0.438733,0.418349,0.409056,0.412247,0.400114,0.301301,0.290669,0.293471,0.279974,0.30325,0.284724,0.294102,0.288897,0.286458,0.303374,0.290678,0.303021,0.2862,0.305184,0.297126,0.294196,0.311219,0.295311,0.274294,0.306404,0.314092,0.289284,0.304217,0.30101,0.311513,0.295102,0.298143,0.306955,0.308299,0.304158,0.369705,0.357524,0.374968,0.348212,0.388988,0.347827,0.384486,0.355577,0.381356,0.429238,0.549668,0.568651,0.567153,0.585045,0.567634,0.57022,0.561353,0.554669,0.517639,0.491029,0.521365,0.484502,0.528136,0.475722,0.388533,0.364164,0.375461,0.310777,0.31496,0.313688,0.303643,0.301766,0.319954,0.307689,0.312709,0.2992,0.321698,0.314216,0.284379,0.304414,0.322266,0.304583,0.307707,0.317877,0.299036,0.317136,0.304751,0.314221,0.300045,0.308885,0.424454,0.431169,0.450867,0.427462,0.441879,0.436736,0.442205,0.433645,0.426743,0.422955,0.432485,0.453304,0.427044,0.401893,0.433941,0.439403,0.420172,0.428412,0.427528,0.420975,0.426229,0.405339,0.427846,0.40999,0.42172,0.433732,0.437524,0.416123,0.416838,0.395064,0.394821,0.40613,0.410304,0.411755,0.38386,0.404295,0.39855,0.412261,0.39624,0.391624,0.379929,0.38104,0.382921,0.391841,0.37327,0.359931,0.429121,0.877471,0.940388,0.917378,0.871788,0.282521,0.220306,0.231641,0.2245,0.234524,0.245627,0.225864,0.237165,0.186359,0.22328,0.224617,0.211356,0.192672,0.192858,0.199537,0.224129,0.18693,0.208344,0.186061,0.189603,0.209696,0.177606,0.185682,0.188662,0.186653,0.176402,0.174727,0.171359,0.185146,0.140421,0.166734,0.160673,0.176589,0.141843,0.170267,0.147154,0.184575,0.136948,0.166383,0.151379
0.135638,0.147413,0.137826,0.162789,0.128534,0.178955,0.132272,0.180017,0.139017,0.162082,0.16702,0.165012,0.178925,0.147888,0.187357,0.148121,0.185051,0.174692,0.165393,0.212066,0.180499,0.188591,0.211762,0.190228,0.194499,0.204697,0.198213,0.216867,0.194526,0.20822,0.20328,0.2059,0.22099,0.208699,0.227049,0.202492,0.22081,0.220991,0.215857,0.215303,0.258608,0.868651,0.924446,0.925955,0.86788,0.411033,0.369659,0.35646,0.384853,0.395628,0.361404,0.401907,0.382508,0.383205,0.379654,0.36919,0.378385,0.384873,0.399156,0.391677,0.411991,0.3946,0.414427,0.397645,0.393356,0.382762,0.389617,0.414344,0.403092,0.415353,0.394968,0.421923,0.40808,0.399514,0.414442,0.410122,0.408974,0.416612,0.416785,0.41527,0.403222,0.410586,0.436808,0.415714,0.289624,0.285431,0.295255,0.296187,0.272271,0.281758,0.297775,0.307036,0.276578,0.315203,0.282097,0.281104,0.299357,0.306604,0.296239,0.29072,0.311992,0.287937,0.309647,0.302809,0.288617,0.307546,0.299888,0.295105,0.312714,0.2959,0.306344,0.296908,0.299747,0.29192,0.317717,0.298784,0.306839,0.367911,0.358789,0.370564,0.355128,0.368807,0.362009,0.374851,0.444578,0.556101,0.576813,0.555151,0.586997,0.556227,0.577039,0.566327,0.570856,0.509663,0.497981,0.505196,0.494252,0.508248,0.485265,0.38351,0.3125,0.304153,0.322509,0.298828,0.308314,0.303027,0.313415,0.303294,0.320227,0.302036,0.309759,0.317462,0.296691,0.312319,0.322379,0.296811,0.324122,0.302239,0.308299,0.319178,0.312481,0.294967,0.296049,0.329053,0.288955,0.337192,0.436633,0.428361,0.421582,0.442553,0.443112,0.433595,0.421564,0.436633,0.451028,0.426448,0.414864,0.433027,0.430856,0.429921,0.426263,0.419433,0.425667,0.416735,0.421003,0.436403,0.411332,0.43168,0.419066,0.431307,0.403507,0.398903,0.408783,0.410289,0.427379,0.410512,0.424818,0.406267,0.413758,0.397876,0.387686,0.38338,0.39317,0.395649,0.392689,0.410776,0.373511,0.406863,0.394437,0.369074,0.38334,0.421192,0.87625,0.932117,0.936347,0.878512,0.268231,0.226693,0.225825,0.229779,0.231236,0.209983,0.235678,0.217151,0.233204,0.216111,0.209224,0.214312,0.202295,0.225894,0.207578,0.211447,0.203006,0.199659,0.216439,0.19577,0.187934,0.222066,0.173667,0.180127,0.19573,0.158127,0.196258,0.154509,0.183529,0.168961,0.170428,0.167751,0.14989,0.184568,0.131695,0.183084,0.13104,0.165507,0.145393,0.156005
0.141919,0.134763,0.139374,0.119316,0.122999,0.134574,0.160811,0.132079,0.141612,0.159251,0.144007,0.181909,0.136253,0.207791,0.159368,0.200071,0.167794,0.175796,0.201196,0.166873,0.169412,0.191433,0.192055,0.179078,0.206239,0.183707,0.194055,0.196518,0.207066,0.194761,0.194132,0.205593,0.213616,0.196433,0.19867,0.211639,0.217971,0.229507,0.213515,0.231185,0.256843,0.861474,0.926859,0.901342,0.890102,0.391363,0.374172,0.366995,0.3575,0.364829,0.37503,0.360537,0.376051,0.393359,0.370144,0.406201,0.382745,0.393377,0.381757,0.391152,0.390245,0.38816,0.397867,0.39169,0.406822,0.407418,0.406852,0.412813,0.404846,0.404726,0.409051,0.400874,0.40698,0.41475,0.418886,0.418622,0.423428,0.405736,0.400898,0.423013,0.420922,0.415507,0.413784,0.420255,0.30061,0.28516,0.283928,0.295687,0.296335,0.286398,0.276528,0.313227,0.284377,0.283572,0.291867,0.309497,0.290332,0.296079,0.309687,0.282235,0.278885,0.302774,0.30037,0.307002,0.304537,0.293784,0.314093,0.29562,0.28807,0.295126,0.315448,0.278885,0.328419,0.270719,0.312151,0.291971,0.312658,0.310962,0.291145,0.36009,0.365709,0.363669,0.373093,0.427712,0.441749,0.549111,0.565269,0.581999,0.550046,0.583434,0.566622,0.56022,0.566211,0.564357,0.509599,0.500478,0.503675,0.498118,0.419407,0.323256,0.318994,0.297615,0.317225,0.279809,0.334848,0.285952,0.32193,0.303729,0.295832,0.304026,0.322732,0.304946,0.3146,0.316956,0.310484,0.315721,0.289429,0.295269,0.321373,0.307459,0.30417,0.320028,0.307463,0.296525,0.298208,0.33601,0.413566,0.433757,0.443226,0.444714,0.430172,0.433742,0.437986,0.442287,0.427127,0.429592,0.438252,0.434509,0.416665,0.419934,0.434785,0.43565,0.433401,0.427896,0.421179,0.414319,0.423167,0.417964,0.419404,0.425047,0.421732,0.420279,0.419953,0.405395,0.413415,0.400521,0.403263,0.403731,0.395575,0.408464,0.398548,0.418269,0.382241,0.406265,0.388422,0.374039,0.38626,0.377206,0.369683,0.377374,0.382542,0.402563,0.90448,0.913829,0.938308,0.872344,0.2648,0.240216,0.222913,0.24031,0.22627,0.220499,0.207311,0.204964,0.22041,0.214535,0.202745,0.204214,0.216243,0.202917,0.200302,0.190943,0.213281,0.185333,0.201143,0.201415,0.178007,0.172255,0.205428,0.182749,0.17547,0.207549,0.159745,0.208194,0.145991,0.191622,0.151278,0.166544,0.14708,0.137964,0.171081,0.142199,0.130377,0.126356,0.144438,0.140388
0.149697,0.12817,0.143091,0.14801,0.172422,0.137631,0.157253,0.128536,0.195248,0.131934,0.185233,0.133702,0.205844,0.150203,0.174036,0.15673,0.181873,0.191496,0.16973,0.19029,0.194457,0.185044,0.187515,0.19866,0.194951,0.20287,0.196251,0.197835,0.202593,0.19679,0.217538,0.210194,0.190809,0.22744,0.212717,0.223708,0.205461,0.220154,0.220418,0.213604,0.287881,0.857916,0.906697,0.917563,0.876109,0.394262,0.380662,0.367335,0.382684,0.371192,0.394221,0.388604,0.360214,0.383482,0.377929,0.382897,0.383501,0.383137,0.368679,0.400173,0.397545,0.398864,0.413942,0.392122,0.392491,0.394969,0.395899,0.393881,0.400634,0.405531,0.411804,0.426105,0.400357,0.406062,0.406795,0.394201,0.409035,0.427968,0.420317,0.408535,0.407171,0.425069,0.417986,0.400205,0.296173,0.285752,0.283406,0.272638,0.295526,0.300186,0.287113,0.280829,0.289378,0.311256,0.283056,0.292542,0.29706,0.287265,0.275937,0.319746,0.297892,0.294343,0.31659,0.287177,0.275502,0.326596,0.278285,0.306423,0.295892,0.305775,0.307325,0.285801,0.29761,0.318773,0.277921,0.30537,0.290807,0.302213,0.303958,0.302515,0.312034,0.347877,0.367841,0.411945,0.443498,0.559061,0.567554,0.58168,0.545953,0.582196,0.569,0.570929,0.569971,0.547453,0.505063,0.48499,0.4486,0.44131,0.431316,0.316115,0.295946,0.31071,0.283784,0.324711,0.304383,0.293462,0.313986,0.313862,0.30437,0.314793,0.287656,0.335916,0.286263,0.296633,0.328101,0.305455,0.309789,0.332688,0.288112,0.300323,0.310036,0.305415,0.295452,0.324934,0.304323,0.302204,0.417685,0.44867,0.443703,0.420069,0.431694,0.433849,0.437165,0.430569,0.433486,0.438648,0.419064,0.424578,0.432016,0.443221,0.42418,0.406664,0.421566,0.422618,0.413307,0.441715,0.42697,0.419813,0.416321,0.408156,0.410125,0.411566,0.408574,0.408635,0.428907,0.41371,0.413752,0.416303,0.382489,0.393917,0.395954,0.395739,0.390907,0.394773,0.374488,0.401339,0.407191,0.383023,0.394013,0.37709,0.39036,0.403679,0.881515,0.92618,0.916037,0.867085,0.297787,0.224848,0.231491,0.227726,0.217301,0.235457,0.224423,0.235738,0.202341,0.220408,0.223099,0.201893,0.21105,0.20951,0.205619,0.209953,0.201267,0.204645,0.192637,0.189439,0.199226,0.199754,0.181196,0.197759,0.186151,0.161792,0.186995,0.163144,0.210519,0.136074,0.188142,0.132652,0.20204,0.139475,0.165655,0.142902,0.177122,0.154399,0.150422,0.132382
0.116108,0.150455,0.154498,0.136836,0.149037,0.154342,0.132375,0.182536,0.115642,0.167811,0.159862,0.183389,0.152722,0.149856,0.165986,0.168738,0.18152,0.173828,0.170138,0.183585,0.193395,0.171899,0.21412,0.196199,0.184141,0.195027,0.198615,0.201114,0.20614,0.220734,0.209461,0.193098,0.21753,0.205961,0.209669,0.200687,0.21043,0.208569,0.240153,0.213817,0.287256,0.864429,0.906943,0.915618,0.834782,0.401346,0.37523,0.374851,0.365707,0.371961,0.37385,0.3872,0.370267,0.353523,0.388224,0.374144,0.394945,0.390928,0.39057,0.380285,0.388067,0.380088,0.393256,0.407406,0.414014,0.397019,0.419311,0.409588,0.407701,0.404541,0.393781,0.407763,0.401781,0.417813,0.418992,0.418306,0.406,0.412111,0.404697,0.413389,0.431092,0.414629,0.41002,0.297734,0.284624,0.288061,0.291325,0.285504,0.283917,0.259836,0.304891,0.300881,0.282813,0.285762,0.303377,0.289228,0.288499,0.298651,0.293756,0.291454,0.303479,0.298958,0.282326,0.312659,0.292346,0.298576,0.290694,0.31788,0.274579,0.320904,0.294664,0.285983,0.305948,0.300675,0.307908,0.290205,0.29943,0.30283,0.301045,0.281184,0.323779,0.293652,0.323801,0.363802,0.386847,0.561082,0.542838,0.567816,0.559527,0.568074,0.544897,0.573189,0.504453,0.498954,0.460541,0.42989,0.460641,0.418896,0.430183,0.316648,0.303912,0.294857,0.312967,0.307865,0.313908,0.293245,0.302162,0.329962,0.281649,0.326648,0.300512,0.307142,0.302202,0.323828,0.292667,0.310769,0.316227,0.303203,0.305652,0.313356,0.300614,0.302195,0.316097,0.298969,0.296006,0.316322,0.334061,0.399332,0.429686,0.434066,0.441569,0.437166,0.433261,0.430278,0.431263,0.430236,0.444023,0.428363,0.423096,0.42553,0.41936,0.436466,0.432265,0.42815,0.41771,0.421271,0.407074,0.420701,0.421932,0.425364,0.435204,0.411259,0.425692,0.421196,0.40702,0.394981,0.39994,0.391547,0.401723,0.407855,0.409835,0.388003,0.400844,0.368846,0.381707,0.398616,0.384753,0.383562,0.378703,0.387881,0.391306,0.412217,0.848447,0.926702,0.916833,0.877009,0.295656,0.222259,0.248518,0.216764,0.217097,0.209728,0.215661,0.216658,0.222523,0.201795,0.220681,0.230501,0.216007,0.210259,0.20451,0.203981,0.191216,0.203204,0.220596,0.182217,0.206306,0.188301,0.171874,0.180724,0.192524,0.175205,0.167631,0.149161,0.160235,0.190328,0.16771,0.179751,0.124431,0.186901,0.139186,0.158935,0.152444,0.143508,0.160002,0.160386
0.145727,0.144613,0.130745,0.144329,0.116669,0.148299,0.155075,0.149106,0.138619,0.169516,0.14904,0.177014,0.153374,0.184941,0.169421,0.169056,0.184528,0.174879,0.197581,0.166024,0.171768,0.193056,0.185359,0.18885,0.195034,0.19046,0.18344,0.199461,0.19599,0.199002,0.194641,0.221058,0.203568,0.206446,0.224304,0.223664,0.226586,0.20703,0.23174,0.22497,0.246501,0.869582,0.90374,0.885362,0.452297,0.352571,0.363544,0.388914,0.358287,0.381689,0.383973,0.353406,0.398388,0.378214,0.394033,0.375756,0.368188,0.37531,0.390957,0.381098,0.38068,0.410938,0.387029,0.394862,0.39442,0.405687,0.398448,0.392771,0.398936,0.40698,0.412009,0.401837,0.427429,0.403834,0.404922,0.411798,0.418324,0.417756,0.407281,0.401842,0.420283,0.407376,0.39608,0.295081,0.261784,0.278852,0.283629,0.287585,0.290916,0.289035,0.280751,0.302695,0.295055,0.279095,0.272194,0.290075,0.320985,0.280437,0.30079,0.289806,0.289048,0.298359,0.311559,0.286076,0.300247,0.313133,0.288832,0.293272,0.307414,0.273424,0.32118,0.293394,0.29194,0.295109,0.292338,0.32568,0.263414,0.323085,0.287972,0.291905,0.299622,0.296452,0.298318,0.371096,0.488764,0.48608,0.521673,0.501225,0.488303,0.501182,0.522476,0.489987,0.5073,0.497422,0.434087,0.434457,0.436788,0.429487,0.416819,0.338346,0.269783,0.330101,0.299314,0.301728,0.298722,0.30178,0.330313,0.281196,0.316017,0.302889,0.296614,0.324448,0.310751,0.295709,0.323021,0.308406,0.302297,0.302324,0.313774,0.294974,0.333612,0.305399,0.284355,0.294269,0.307879,0.316264,0.304602,0.418939,0.440484,0.434811,0.434167,0.427344,0.411545,0.435908,0.428464,0.420392,0.435926,0.418721,0.420459,0.432649,0.432174,0.424856,0.420055,0.420664,0.439552,0.416978,0.427181,0.419485,0.412385,0.406083,0.413625,0.419631,0.411506,0.409943,0.401774,0.424071,0.397106,0.397252,0.407126,0.386077,0.379343,0.391915,0.408802,0.388197,0.410351,0.3675,0.397542,0.395866,0.368118,0.400768,0.368834,0.363678,0.461102,0.894354,0.917053,0.879545,0.259915,0.234477,0.243092,0.218667,0.237884,0.231926,0.234394,0.214133,0.215534,0.227159,0.201592,0.205332,0.202532,0.207235,0.192059,0.197939,0.203765,0.196668,0.192128,0.201994,0.177277,0.174466,0.205678,0.182016,0.189432,0.174996,0.176929,0.196755,0.162246,0.179828,0.154376,0.175804,0.14595,0.152165,0.157143,0.155724,0.126262,0.152237,0.136442,0.149934
0.155587,0.120084,0.161016,0.13196,0.169331,0.143645,0.162816,0.130404,0.193901,0.130071,0.174031,0.121188,0.19309,0.170891,0.166013,0.18273,0.151471,0.206124,0.171308,0.185374,0.19444,0.195323,0.174419,0.194094,0.190988,0.199842,0.196798,0.204214,0.200589,0.19706,0.205877,0.204771,0.210521,0.210151,0.209779,0.219703,0.218055,0.219307,0.203691,0.238717,0.291338,0.880315,0.914267,0.879837,0.413159,0.373362,0.378819,0.37247,0.386892,0.373138,0.382081,0.38555,0.383912,0.380443,0.372817,0.374113,0.381268,0.408271,0.376373,0.385684,0.380025,0.401012,0.397342,0.397489,0.380407,0.396113,0.405943,0.420472,0.407888,0.401001,0.407939,0.407595,0.396435,0.405083,0.435365,0.402921,0.399503,0.410545,0.418286,0.400485,0.419948,0.409729,0.280809,0.293783,0.280762,0.28685,0.281048,0.294076,0.287438,0.297824,0.281203,0.297696,0.281483,0.298886,0.301919,0.285577,0.28987,0.296469,0.287498,0.288008,0.318795,0.278062,0.299411,0.31012,0.273868,0.298193,0.317521,0.284493,0.321101,0.294948,0.30005,0.29479,0.291323,0.306119,0.299255,0.277539,0.311426,0.297173,0.292413,0.300472,0.31874,0.27671,0.303409,0.392922,0.476587,0.501084,0.495861,0.496983,0.504991,0.496338,0.495983,0.503247,0.487668,0.518968,0.44,0.412985,0.454682,0.438604,0.421717,0.319396,0.317964,0.282737,0.305127,0.312794,0.298626,0.304306,0.308228,0.302965,0.330726,0.292846,0.327589,0.307954,0.283006,0.32099,0.309555,0.289729,0.331531,0.300561,0.300112,0.308773,0.305935,0.297934,0.318288,0.312137,0.29681,0.310044,0.296868,0.326333,0.426878,0.442955,0.428061,0.437544,0.430625,0.439896,0.412118,0.432827,0.434235,0.4138,0.431645,0.423663,0.414494,0.418331,0.448281,0.418791,0.409949,0.422174,0.421337,0.416353,0.424508,0.436116,0.420907,0.412099,0.392767,0.411932,0.41108,0.416302,0.393064,0.397383,0.389674,0.423629,0.395575,0.384545,0.383361,0.394707,0.399645,0.396509,0.39097,0.384338,0.40107,0.383436,0.394989,0.385682,0.422931,0.8902,0.923188,0.89004,0.300542,0.249518,0.211875,0.229117,0.22656,0.229466,0.216745,0.220956,0.219162,0.215257,0.214189,0.205056,0.208609,0.211533,0.20448,0.209235,0.201937,0.204918,0.184709,0.203164,0.202035,0.189878,0.178834,0.215048,0.162199,0.191847,0.171864,0.172001,0.194359,0.129904,0.182509,0.137323,0.197231,0.134859,0.172538,0.1479,0.172134,0.137555,0.163827,0.123506
0.108465,0.158507,0.133188,0.149781,0.151364,0.152719,0.131432,0.172254,0.128013,0.162057,0.164528,0.181375,0.171559,0.155995,0.17289,0.147551,0.199697,0.149696,0.184104,0.196251,0.189196,0.174055,0.207215,0.179498,0.199745,0.186367,0.195625,0.195128,0.197793,0.202834,0.205222,0.191469,0.213699,0.210082,0.186701,0.21044,0.216725,0.229255,0.218789,0.263596,0.826631,0.905108,0.918961,0.868975,0.391717,0.36893,0.362797,0.359328,0.37899,0.358751,0.355863,0.379447,0.37782,0.391764,0.384266,0.384648,0.377222,0.389799,0.37475,0.361519,0.402099,0.388284,0.381196,0.392165,0.398184,0.398382,0.402974,0.386348,0.398697,0.403489,0.400355,0.424029,0.403456,0.38984,0.398848,0.413497,0.403096,0.418069,0.409862,0.420966,0.406573,0.398457,0.297496,0.28485,0.277587,0.293322,0.287914,0.27037,0.300452,0.280843,0.274714,0.282792,0.28808,0.292923,0.287566,0.298408,0.289396,0.288013,0.309653,0.282185,0.304949,0.287291,0.284367,0.301131,0.306066,0.304307,0.269327,0.313325,0.297046,0.276865,0.31033,0.281599,0.31211,0.299957,0.291456,0.305246,0.301148,0.297686,0.281236,0.305276,0.286963,0.305514,0.292843,0.361721,0.470267,0.508393,0.503161,0.477381,0.519591,0.477256,0.504683,0.510507,0.480127,0.48744,0.429366,0.442746,0.42508,0.442088,0.418723,0.41882,0.315339,0.311278,0.298614,0.306646,0.319325,0.287884,0.318893,0.285521,0.305915,0.323682,0.279611,0.314136,0.3181,0.310963,0.295117,0.298908,0.318077,0.293821,0.323157,0.301347,0.302608,0.31177,0.300596,0.308648,0.301592,0.299543,0.287264,0.305434,0.438971,0.418179,0.436538,0.440365,0.426443,0.432037,0.438622,0.423137,0.420241,0.434567,0.423467,0.433111,0.416252,0.426323,0.41528,0.402535,0.418956,0.436204,0.415471,0.418575,0.41221,0.400008,0.416126,0.413042,0.413483,0.407731,0.395016,0.403213,0.416517,0.378579,0.389989,0.403571,0.389612,0.398682,0.399723,0.405888,0.389275,0.394125,0.370287,0.373444,0.38886,0.371155,0.371474,0.377368,0.40482,0.879727,0.929828,0.915763,0.836171,0.272874,0.231302,0.240237,0.226243,0.217619,0.197026,0.220206,0.225211,0.196283,0.211923,0.21277,0.206382,0.204131,0.206402,0.194482,0.205605,0.186876,0.214777,0.181847,0.19738,0.206235,0.190003,0.154518,0.19983,0.147627,0.182625,0.168142,0.181232,0.182407,0.168952,0.168246,0.135848,0.180072,0.134126,0.155601,0.159997,0.155707,0.141612,0.168393
0.125328,0.140624,0.135057,0.141891,0.12345,0.146429,0.140852,0.148452,0.153694,0.183954,0.149245,0.177027,0.145784,0.182322,0.16771,0.180748,0.164078,0.185877,0.174917,0.174829,0.177519,0.179694,0.186006,0.207255,0.181297,0.202681,0.187246,0.187394,0.205129,0.205252,0.215741,0.215925,0.194507,0.216055,0.233402,0.212924,0.208153,0.208334,0.234257,0.260952,0.855293,0.897963,0.914138,0.878462,0.402803,0.365465,0.371514,0.375603,0.36708,0.399169,0.370918,0.371963,0.372971,0.37582,0.378517,0.382464,0.381041,0.375274,0.408792,0.385953,0.400229,0.39584,0.399771,0.395252,0.394445,0.396915,0.3964,0.414288,0.40199,0.396939,0.402795,0.406216,0.401557,0.419131,0.426174,0.40633,0.397742,0.421695,0.397381,0.418703,0.416799,0.401278,0.287161,0.276399,0.275938,0.288785,0.287253,0.27875,0.272763,0.275545,0.307858,0.308021,0.26952,0.288908,0.28853,0.289951,0.272778,0.319024,0.282676,0.293199,0.292273,0.29501,0.294664,0.309915,0.277021,0.309808,0.300081,0.290541,0.296549,0.290828,0.314818,0.298944,0.272074,0.309828,0.295646,0.290566,0.299273,0.277982,0.328625,0.279216,0.30135,0.296978,0.300041,0.313291,0.481548,0.491434,0.490263,0.505973,0.490554,0.506701,0.492245,0.492978,0.492418,0.439936,0.436686,0.433896,0.438075,0.41682,0.467833,0.407028,0.314576,0.297492,0.301881,0.315556,0.278586,0.307856,0.323727,0.300373,0.306228,0.299842,0.311109,0.319,0.287546,0.321968,0.3048,0.306516,0.303389,0.306165,0.296507,0.332737,0.286884,0.303329,0.30357,0.302225,0.285002,0.32179,0.324589,0.298036,0.404347,0.426024,0.436108,0.43828,0.424513,0.426974,0.427759,0.43549,0.431752,0.433752,0.414157,0.436761,0.411669,0.422583,0.439785,0.433904,0.414752,0.421843,0.417569,0.409068,0.414916,0.429082,0.414186,0.409811,0.406899,0.408045,0.41653,0.411075,0.414135,0.399843,0.422745,0.388119,0.396345,0.394545,0.392491,0.387729,0.385943,0.385497,0.380457,0.408382,0.381063,0.388392,0.384125,0.379916,0.412813,0.884647,0.924711,0.908406,0.866024,0.273417,0.241515,0.214939,0.216911,0.223647,0.240804,0.221585,0.202523,0.228619,0.225159,0.213364,0.214887,0.193323,0.191191,0.209269,0.192465,0.217212,0.194382,0.187076,0.181453,0.178436,0.182244,0.196719,0.178897,0.190955,0.170389,0.184634,0.154157,0.186468,0.156971,0.191853,0.158121,0.149177,0.148537,0.157785,0.130641,0.152734,0.143415,0.147277
0.132748,0.126312,0.18374,0.130951,0.160962,0.148278,0.180011,0.126035,0.185925,0.122377,0.189027,0.130865,0.175924,0.151519,0.172664,0.17675,0.169678,0.18644,0.175492,0.160413,0.204933,0.199744,0.176823,0.198722,0.189685,0.195644,0.21346,0.209563,0.202374,0.193722,0.204027,0.196594,0.197897,0.211819,0.216595,0.209398,0.202595,0.21682,0.21774,0.293192,0.848588,0.906189,0.909786,0.869093,0.421537,0.358999,0.365732,0.363586,0.363902,0.370843,0.368692,0.379682,0.364593,0.375822,0.390358,0.381399,0.391109,0.381321,0.384604,0.39664,0.380753,0.381308,0.403543,0.394258,0.396042,0.399626,0.383089,0.401543,0.392433,0.398737,0.392973,0.429993,0.394414,0.393956,0.406674,0.410234,0.418867,0.409786,0.411832,0.413117,0.408522,0.291633,0.279576,0.283903,0.274371,0.284615,0.283282,0.29062,0.295761,0.280228,0.271812,0.298679,0.291231,0.274415,0.288017,0.32016,0.29071,0.282085,0.284543,0.295661,0.295221,0.294401,0.316925,0.272701,0.28931,0.294443,0.303581,0.306898,0.281791,0.300576,0.304024,0.282031,0.299136,0.297166,0.293836,0.292605,0.304892,0.28293,0.288525,0.310247,0.270879,0.310122,0.293488,0.300402,0.435669,0.487909,0.488655,0.49477,0.503175,0.494683,0.490187,0.488555,0.444742,0.419406,0.429605,0.447217,0.407586,0.44748,0.42669,0.412586,0.319348,0.299365,0.300413,0.304588,0.305196,0.290456,0.311635,0.310494,0.289641,0.316576,0.313088,0.304852,0.29919,0.284159,0.327018,0.306958,0.307726,0.306885,0.297772,0.296438,0.303749,0.335021,0.301371,0.287662,0.306582,0.311759,0.285382,0.297263,0.326219,0.431629,0.430341,0.433096,0.422441,0.434287,0.429752,0.422912,0.433946,0.426068,0.424965,0.425835,0.43332,0.423714,0.42086,0.411047,0.408794,0.444605,0.40763,0.414569,0.410531,0.415642,0.396835,0.41546,0.41082,0.410051,0.414121,0.39423,0.392429,0.410399,0.396743,0.396752,0.406344,0.395109,0.403695,0.388585,0.379803,0.394688,0.382495,0.386892,0.376875,0.373847,0.37899,0.367623,0.432483,0.88428,0.92012,0.916205,0.855361,0.302287,0.231818,0.231824,0.215811,0.217327,0.223193,0.224047,0.208859,0.205322,0.213483,0.201041,0.209082,0.221702,0.225581,0.207613,0.19229,0.203869,0.185385,0.205969,0.212336,0.170581,0.183526,0.195332,0.17081,0.183706,0.181511,0.159211,0.182473,0.132803,0.192248,0.126863,0.196948,0.143677,0.188683,0.150647,0.164136,0.131335,0.183231,0.128777
0.126725,0.166281,0.113782,0.171477,0.146281,0.147579,0.137225,0.172966,0.129317,0.172663,0.156718,0.159591,0.166643,0.146384,0.185036,0.157479,0.193496,0.166452,0.180854,0.212396,0.17713,0.179821,0.205442,0.180215,0.185265,0.185004,0.188137,0.203527,0.18192,0.208415,0.187774,0.20591,0.228837,0.217772,0.203943,0.214548,0.225229,0.219815,0.206293,0.26176,0.84503,0.920256,0.892689,0.869445,0.414166,0.367451,0.358166,0.370154,0.378431,0.363339,0.390408,0.367821,0.378126,0.385572,0.383353,0.376271,0.361339,0.382756,0.390633,0.398418,0.400357,0.392404,0.392366,0.385247,0.393905,0.393986,0.400835,0.397287,0.420421,0.413847,0.396847,0.394905,0.405014,0.413904,0.393227,0.422678,0.408801,0.413967,0.411573,0.404979,0.408368,0.290592,0.285796,0.277923,0.281445,0.290082,0.274972,0.271592,0.288205,0.279723,0.300637,0.261407,0.299139,0.293425,0.301561,0.262,0.294025,0.296742,0.28629,0.303491,0.306801,0.280313,0.290518,0.313162,0.301872,0.295421,0.30344,0.267155,0.314598,0.29087,0.281042,0.302428,0.29367,0.302203,0.273098,0.304942,0.287599,0.294179,0.295487,0.293306,0.293522,0.284368,0.326574,0.394034,0.437815,0.445703,0.427629,0.488767,0.490321,0.490351,0.429296,0.445744,0.439585,0.414707,0.455401,0.421077,0.429855,0.43026,0.432877,0.424084,0.300459,0.311343,0.281293,0.309082,0.301662,0.31041,0.290497,0.300153,0.323776,0.276657,0.313287,0.304937,0.313267,0.323146,0.303347,0.292178,0.319228,0.315969,0.298337,0.310604,0.30631,0.276479,0.316329,0.308763,0.310864,0.277121,0.31519,0.294181,0.312396,0.40199,0.42285,0.43731,0.431927,0.425954,0.433804,0.43062,0.432033,0.417794,0.423313,0.427205,0.425365,0.436894,0.407523,0.428561,0.424188,0.410619,0.410331,0.426946,0.43114,0.409892,0.414361,0.406096,0.408883,0.400669,0.408477,0.406937,0.415957,0.417155,0.406288,0.395759,0.374379,0.392751,0.396106,0.399714,0.389122,0.379996,0.403964,0.373509,0.390609,0.383029,0.36742,0.379002,0.424923,0.8776,0.902324,0.933382,0.857097,0.27142,0.214375,0.223811,0.232818,0.226412,0.216155,0.225507,0.234635,0.213282,0.197544,0.220497,0.19308,0.209758,0.193552,0.189168,0.198105,0.189507,0.211046,0.181222,0.182039,0.219572,0.189989,0.172312,0.202413,0.162033,0.185689,0.148672,0.174436,0.174284,0.168656,0.180917,0.134242,0.171633,0.139526,0.15398,0.152681,0.177544,0.122097,0.174679
0.139303,0.121655,0.132103,0.131351,0.132444,0.137303,0.152542,0.145739,0.151544,0.167389,0.156121,0.187486,0.151422,0.193635,0.151705,0.185991,0.164179,0.184822,0.19213,0.174052,0.17332,0.183651,0.18221,0.195917,0.197442,0.199902,0.192097,0.190794,0.206383,0.196265,0.208119,0.208234,0.20465,0.200784,0.219839,0.222401,0.216702,0.20903,0.23267,0.257569,0.868315,0.914181,0.913072,0.890392,0.394419,0.372973,0.362562,0.361725,0.361484,0.372298,0.378019,0.35891,0.386058,0.360902,0.375822,0.392925,0.389055,0.391595,0.395812,0.374136,0.373254,0.396363,0.399058,0.390698,0.415448,0.402628,0.395473,0.395931,0.379987,0.391025,0.414309,0.390924,0.414789,0.407433,0.394566,0.422068,0.405293,0.402521,0.415127,0.414848,0.376792,0.279451,0.265886,0.290742,0.27285,0.284497,0.278898,0.273254,0.288328,0.285817,0.278214,0.300589,0.295623,0.264733,0.29662,0.298991,0.27524,0.287029,0.30715,0.296334,0.267869,0.307783,0.295451,0.286737,0.288603,0.303212,0.287179,0.295509,0.297917,0.302382,0.298533,0.283188,0.294501,0.295025,0.302089,0.279062,0.306337,0.295128,0.279868,0.309611,0.286114,0.292233,0.29873,0.418733,0.419967,0.436474,0.42677,0.428946,0.437753,0.429585,0.428355,0.436554,0.42137,0.431074,0.426755,0.429278,0.421232,0.446912,0.416489,0.425337,0.326984,0.286018,0.307932,0.30326,0.301151,0.291987,0.30776,0.312102,0.307932,0.305227,0.29711,0.314534,0.29957,0.298944,0.305721,0.320591,0.280914,0.309497,0.321513,0.298629,0.289767,0.31252,0.311364,0.278725,0.311346,0.315092,0.292792,0.300633,0.30422,0.305977,0.419896,0.432969,0.422845,0.439457,0.41551,0.421644,0.409603,0.431219,0.430635,0.417562,0.42128,0.437297,0.411013,0.42256,0.42763,0.406465,0.429991,0.403855,0.395454,0.414282,0.412674,0.417705,0.430758,0.402922,0.414024,0.410277,0.388001,0.386653,0.408305,0.406744,0.404562,0.404537,0.389638,0.376283,0.399898,0.372148,0.389858,0.383287,0.376478,0.373476,0.377761,0.385381,0.405624,0.900683,0.924678,0.921102,0.878855,0.266957,0.244634,0.226773,0.230206,0.23065,0.224643,0.209588,0.21656,0.220275,0.218881,0.201212,0.211271,0.201534,0.204094,0.212468,0.204545,0.202416,0.191245,0.197432,0.185952,0.1789,0.19824,0.193352,0.169969,0.196719,0.16304,0.20666,0.158913,0.183708,0.157978,0.1727,0.157534,0.153742,0.159624,0.14745,0.140477,0.135349,0.134423,0.128462
0.121912,0.125204,0.17299,0.128048,0.162297,0.139688,0.175109,0.128598,0.181538,0.124408,0.183675,0.123742,0.19859,0.151814,0.19902,0.151188,0.177764,0.164808,0.168705,0.178324,0.205303,0.187327,0.181101,0.193143,0.204709,0.191273,0.19806,0.187274,0.22055,0.195652,0.221612,0.196399,0.19335,0.209035,0.191598,0.204642,0.207926,0.217384,0.226276,0.266673,0.884374,0.885243,0.916031,0.873886,0.405191,0.357303,0.374904,0.367354,0.359262,0.375922,0.353848,0.393596,0.378961,0.368979,0.382365,0.372307,0.396331,0.365504,0.373156,0.401628,0.394404,0.402217,0.387127,0.389227,0.410682,0.397141,0.384405,0.413625,0.398379,0.410821,0.41319,0.3957,0.402396,0.422341,0.392573,0.410547,0.41352,0.394246,0.41486,0.395162,0.292719,0.279207,0.281189,0.271009,0.273363,0.299559,0.277249,0.282492,0.261317,0.302978,0.288599,0.296822,0.265986,0.289869,0.286626,0.295139,0.299296,0.289004,0.274501,0.284673,0.304574,0.285972,0.299355,0.286568,0.285803,0.296263,0.307431,0.287744,0.285737,0.306539,0.284168,0.291165,0.294622,0.291654,0.296232,0.291098,0.297571,0.287984,0.30539,0.278991,0.303333,0.288817,0.303295,0.425218,0.423206,0.426679,0.432982,0.416944,0.4421,0.417236,0.43479,0.427804,0.42447,0.437065,0.430993,0.42563,0.440366,0.41526,0.44224,0.427632,0.420138,0.304779,0.301917,0.299139,0.30177,0.298468,0.293434,0.316439,0.294914,0.298701,0.316819,0.306582,0.297594,0.298829,0.310109,0.298493,0.31676,0.299497,0.289515,0.303522,0.313469,0.309022,0.299992,0.304837,0.281377,0.310861,0.302064,0.317966,0.274852,0.306023,0.41626,0.447005,0.42284,0.419669,0.431469,0.427962,0.425342,0.419947,0.431213,0.407966,0.427183,0.427042,0.406413,0.437492,0.419649,0.411125,0.430031,0.426428,0.412642,0.424718,0.399327,0.412333,0.424841,0.405927,0.403493,0.417778,0.4093,0.419535,0.391538,0.379934,0.408519,0.388275,0.397737,0.381818,0.390722,0.406736,0.366322,0.388082,0.367659,0.379844,0.381993,0.366816,0.418267,0.887542,0.923628,0.898665,0.895327,0.279543,0.234315,0.219738,0.214624,0.216246,0.204321,0.223328,0.202108,0.20032,0.229695,0.209385,0.230776,0.194716,0.207104,0.200525,0.213,0.201229,0.187142,0.188046,0.207257,0.184222,0.175286,0.170965,0.188025,0.153999,0.199544,0.154345,0.202662,0.134351,0.194136,0.135658,0.190138,0.134207,0.179465,0.145607,0.165568,0.136245,0.178165,0.12978
0.143691,0.162285,0.112674,0.175321,0.12045,0.179512,0.11976,0.178818,0.117343,0.185899,0.144193,0.179651,0.157423,0.148773,0.171361,0.161289,0.178909,0.172945,0.170579,0.207153,0.172066,0.174091,0.188104,0.183207,0.181194,0.189954,0.191153,0.211053,0.173213,0.207202,0.193838,0.208509,0.213584,0.211614,0.21072,0.220741,0.221017,0.21562,0.224151,0.279148,0.854802,0.919886,0.909626,0.873682,0.423447,0.359546,0.372433,0.376599,0.381726,0.375666,0.368907,0.386766,0.356002,0.386359,0.374902,0.379248,0.38271,0.400436,0.391126,0.379184,0.381987,0.400705,0.387199,0.405114,0.383935,0.410595,0.408984,0.40777,0.400886,0.387103,0.408319,0.401027,0.387261,0.406451,0.395607,0.413509,0.40196,0.411225,0.400348,0.402815,0.293181,0.270457,0.283387,0.281957,0.281716,0.276585,0.279931,0.289317,0.285125,0.275692,0.270446,0.29226,0.286304,0.273764,0.30583,0.287127,0.280794,0.280889,0.316923,0.274136,0.299455,0.286732,0.290685,0.282792,0.315547,0.284016,0.270109,0.315335,0.270467,0.301496,0.287603,0.29623,0.305096,0.280412,0.295097,0.296308,0.28356,0.302471,0.28882,0.298242,0.288615,0.302107,0.299532,0.426839,0.417103,0.431612,0.415739,0.427595,0.431961,0.427794,0.416508,0.431215,0.419026,0.437461,0.41972,0.43932,0.425884,0.435504,0.425603,0.440871,0.413234,0.311268,0.300725,0.286939,0.312294,0.302787,0.296664,0.309979,0.281169,0.325527,0.280241,0.29365,0.32632,0.29342,0.304256,0.300242,0.313128,0.287967,0.330318,0.29466,0.295138,0.30149,0.3214,0.286885,0.301476,0.306218,0.285636,0.28955,0.30091,0.313807,0.419652,0.425334,0.430328,0.433222,0.430548,0.419474,0.434954,0.427542,0.412727,0.426017,0.414714,0.42442,0.411976,0.423459,0.402276,0.417171,0.421968,0.400961,0.415353,0.425418,0.421716,0.42407,0.402695,0.418896,0.399653,0.413887,0.396163,0.389968,0.402564,0.411082,0.398784,0.390795,0.386772,0.401687,0.371222,0.399674,0.383884,0.388456,0.397425,0.391926,0.386232,0.373816,0.431727,0.882666,0.923515,0.928605,0.864655,0.286631,0.234249,0.231768,0.236433,0.229611,0.215456,0.217796,0.223132,0.220009,0.201432,0.212086,0.180457,0.220786,0.198954,0.195593,0.190164,0.193443,0.198211,0.188567,0.184181,0.213159,0.178335,0.181346,0.186384,0.173885,0.182848,0.159845,0.165629,0.182845,0.149948,0.191849,0.121284,0.183198,0.123356,0.185546,0.128319,0.185508,0.125365,0.169581
0.124834,0.13462,0.154667,0.118179,0.167441,0.112024,0.161716,0.127528,0.168294,0.15362,0.175325,0.159211,0.152881,0.185799,0.168781,0.192759,0.172384,0.181469,0.19587,0.180919,0.167171,0.20078,0.197367,0.179963,0.195958,0.186674,0.190272,0.205888,0.208025,0.204981,0.195113,0.208558,0.207017,0.192625,0.233171,0.206195,0.199114,0.212327,0.21179,0.285201,0.833345,0.910657,0.892835,0.891815,0.40594,0.371944,0.375466,0.350952,0.380165,0.361535,0.376908,0.376149,0.383734,0.382187,0.369049,0.400636,0.365191,0.374387,0.380611,0.378711,0.395479,0.3718,0.390291,0.400452,0.387575,0.386532,0.394924,0.4107,0.403645,0.402259,0.408083,0.40264,0.40923,0.392853,0.406416,0.40838,0.405039,0.420698,0.394391,0.407498,0.270628,0.298813,0.279506,0.276152,0.264465,0.279609,0.284407,0.263604,0.285276,0.295489,0.282852,0.275776,0.283741,0.306577,0.281865,0.278304,0.288343,0.293388,0.291206,0.297147,0.288789,0.282998,0.288931,0.299399,0.283402,0.289305,0.293483,0.289447,0.320217,0.282788,0.280903,0.296022,0.288974,0.294793,0.283969,0.312658,0.280998,0.286169,0.306463,0.271217,0.307332,0.285593,0.41161,0.428764,0.429645,0.422205,0.437768,0.421708,0.423895,0.421794,0.438215,0.423098,0.432115,0.431854,0.431236,0.414599,0.445795,0.408861,0.442618,0.423843,0.409844,0.325711,0.289652,0.301817,0.29694,0.304159,0.289193,0.292397,0.32919,0.30122,0.304131,0.300808,0.294325,0.312467,0.300594,0.295891,0.30188,0.30854,0.303413,0.306763,0.303315,0.29281,0.29596,0.322645,0.297014,0.290497,0.298486,0.310371,0.300526,0.288216,0.417274,0.429121,0.412138,0.423179,0.429304,0.448978,0.41032,0.432494,0.409696,0.43622,0.420915,0.423896,0.422431,0.406948,0.422289,0.417522,0.423594,0.41829,0.419278,0.427156,0.411968,0.402235,0.398421,0.415867,0.4096,0.388653,0.411071,0.395862,0.397764,0.393811,0.379597,0.414207,0.386473,0.395545,0.396498,0.388036,0.390824,0.371478,0.388886,0.359954,0.387258,0.379541,0.421602,0.905222,0.904036,0.921524,0.846339,0.29926,0.221673,0.218069,0.203294,0.216008,0.248192,0.206907,0.215455,0.215494,0.20514,0.212863,0.21624,0.215105,0.198456,0.19844,0.203125,0.186091,0.201017,0.205959,0.175054,0.191154,0.202383,0.188141,0.17996,0.19664,0.173876,0.187176,0.15584,0.166908,0.181794,0.158431,0.178231,0.138276,0.17283,0.116031,0.164563,0.11897,0.154428,0.134801
0.134282,0.126819,0.164265,0.140808,0.135037,0.161997,0.156291,0.153368,0.154946,0.147185,0.172745,0.125273,0.184855,0.136783,0.196562,0.152851,0.192556,0.176726,0.166457,0.17592,0.20753,0.183667,0.187353,0.188193,0.19853,0.191044,0.201599,0.189769,0.211257,0.176501,0.204919,0.195742,0.20214,0.226433,0.210486,0.210502,0.215158,0.223939,0.209499,0.261605,0.87071,0.898617,0.914943,0.873834,0.418456,0.372377,0.362716,0.357852,0.380012,0.366933,0.372386,0.360717,0.379654,0.374593,0.380722,0.360361,0.390622,0.38229,0.389222,0.385939,0.38474,0.385495,0.401478,0.386139,0.40889,0.388797,0.406706,0.396481,0.398108,0.406219,0.378927,0.406753,0.412523,0.408552,0.408715,0.400583,0.405081,0.404412,0.412486,0.401839,0.279541,0.26125,0.271497,0.281849,0.28641,0.270809,0.28007,0.294182,0.283753,0.271982,0.285902,0.30222,0.286495,0.266586,0.280747,0.306562,0.287702,0.282186,0.286465,0.294373,0.274729,0.318435,0.275248,0.295268,0.300386,0.287754,0.303528,0.277048,0.284307,0.295551,0.293918,0.290049,0.296888,0.282837,0.307358,0.280408,0.286189,0.311915,0.277449,0.298586,0.290558,0.301076,0.417399,0.414217,0.418237,0.430892,0.418719,0.435131,0.41206,0.435713,0.419492,0.432074,0.420649,0.41601,0.430253,0.429947,0.427776,0.436885,0.415087,0.449609,0.416059,0.303937,0.314341,0.289185,0.305231,0.297981,0.302578,0.305401,0.294356,0.28683,0.314714,0.298555,0.309869,0.306729,0.287764,0.330841,0.287227,0.309062,0.297854,0.296326,0.301207,0.323001,0.295922,0.282665,0.30253,0.317329,0.300361,0.287704,0.29839,0.311895,0.314972,0.408931,0.436627,0.43179,0.419601,0.410341,0.423269,0.435894,0.428918,0.421775,0.418706,0.414774,0.420606,0.421183,0.429474,0.421357,0.392891,0.421927,0.412359,0.406304,0.41898,0.404098,0.425153,0.400123,0.412313,0.399362,0.402352,0.401008,0.403505,0.395544,0.40496,0.377931,0.391175,0.388199,0.393903,0.373664,0.384326,0.382232,0.394086,0.376833,0.375632,0.387052,0.427665,0.880903,0.924044,0.911039,0.878269,0.273333,0.218307,0.235024,0.22909,0.219079,0.212927,0.232425,0.211184,0.207311,0.212132,0.187226,0.224081,0.19483,0.205596,0.196298,0.208037,0.19876,0.202537,0.197668,0.214082,0.175949,0.170708,0.182884,0.197823,0.16209,0.20795,0.146704,0.190033,0.131333,0.181535,0.153172,0.158651,0.154492,0.157896,0.170271,0.144709,0.149569,0.169374,0.136458
0.159498,0.131233,0.132129,0.170024,0.10844,0.185501,0.115802,0.175835,0.123514,0.185361,0.133557,0.179302,0.159359,0.166594,0.166326,0.166401,0.170003,0.183109,0.180787,0.181536,0.171683,0.200191,0.178077,0.186365,0.187895,0.188908,0.186454,0.199722,0.190494,0.206303,0.202369,0.210746,0.203042,0.206669,0.189496,0.21985,0.215202,0.20768,0.220017,0.263307,0.872415,0.902619,0.920803,0.869689,0.416873,0.361665,0.353875,0.378153,0.356327,0.369642,0.379311,0.368594,0.36452,0.371403,0.379558,0.38376,0.392268,0.372985,0.380477,0.38182,0.374451,0.395437,0.39277,0.385763,0.379001,0.39183,0.397919,0.374252,0.395724,0.407481,0.40007,0.416094,0.399924,0.408479,0.403529,0.411332,0.405958,0.411378,0.398148,0.279437,0.286975,0.283487,0.277333,0.260419,0.28157,0.284332,0.285943,0.264976,0.286637,0.285126,0.285242,0.264521,0.288816,0.287879,0.278,0.289909,0.309361,0.273366,0.288647,0.288055,0.302911,0.27857,0.290806,0.292958,0.280343,0.308925,0.288311,0.290036,0.289452,0.29043,0.301972,0.289253,0.282337,0.304515,0.279963,0.290432,0.299115,0.289449,0.294912,0.287011,0.283244,0.304632,0.409068,0.424554,0.436452,0.419501,0.432559,0.412376,0.442581,0.413275,0.432444,0.420719,0.43862,0.427288,0.419154,0.43143,0.420514,0.423291,0.433604,0.427727,0.436434,0.413715,0.29605,0.312646,0.290181,0.296999,0.311048,0.299142,0.299814,0.301651,0.29773,0.318835,0.292658,0.302436,0.302353,0.291311,0.314992,0.300469,0.302469,0.287031,0.321891,0.30275,0.293117,0.30116,0.304967,0.279739,0.301359,0.299652,0.301819,0.278689,0.310047,0.427178,0.427829,0.411126,0.427765,0.431171,0.432925,0.413806,0.42197,0.422588,0.421871,0.427778,0.418066,0.423502,0.412935,0.430802,0.414164,0.420656,0.410536,0.393521,0.415946,0.407786,0.395156,0.401809,0.410054,0.409447,0.387425,0.397943,0.397696,0.38689,0.408544,0.397266,0.39534,0.385897,0.378788,0.381195,0.392968,0.38295,0.367181,0.388769,0.366138,0.373333,0.429761,0.886912,0.932476,0.909598,0.88449,0.274276,0.232427,0.217284,0.22282,0.230508,0.203351,0.21778,0.214773,0.218626,0.210847,0.211007,0.193646,0.2111,0.200526,0.20161,0.197535,0.194564,0.179896,0.200802,0.177932,0.193285,0.189977,0.188743,0.176602,0.173282,0.174985,0.176762,0.17286,0.190955,0.138403,0.191532,0.131312,0.181793,0.120478,0.192223,0.11638,0.178382,0.138862,0.136187
0.101704,0.128416,0.158299,0.0982937,0.178468,0.0885374,0.169738,0.117374,0.183854,0.127397,0.191397,0.153391,0.181896,0.173791,0.165177,0.174413,0.171227,0.171377,0.181973,0.194103,0.157927,0.188744,0.199279,0.172585,0.206959,0.199323,0.195215,0.195556,0.189159,0.219653,0.202532,0.20381,0.210506,0.175193,0.224078,0.20262,0.195755,0.225011,0.2353,0.284271,0.854099,0.910571,0.886213,0.885151,0.389441,0.358677,0.382872,0.364847,0.368374,0.378508,0.360393,0.379706,0.387425,0.368824,0.357028,0.384074,0.365396,0.371039,0.388776,0.396068,0.402095,0.398676,0.367405,0.390936,0.371512,0.410399,0.394865,0.390915,0.405552,0.397449,0.381704,0.388225,0.406559,0.412327,0.410121,0.403523,0.405776,0.398167,0.399159,0.274843,0.266806,0.28098,0.260719,0.287157,0.28988,0.262676,0.270224,0.304597,0.28072,0.269478,0.28306,0.293393,0.280922,0.300549,0.282833,0.295641,0.257488,0.283835,0.336003,0.27632,0.271337,0.293226,0.307462,0.279061,0.295449,0.280361,0.289819,0.300408,0.290088,0.307989,0.275113,0.277701,0.31923,0.262966,0.300307,0.308562,0.27224,0.28733,0.296148,0.287188,0.29767,0.303902,0.424501,0.431123,0.415945,0.419372,0.421957,0.43774,0.404289,0.438239,0.422248,0.420939,0.418065,0.434258,0.435336,0.422829,0.434533,0.423883,0.432156,0.425891,0.410269,0.437698,0.315538,0.269704,0.325805,0.285568,0.28374,0.316434,0.299797,0.310055,0.301378,0.292843,0.307223,0.289605,0.320509,0.303696,0.284655,0.289436,0.349903,0.296782,0.272099,0.309929,0.297781,0.31494,0.294387,0.3078,0.300599,0.283484,0.295124,0.321233,0.294313,0.395311,0.438174,0.435607,0.409798,0.429327,0.413518,0.412766,0.424118,0.414775,0.420629,0.420066,0.426972,0.426134,0.421442,0.404116,0.39518,0.412521,0.421515,0.402192,0.407082,0.425182,0.38383,0.406576,0.382596,0.416908,0.419475,0.410744,0.401519,0.38805,0.377896,0.397267,0.371473,0.380347,0.401665,0.393542,0.371538,0.391334,0.37952,0.378657,0.394869,0.368273,0.402566,0.891702,0.899078,0.925696,0.864205,0.293471,0.244704,0.234576,0.20812,0.212417,0.230071,0.184171,0.215311,0.212428,0.214904,0.233251,0.204424,0.205653,0.199334,0.203584,0.212782,0.179988,0.209662,0.197238,0.165324,0.199319,0.189618,0.179231,0.180794,0.183863,0.170286,0.178396,0.185237,0.153786,0.196216,0.134094,0.187886,0.124863,0.180966,0.0956379,0.182324,0.10094,0.160447,0.130905
0.138137,0.132146,0.132947,0.156051,0.11729,0.189191,0.131327,0.175744,0.125687,0.175337,0.154905,0.137479,0.162276,0.141681,0.200139,0.148697,0.178422,0.185685,0.169258,0.168417,0.202964,0.173154,0.190133,0.17267,0.189178,0.180609,0.19823,0.189084,0.204216,0.188851,0.201243,0.194683,0.211256,0.204569,0.207677,0.218791,0.212818,0.222398,0.216911,0.267005,0.85482,0.902061,0.901012,0.881807,0.404568,0.355796,0.376846,0.367661,0.379328,0.371796,0.369234,0.367515,0.361279,0.368441,0.375082,0.379686,0.389239,0.38743,0.375283,0.380929,0.370213,0.392788,0.397311,0.393333,0.368798,0.394484,0.404572,0.378456,0.393367,0.394751,0.41235,0.42098,0.388578,0.402611,0.411227,0.404724,0.406169,0.395077,0.391157,0.267204,0.281667,0.282909,0.281774,0.263536,0.274893,0.287739,0.275414,0.27916,0.263854,0.305843,0.278568,0.278376,0.271991,0.298362,0.27078,0.29729,0.295868,0.288335,0.279305,0.282599,0.298016,0.283846,0.285272,0.295474,0.290325,0.3023,0.284002,0.280504,0.297605,0.2751,0.308491,0.297129,0.272035,0.322477,0.259043,0.296896,0.306666,0.273874,0.298632,0.283435,0.28755,0.421338,0.411201,0.417456,0.447783,0.410063,0.431131,0.420406,0.428331,0.420542,0.432173,0.411656,0.448853,0.420275,0.412292,0.43974,0.416025,0.419021,0.435982,0.41279,0.445206,0.428594,0.283949,0.330909,0.27968,0.303566,0.316835,0.283559,0.308009,0.290357,0.294753,0.313335,0.301513,0.307162,0.296753,0.298249,0.310998,0.296566,0.291676,0.303159,0.309693,0.313625,0.284351,0.314922,0.286636,0.294336,0.293346,0.322346,0.280584,0.292713,0.292776,0.320959,0.414904,0.413224,0.430718,0.430819,0.431746,0.4118,0.423901,0.41091,0.421301,0.419333,0.426198,0.417969,0.405597,0.436497,0.427728,0.410467,0.405642,0.393281,0.42175,0.411165,0.386499,0.407247,0.410827,0.404903,0.382831,0.397244,0.391382,0.40161,0.402881,0.396051,0.391407,0.38355,0.373536,0.381264,0.382862,0.383424,0.392567,0.377782,0.388688,0.367412,0.413667,0.895064,0.912272,0.909699,0.865057,0.281872,0.225937,0.231587,0.222833,0.225523,0.219425,0.216302,0.224499,0.204808,0.206945,0.196765,0.209814,0.196063,0.207969,0.192596,0.199329,0.182274,0.195127,0.178827,0.212053,0.180957,0.176673,0.191215,0.182268,0.153558,0.207243,0.149468,0.175482,0.150802,0.164683,0.183518,0.13401,0.181036,0.13479,0.191602,0.122988,0.166034,0.14174,0.141833
0.168679,0.139553,0.150652,0.17361,0.111924,0.173405,0.130156,0.151536,0.143081,0.161198,0.151979,0.164516,0.159153,0.168772,0.165732,0.172233,0.176849,0.166836,0.170056,0.176695,0.178138,0.207722,0.175764,0.200371,0.192087,0.19165,0.183724,0.187041,0.198811,0.19529,0.190803,0.20711,0.210098,0.231801,0.21173,0.211889,0.217315,0.209838,0.201474,0.264692,0.873914,0.886317,0.916743,0.874017,0.4206,0.372378,0.350026,0.357021,0.350976,0.355648,0.372928,0.365165,0.376114,0.375873,0.386021,0.369475,0.383356,0.370234,0.374295,0.39811,0.386304,0.380226,0.392424,0.389526,0.402392,0.379528,0.406088,0.399628,0.403058,0.388193,0.388028,0.401812,0.393722,0.41488,0.395111,0.391362,0.392639,0.396021,0.297511,0.285945,0.280998,0.259249,0.273555,0.276807,0.301067,0.259768,0.286048,0.284379,0.275717,0.254825,0.307716,0.286088,0.290774,0.256508,0.288835,0.298201,0.291288,0.274008,0.289939,0.279614,0.29507,0.316054,0.262705,0.278913,0.307692,0.278844,0.297519,0.283829,0.290756,0.294451,0.289396,0.285863,0.296468,0.278794,0.306354,0.285233,0.283461,0.290472,0.301181,0.29091,0.291011,0.424186,0.419297,0.421757,0.414471,0.430817,0.41667,0.429673,0.418399,0.430296,0.416693,0.431982,0.416985,0.424786,0.420218,0.433032,0.417097,0.42823,0.437007,0.428954,0.423103,0.424255,0.429648,0.293645,0.305763,0.293392,0.297908,0.302422,0.300293,0.295182,0.309044,0.290528,0.31984,0.291896,0.274421,0.328923,0.307532,0.293161,0.303671,0.287265,0.305495,0.311735,0.304109,0.271145,0.306845,0.302777,0.323004,0.270847,0.289774,0.299661,0.300115,0.283836,0.440718,0.426504,0.42612,0.410894,0.428343,0.433709,0.432586,0.419282,0.408256,0.406618,0.410844,0.432736,0.410714,0.41414,0.403232,0.403511,0.420863,0.415033,0.418884,0.392924,0.415441,0.405468,0.41004,0.397363,0.404465,0.412116,0.389993,0.386167,0.397542,0.382812,0.397065,0.388371,0.390741,0.378059,0.383887,0.36805,0.365546,0.370745,0.364519,0.385946,0.434878,0.885063,0.925698,0.900495,0.88611,0.273137,0.210343,0.223188,0.228724,0.220901,0.22059,0.238454,0.217574,0.213918,0.198969,0.206549,0.210251,0.197504,0.193,0.196121,0.197133,0.206491,0.182318,0.213648,0.184879,0.183197,0.178345,0.174949,0.185112,0.179879,0.171011,0.175206,0.161443,0.165145,0.157152,0.165537,0.145654,0.1567,0.139591,0.182336,0.118173,0.177777,0.155473,0.146452
0.107991,0.132748,0.147936,0.106078,0.166915,0.0926287,0.179656,0.108238,0.188431,0.128185,0.18613,0.14089,0.175413,0.159082,0.174241,0.182975,0.183445,0.19083,0.195489,0.188682,0.149324,0.191855,0.202136,0.18079,0.187993,0.194352,0.205581,0.210938,0.191038,0.20789,0.197289,0.206884,0.190833,0.193,0.222214,0.196559,0.197826,0.211768,0.216444,0.276897,0.844525,0.909633,0.90375,0.868387,0.410496,0.372214,0.364281,0.363436,0.380278,0.37505,0.371183,0.355196,0.37731,0.372747,0.369952,0.391269,0.372765,0.383909,0.385787,0.369981,0.382516,0.370493,0.393429,0.407503,0.396589,0.378858,0.389979,0.410223,0.382575,0.403635,0.415861,0.399591,0.401573,0.388486,0.400866,0.401175,0.410352,0.405313,0.266307,0.286956,0.266156,0.291422,0.273235,0.268362,0.268458,0.276197,0.293293,0.261674,0.282903,0.299159,0.283656,0.252671,0.303218,0.292281,0.285243,0.26715,0.293179,0.286576,0.295174,0.290574,0.27554,0.278541,0.297959,0.29838,0.27721,0.288262,0.290584,0.29197,0.295972,0.288344,0.2855,0.294838,0.27949,0.29753,0.290134,0.287431,0.287886,0.296743,0.273364,0.287569,0.314286,0.393032,0.438464,0.413298,0.427583,0.423819,0.429709,0.424544,0.41561,0.425753,0.430451,0.424582,0.428385,0.415871,0.442531,0.404807,0.44298,0.424813,0.410576,0.434465,0.425519,0.427433,0.420889,0.313181,0.288566,0.30309,0.293548,0.297923,0.30396,0.303726,0.302097,0.300917,0.288706,0.31037,0.311956,0.29085,0.290133,0.302923,0.309831,0.300261,0.307632,0.281898,0.300588,0.30756,0.31885,0.268779,0.299953,0.31328,0.298536,0.274971,0.307892,0.301435,0.409264,0.418002,0.422423,0.441584,0.416475,0.436024,0.406916,0.431145,0.424444,0.416531,0.417761,0.401817,0.41602,0.416071,0.432457,0.419907,0.397723,0.426023,0.404056,0.392993,0.412353,0.421181,0.404867,0.383208,0.395252,0.382971,0.398423,0.397083,0.385635,0.404402,0.387291,0.386633,0.390027,0.368441,0.384914,0.390377,0.38975,0.374968,0.373357,0.384319,0.417481,0.879863,0.916935,0.918525,0.851965,0.291013,0.228155,0.224055,0.208351,0.211199,0.235903,0.205747,0.20082,0.219362,0.210774,0.216886,0.196942,0.214471,0.214602,0.205646,0.19732,0.186988,0.212235,0.203589,0.161017,0.195429,0.198066,0.196939,0.191395,0.190801,0.182593,0.165997,0.1849,0.15458,0.195356,0.13751,0.197429,0.11466,0.182211,0.100229,0.177627,0.11581,0.154231,0.13412
0.138413,0.13572,0.113175,0.162749,0.127625,0.185299,0.113598,0.184995,0.103356,0.190211,0.147367,0.161788,0.161599,0.162031,0.184386,0.141121,0.183119,0.174901,0.170194,0.176716,0.198975,0.172064,0.192723,0.167697,0.198276,0.186861,0.181197,0.19521,0.198018,0.195968,0.206175,0.208783,0.2203,0.196781,0.204194,0.207632,0.220267,0.22242,0.218056,0.276465,0.842498,0.928729,0.896991,0.872494,0.413117,0.359823,0.364066,0.354781,0.368416,0.37457,0.365927,0.379006,0.364985,0.386411,0.372936,0.37677,0.378154,0.377339,0.381876,0.375719,0.395877,0.390559,0.372108,0.396211,0.385946,0.398163,0.39197,0.420292,0.398169,0.397564,0.389769,0.382277,0.401444,0.406643,0.413975,0.400844,0.400362,0.400476,0.265853,0.271276,0.275333,0.262554,0.269491,0.284312,0.273827,0.280324,0.265747,0.299401,0.267445,0.285501,0.263743,0.292945,0.278891,0.285776,0.283227,0.295128,0.270645,0.280703,0.305509,0.286588,0.279255,0.29667,0.275831,0.289739,0.298111,0.283468,0.276096,0.30185,0.273207,0.28806,0.289736,0.292434,0.302337,0.27441,0.288332,0.294017,0.2864,0.292492,0.290416,0.286563,0.307491,0.42199,0.404266,0.444431,0.407972,0.425016,0.412609,0.420551,0.435556,0.421432,0.4141,0.426955,0.409723,0.446858,0.407502,0.432716,0.427745,0.423559,0.42724,0.428966,0.423599,0.433888,0.420194,0.290208,0.309781,0.300871,0.297381,0.297866,0.282098,0.311391,0.285362,0.293877,0.310776,0.301535,0.288254,0.308855,0.292026,0.300102,0.317989,0.295187,0.284665,0.310561,0.297768,0.301734,0.29272,0.307591,0.280329,0.301705,0.284178,0.314734,0.281299,0.306028,0.403757,0.436259,0.418187,0.412361,0.426255,0.421079,0.407029,0.429033,0.418666,0.414195,0.427978,0.422529,0.416997,0.396389,0.403128,0.412663,0.412351,0.435199,0.410878,0.416531,0.401447,0.410112,0.389658,0.406752,0.413013,0.392594,0.398381,0.395954,0.396032,0.390312,0.38673,0.397601,0.379202,0.392807,0.378329,0.385625,0.382885,0.367753,0.379916,0.373095,0.428619,0.885699,0.908667,0.939747,0.857366,0.285368,0.226065,0.228968,0.228263,0.214876,0.211724,0.205337,0.228956,0.213002,0.213278,0.203492,0.204631,0.209537,0.190617,0.190574,0.208315,0.178497,0.198453,0.176864,0.205812,0.184524,0.182361,0.184466,0.190686,0.143979,0.188395,0.170805,0.168744,0.166787,0.153851,0.19828,0.111587,0.195673,0.121425,0.191733,0.128784,0.164563,0.12192,0.146448
0.151867,0.161372,0.148534,0.148763,0.123557,0.151276,0.157503,0.119478,0.178537,0.128233,0.172641,0.154479,0.167388,0.162874,0.166365,0.173037,0.163471,0.169454,0.165363,0.182916,0.184238,0.186994,0.17229,0.20032,0.195264,0.195237,0.188063,0.196278,0.19966,0.200466,0.20022,0.19115,0.204333,0.205222,0.196148,0.213261,0.213392,0.204902,0.221945,0.269933,0.87178,0.886493,0.904344,0.87505,0.408688,0.343402,0.3805,0.363244,0.36662,0.37953,0.358479,0.389563,0.362253,0.372274,0.372586,0.36099,0.393223,0.369168,0.372305,0.401022,0.378754,0.394629,0.382844,0.388719,0.411497,0.395055,0.384446,0.39706,0.387125,0.398924,0.411845,0.406985,0.403856,0.406421,0.389066,0.41448,0.416616,0.391056,0.271916,0.265137,0.281002,0.272278,0.292002,0.265254,0.268557,0.285329,0.281971,0.268858,0.259446,0.303805,0.279374,0.272333,0.285576,0.287398,0.269403,0.289372,0.300895,0.281802,0.268133,0.286525,0.302696,0.279155,0.291812,0.275655,0.281639,0.297282,0.302221,0.266882,0.303822,0.299194,0.272148,0.290314,0.287183,0.291027,0.286515,0.292433,0.287995,0.283684,0.297778,0.293427,0.40455,0.419012,0.430249,0.417732,0.414571,0.428546,0.425501,0.41135,0.434449,0.411952,0.425839,0.430167,0.415521,0.420298,0.432423,0.421895,0.426103,0.422254,0.43737,0.421259,0.425474,0.431141,0.416657,0.314503,0.294727,0.299868,0.281839,0.308188,0.313504,0.277052,0.314346,0.308755,0.292141,0.288541,0.303782,0.292415,0.314476,0.301113,0.280892,0.295491,0.315826,0.303774,0.284893,0.301618,0.301062,0.287839,0.294394,0.319933,0.275955,0.287221,0.297175,0.300675,0.303852,0.403799,0.442414,0.425703,0.430527,0.415266,0.413545,0.416986,0.430204,0.431061,0.404006,0.421501,0.421068,0.422115,0.42755,0.412538,0.401803,0.412336,0.395751,0.408016,0.427914,0.406196,0.395061,0.40824,0.392431,0.413693,0.387115,0.379987,0.405575,0.376644,0.388703,0.388445,0.376986,0.404344,0.372424,0.394415,0.377459,0.374879,0.389715,0.356346,0.418547,0.884276,0.917761,0.896673,0.881643,0.281573,0.233634,0.21919,0.225527,0.223626,0.210033,0.216324,0.213201,0.206281,0.211679,0.207752,0.20779,0.202642,0.194621,0.202536,0.202355,0.208234,0.182676,0.195689,0.19197,0.189605,0.167898,0.172879,0.168165,0.18279,0.17386,0.165117,0.173812,0.158311,0.178056,0.133833,0.182146,0.126239,0.169016,0.162195,0.13131,0.155664,0.150229,0.160294
0.126178,0.110585,0.151756,0.1216,0.161968,0.112216,0.164944,0.126571,0.172978,0.148471,0.164365,0.152009,0.176927,0.158793,0.172503,0.161438,0.175568,0.173129,0.183919,0.193498,0.170113,0.182954,0.192785,0.194504,0.181598,0.183008,0.203617,0.192072,0.19306,0.202325,0.192235,0.211233,0.19539,0.203544,0.218497,0.218597,0.213234,0.208536,0.225754,0.253625,0.870497,0.889935,0.912016,0.881984,0.391377,0.364549,0.355238,0.360179,0.357027,0.371496,0.360313,0.36241,0.379719,0.371818,0.375218,0.385591,0.378898,0.394068,0.387186,0.369092,0.359282,0.400145,0.399502,0.385285,0.40497,0.387225,0.394668,0.404009,0.376552,0.386783,0.408725,0.391812,0.409264,0.406252,0.401546,0.416903,0.381835,0.39137,0.284576,0.286555,0.263183,0.253526,0.268043,0.277479,0.284949,0.27453,0.277883,0.275589,0.278302,0.27125,0.290276,0.287963,0.294265,0.259924,0.287486,0.295542,0.275005,0.279382,0.305125,0.279379,0.269426,0.291923,0.30073,0.281108,0.291164,0.285913,0.29115,0.291514,0.279313,0.296701,0.294266,0.283656,0.280065,0.293664,0.298413,0.266512,0.305375,0.286368,0.277283,0.312189,0.406264,0.413397,0.42159,0.422099,0.419175,0.432255,0.417579,0.422036,0.441653,0.422234,0.418973,0.433965,0.420344,0.423392,0.424208,0.416785,0.419042,0.439755,0.41428,0.423616,0.442106,0.406385,0.436739,0.417141,0.295602,0.292808,0.303974,0.306164,0.289534,0.301401,0.302008,0.298476,0.30239,0.293739,0.313492,0.305089,0.283564,0.292195,0.319679,0.294103,0.28874,0.310827,0.30314,0.27354,0.311092,0.305513,0.30582,0.287476,0.294934,0.290979,0.293304,0.28991,0.309292,0.419402,0.418251,0.402513,0.415885,0.435458,0.425743,0.423273,0.398379,0.432128,0.418153,0.420795,0.421522,0.409152,0.426395,0.402367,0.389889,0.417556,0.410326,0.404293,0.41909,0.399277,0.418645,0.416316,0.373952,0.386157,0.403223,0.412493,0.397016,0.397526,0.387794,0.384648,0.394198,0.378594,0.372485,0.384627,0.370907,0.373704,0.370526,0.376293,0.403434,0.892707,0.92073,0.897773,0.881243,0.264557,0.234619,0.218,0.222437,0.230595,0.229335,0.214463,0.204944,0.216977,0.197253,0.210014,0.201248,0.202927,0.211069,0.193473,0.192909,0.205529,0.197967,0.187046,0.174628,0.20252,0.194836,0.186864,0.184734,0.167083,0.181641,0.167172,0.181727,0.156992,0.175206,0.156675,0.180717,0.133002,0.168624,0.112982,0.166885,0.130314,0.161685,0.119865
0.127208,0.166308,0.100628,0.170092,0.121848,0.179638,0.122954,0.190066,0.10871,0.183498,0.151024,0.16205,0.138723,0.163797,0.174228,0.155505,0.181081,0.159329,0.188501,0.182192,0.200294,0.174729,0.190769,0.167308,0.199581,0.174375,0.18649,0.188065,0.196825,0.197311,0.194811,0.204059,0.21631,0.210525,0.207709,0.212973,0.198985,0.225246,0.201029,0.245781,0.85599,0.913719,0.893775,0.887022,0.40495,0.358955,0.34557,0.371458,0.35452,0.347537,0.378641,0.367123,0.377861,0.367551,0.372786,0.373908,0.357961,0.381248,0.379241,0.393216,0.394163,0.378498,0.385551,0.388399,0.393614,0.389095,0.391089,0.392186,0.395967,0.40296,0.400431,0.395498,0.411008,0.389354,0.394343,0.422312,0.394996,0.286947,0.26494,0.272473,0.271507,0.284447,0.274264,0.278142,0.260478,0.293837,0.258469,0.285403,0.279892,0.291315,0.286584,0.246235,0.297802,0.28924,0.287309,0.273325,0.276392,0.293007,0.286784,0.303265,0.282953,0.285238,0.288036,0.302335,0.274332,0.287066,0.300156,0.274054,0.291233,0.295432,0.269613,0.293293,0.297609,0.283146,0.272399,0.297639,0.282385,0.290241,0.281938,0.308024,0.418163,0.411545,0.433877,0.418123,0.422163,0.431211,0.428774,0.486282,0.469097,0.486083,0.42961,0.433477,0.424612,0.42098,0.437619,0.416053,0.431338,0.42804,0.419242,0.42944,0.419314,0.437148,0.411332,0.416427,0.322426,0.300865,0.277085,0.305318,0.301098,0.285699,0.311041,0.297576,0.288249,0.313363,0.300831,0.29647,0.297746,0.318987,0.299807,0.307203,0.290437,0.287562,0.300972,0.305387,0.310605,0.261899,0.30365,0.305699,0.295884,0.301289,0.274502,0.311997,0.284231,0.418834,0.423146,0.433962,0.421755,0.422232,0.413379,0.419954,0.419765,0.436745,0.407822,0.405875,0.429588,0.409477,0.41304,0.418447,0.414591,0.407829,0.406411,0.400255,0.407055,0.402661,0.396516,0.393346,0.411942,0.40735,0.39405,0.394013,0.368859,0.392738,0.391651,0.38464,0.390462,0.380644,0.392103,0.360637,0.367356,0.38452,0.356666,0.369258,0.417981,0.901161,0.907401,0.927021,0.868194,0.2569,0.214687,0.235308,0.211586,0.21929,0.216617,0.220219,0.225661,0.212239,0.204539,0.208155,0.206455,0.197547,0.193797,0.180826,0.202125,0.174294,0.200707,0.182538,0.208462,0.190234,0.197738,0.167639,0.188988,0.164845,0.179426,0.169804,0.148165,0.171359,0.157788,0.186385,0.112103,0.195772,0.127938,0.18765,0.131228,0.173361,0.100294,0.170944
0.139538,0.154255,0.161439,0.128839,0.152939,0.129063,0.176558,0.110037,0.189378,0.114719,0.18544,0.124221,0.176535,0.150919,0.162295,0.194231,0.169266,0.189726,0.164767,0.173892,0.182416,0.201049,0.175267,0.192798,0.183388,0.203356,0.196758,0.209062,0.199432,0.194397,0.202488,0.197016,0.198353,0.205367,0.191452,0.200134,0.205568,0.210451,0.213762,0.288685,0.839772,0.904086,0.897881,0.859255,0.406548,0.350707,0.358267,0.375085,0.370872,0.364039,0.37287,0.36793,0.357903,0.368364,0.379644,0.378418,0.380411,0.381666,0.379413,0.383727,0.38296,0.372295,0.402059,0.383751,0.385305,0.382891,0.393074,0.391844,0.401163,0.403432,0.383739,0.415432,0.384028,0.393775,0.400513,0.401734,0.393231,0.267349,0.293128,0.268391,0.275267,0.271714,0.273616,0.269509,0.285776,0.280497,0.269725,0.289079,0.28141,0.262254,0.273104,0.290629,0.289875,0.261086,0.275691,0.321286,0.274098,0.278111,0.282784,0.286071,0.278789,0.298719,0.27959,0.282627,0.279004,0.295713,0.282077,0.30267,0.276324,0.30128,0.288586,0.272865,0.293836,0.279581,0.29988,0.271628,0.29928,0.283572,0.281466,0.417227,0.397328,0.431858,0.415389,0.422971,0.433218,0.470876,0.490071,0.485866,0.499184,0.485004,0.490436,0.472815,0.434939,0.424882,0.420054,0.43592,0.403356,0.438115,0.411459,0.421968,0.436218,0.411104,0.438924,0.418697,0.417163,0.289677,0.296024,0.308845,0.285975,0.312774,0.293908,0.306756,0.290466,0.29352,0.292458,0.312562,0.290966,0.298751,0.296121,0.292052,0.288859,0.33493,0.291874,0.277478,0.306291,0.303862,0.289193,0.278921,0.296026,0.306246,0.285831,0.293537,0.313562,0.409963,0.421973,0.422894,0.424704,0.417403,0.444276,0.406653,0.415173,0.418283,0.419557,0.409183,0.397306,0.431856,0.402194,0.418392,0.414592,0.407743,0.408969,0.401869,0.402573,0.398964,0.417504,0.38575,0.394041,0.4007,0.396525,0.399531,0.398789,0.391312,0.393176,0.381922,0.373807,0.384723,0.385507,0.378723,0.381718,0.38819,0.369915,0.366495,0.416399,0.871835,0.906179,0.91435,0.849595,0.294957,0.221579,0.221301,0.211952,0.210742,0.201606,0.215038,0.209827,0.206235,0.21156,0.201383,0.207655,0.215083,0.207429,0.21593,0.195587,0.202639,0.183107,0.208251,0.190483,0.178354,0.16854,0.198027,0.175199,0.198937,0.168522,0.157029,0.181081,0.133793,0.193611,0.120627,0.198276,0.120314,0.181803,0.134673,0.159437,0.138248,0.171753,0.162056
0.117853,0.107846,0.156327,0.132877,0.135192,0.129566,0.135865,0.134571,0.149598,0.172314,0.147451,0.173014,0.173729,0.1606,0.170522,0.146873,0.168435,0.166837,0.172503,0.178638,0.169944,0.165162,0.180837,0.204567,0.186283,0.189017,0.177908,0.192554,0.194036,0.204161,0.212619,0.209939,0.190533,0.205108,0.213463,0.213603,0.205205,0.19976,0.232082,0.261954,0.83419,0.903993,0.916138,0.863651,0.396025,0.369293,0.368427,0.348617,0.354059,0.377181,0.361817,0.367022,0.371975,0.369726,0.374895,0.37401,0.379232,0.365084,0.386421,0.38108,0.401414,0.38312,0.387148,0.383571,0.398663,0.39677,0.392634,0.391135,0.397598,0.397991,0.385705,0.412796,0.386771,0.394297,0.402469,0.394183,0.389176,0.298165,0.26726,0.252456,0.285326,0.285876,0.272299,0.26102,0.272431,0.280127,0.283741,0.274143,0.274407,0.277643,0.299888,0.283993,0.280029,0.28916,0.267365,0.285624,0.279813,0.289395,0.28939,0.276294,0.298689,0.278634,0.290065,0.298205,0.279513,0.287877,0.301379,0.278698,0.287084,0.274631,0.309005,0.288114,0.268859,0.299385,0.277682,0.291887,0.291305,0.270469,0.326742,0.399563,0.428717,0.415152,0.429515,0.416576,0.478552,0.499976,0.46727,0.498783,0.488201,0.498766,0.468466,0.501099,0.479932,0.419566,0.433992,0.418855,0.432405,0.412359,0.45586,0.408616,0.429061,0.429253,0.417473,0.439346,0.39973,0.305654,0.316032,0.283187,0.297208,0.287103,0.313099,0.300157,0.292576,0.31115,0.301737,0.292223,0.311471,0.288831,0.302628,0.303804,0.294218,0.302142,0.283432,0.303558,0.297095,0.302228,0.315898,0.293918,0.289167,0.288544,0.29902,0.298358,0.294839,0.394322,0.424027,0.433168,0.434252,0.402465,0.415673,0.439773,0.415786,0.408243,0.416508,0.411267,0.402724,0.429026,0.397753,0.411864,0.41359,0.405905,0.409461,0.411191,0.41285,0.399635,0.405406,0.401695,0.421939,0.396215,0.399314,0.376978,0.392705,0.389726,0.390524,0.384924,0.381485,0.377761,0.377164,0.387651,0.369572,0.36181,0.38215,0.379257,0.409271,0.873133,0.929169,0.913159,0.846589,0.274954,0.2435,0.214565,0.220509,0.223603,0.223139,0.213338,0.197097,0.218551,0.221327,0.21397,0.209226,0.20193,0.185136,0.199182,0.193041,0.208307,0.187945,0.178681,0.179333,0.187545,0.183592,0.172982,0.178045,0.158684,0.178367,0.169416,0.181091,0.178101,0.151603,0.17903,0.158869,0.14107,0.14123,0.136758,0.13794,0.132975,0.158321,0.116934
0.111285,0.17943,0.102582,0.151515,0.13366,0.166963,0.125994,0.178148,0.120394,0.168689,0.161934,0.171102,0.147887,0.170405,0.157579,0.149977,0.173785,0.165008,0.18637,0.181744,0.189373,0.17545,0.193296,0.169611,0.195578,0.173585,0.201092,0.185747,0.195028,0.190404,0.198061,0.180846,0.209883,0.201717,0.207247,0.207579,0.213273,0.225224,0.206179,0.253231,0.828518,0.903061,0.901336,0.859941,0.391093,0.358349,0.365802,0.360503,0.367421,0.363174,0.35436,0.377728,0.36393,0.379862,0.372295,0.376447,0.378361,0.376942,0.375688,0.363733,0.393474,0.382303,0.372492,0.398047,0.378582,0.403481,0.396562,0.377649,0.403791,0.392193,0.389368,0.410291,0.381828,0.39401,0.395471,0.406347,0.384386,0.28157,0.256912,0.287173,0.253018,0.269766,0.259589,0.285166,0.269242,0.29094,0.27446,0.276833,0.28981,0.262078,0.281743,0.269762,0.283265,0.277126,0.279202,0.301984,0.272123,0.275583,0.311227,0.271788,0.289494,0.277672,0.282084,0.283514,0.294613,0.274616,0.273568,0.293569,0.29372,0.273266,0.288322,0.281248,0.304277,0.285699,0.282513,0.29334,0.287995,0.289052,0.284775,0.431677,0.407728,0.416168,0.433109,0.46702,0.480957,0.490681,0.497913,0.468282,0.506511,0.469932,0.499188,0.492842,0.483491,0.470009,0.435412,0.418493,0.410918,0.443589,0.406122,0.426588,0.425929,0.431482,0.421803,0.424951,0.434767,0.30599,0.297403,0.281198,0.302791,0.304376,0.283408,0.28556,0.305776,0.296349,0.296291,0.289616,0.300636,0.285549,0.325564,0.290793,0.285131,0.316078,0.293974,0.293034,0.298623,0.284981,0.298749,0.278145,0.304541,0.290986,0.288242,0.305288,0.285761,0.317979,0.398797,0.420665,0.401359,0.435207,0.408231,0.422624,0.408943,0.422072,0.412708,0.40904,0.396569,0.425195,0.40801,0.407577,0.416265,0.393695,0.409777,0.419152,0.39449,0.412094,0.386003,0.39493,0.40554,0.378878,0.39269,0.395244,0.393575,0.39162,0.388331,0.393549,0.381449,0.393085,0.3658,0.375679,0.379199,0.372766,0.379172,0.373886,0.401762,0.874435,0.913329,0.913946,0.839507,0.263864,0.21571,0.235205,0.220093,0.217182,0.215581,0.208492,0.223597,0.192771,0.209424,0.200867,0.198628,0.192569,0.211646,0.178447,0.201437,0.182255,0.202361,0.181534,0.199645,0.189646,0.189479,0.167074,0.177993,0.158235,0.165754,0.176442,0.154811,0.176162,0.166041,0.173273,0.125327,0.181646,0.134061,0.176157,0.142466,0.162816,0.111137,0.180474
0.146761,0.152976,0.176212,0.11263,0.172795,0.110258,0.176903,0.110047,0.185943,0.117471,0.173894,0.122938,0.170377,0.146316,0.174391,0.182733,0.157611,0.177261,0.157769,0.178022,0.189378,0.191885,0.1675,0.188386,0.188582,0.19964,0.193988,0.187861,0.192461,0.195358,0.198508,0.204195,0.204737,0.204755,0.195026,0.21426,0.210862,0.208923,0.198948,0.226084,0.29641,0.864687,0.907045,0.895244,0.400289,0.358653,0.362364,0.367772,0.36756,0.364059,0.354165,0.376741,0.368328,0.380574,0.379898,0.358206,0.370304,0.389758,0.376236,0.378708,0.36413,0.39767,0.393506,0.393056,0.369734,0.387607,0.397975,0.397582,0.396548,0.388955,0.395124,0.400615,0.381008,0.402558,0.41315,0.39888,0.391146,0.272806,0.262096,0.258749,0.283879,0.275433,0.27415,0.280986,0.274898,0.264276,0.266359,0.288245,0.280469,0.283198,0.279301,0.27335,0.273846,0.305655,0.284222,0.279248,0.28875,0.275691,0.284073,0.276671,0.297527,0.276756,0.272341,0.304779,0.278041,0.28997,0.288873,0.285859,0.29453,0.291534,0.293954,0.278451,0.280899,0.298827,0.288244,0.269955,0.29561,0.302769,0.400211,0.410351,0.44169,0.404715,0.413665,0.512202,0.471126,0.492446,0.481937,0.493517,0.476864,0.495053,0.482685,0.494579,0.472917,0.513305,0.415908,0.408042,0.444319,0.414391,0.422244,0.431342,0.433339,0.407726,0.427461,0.439664,0.420533,0.402252,0.311242,0.301013,0.3031,0.295774,0.299896,0.301175,0.290397,0.316772,0.284313,0.290377,0.312016,0.289237,0.29969,0.288169,0.304355,0.292481,0.297852,0.318656,0.289728,0.288106,0.293713,0.299055,0.295017,0.303449,0.281621,0.280527,0.291451,0.306509,0.416091,0.425191,0.434609,0.410475,0.412528,0.413722,0.423135,0.416245,0.43121,0.417457,0.39498,0.416418,0.409977,0.405664,0.414082,0.411688,0.414378,0.401111,0.383562,0.40926,0.409694,0.414224,0.38171,0.395194,0.390984,0.402443,0.385046,0.373895,0.393984,0.394145,0.379369,0.391197,0.370498,0.38011,0.382029,0.38489,0.372262,0.369393,0.410688,0.904585,0.918445,0.877528,0.308924,0.234047,0.213477,0.216267,0.22763,0.226059,0.202678,0.215394,0.211633,0.212579,0.207713,0.204852,0.205254,0.197403,0.202337,0.21221,0.20301,0.197075,0.175562,0.200113,0.196068,0.188906,0.169607,0.188802,0.164619,0.187758,0.181693,0.155583,0.179218,0.131429,0.1856,0.128596,0.195459,0.11532,0.183207,0.116883,0.178455,0.117129,0.180066,0.156875
0.136856,0.114782,0.141122,0.151155,0.126431,0.142444,0.118966,0.150163,0.130347,0.175918,0.142051,0.166426,0.167044,0.179757,0.1533,0.164232,0.187489,0.168935,0.185521,0.178215,0.175911,0.173636,0.182597,0.191485,0.169727,0.190105,0.181932,0.208053,0.189629,0.190688,0.192447,0.20294,0.194069,0.20858,0.21829,0.214363,0.200767,0.199355,0.231178,0.20703,0.244857,0.854409,0.903194,0.876371,0.394898,0.348572,0.35479,0.371773,0.35725,0.378942,0.376576,0.35923,0.383563,0.358984,0.375348,0.367667,0.35955,0.373472,0.383695,0.380594,0.373319,0.389725,0.383593,0.376695,0.394164,0.392314,0.384914,0.384117,0.3799,0.401257,0.400869,0.393794,0.410995,0.3933,0.399063,0.401586,0.285713,0.255507,0.273658,0.273571,0.285058,0.250841,0.26659,0.272934,0.268686,0.266983,0.279819,0.287229,0.279437,0.267643,0.280215,0.301648,0.283412,0.265224,0.257414,0.303149,0.295193,0.268101,0.30385,0.275166,0.284869,0.299683,0.286015,0.286244,0.274047,0.30148,0.276999,0.281525,0.282026,0.282391,0.295162,0.281448,0.283495,0.282294,0.28274,0.305652,0.260219,0.323262,0.398047,0.412561,0.424475,0.416198,0.429579,0.478667,0.502066,0.462352,0.507483,0.484182,0.478334,0.485246,0.508792,0.463394,0.503721,0.480626,0.431905,0.418908,0.427824,0.41622,0.410882,0.443633,0.396285,0.443902,0.421538,0.422674,0.424819,0.414449,0.312787,0.291852,0.290655,0.292692,0.287715,0.313511,0.286471,0.298657,0.299024,0.311453,0.297784,0.289853,0.316496,0.281868,0.307149,0.318065,0.270702,0.280425,0.297924,0.316185,0.296182,0.284106,0.296043,0.304591,0.294546,0.283852,0.283621,0.297638,0.41045,0.400774,0.436257,0.42444,0.423564,0.406102,0.418355,0.428739,0.413739,0.410571,0.427192,0.408952,0.415125,0.417577,0.39484,0.403639,0.400204,0.407008,0.410043,0.390412,0.398316,0.401674,0.386596,0.394488,0.397803,0.389455,0.373828,0.381833,0.391095,0.371897,0.39917,0.37225,0.387708,0.389055,0.369145,0.383942,0.368255,0.365532,0.407085,0.890632,0.913729,0.865195,0.254064,0.219459,0.240681,0.212218,0.206462,0.225147,0.23044,0.214268,0.207341,0.215495,0.204442,0.20199,0.195572,0.216776,0.190305,0.195328,0.17242,0.199267,0.192121,0.180937,0.180973,0.185626,0.192349,0.174796,0.194277,0.171719,0.160799,0.187351,0.175304,0.172758,0.147481,0.180685,0.136402,0.158328,0.127775,0.148045,0.129744,0.158194,0.149544,0.126634
0.110799,0.15927,0.115597,0.138257,0.130568,0.150021,0.158362,0.153123,0.135191,0.157011,0.161499,0.173347,0.146301,0.154012,0.166286,0.160128,0.166605,0.173733,0.161751,0.173424,0.168473,0.186572,0.198859,0.190525,0.183128,0.189726,0.179376,0.190271,0.204235,0.204892,0.197414,0.190021,0.226906,0.186076,0.197104,0.185673,0.203819,0.211202,0.224692,0.219775,0.25518,0.867073,0.888408,0.863183,0.396413,0.354148,0.369305,0.371108,0.38136,0.347173,0.374818,0.361408,0.362505,0.34585,0.377694,0.381768,0.369381,0.375403,0.383842,0.371281,0.375249,0.374972,0.390045,0.395094,0.396555,0.383615,0.402699,0.389388,0.38929,0.388896,0.395207,0.396553,0.396262,0.407634,0.399864,0.398243,0.265805,0.277041,0.25857,0.276188,0.270189,0.282574,0.280101,0.267745,0.269201,0.275304,0.280515,0.276725,0.273646,0.251445,0.30522,0.277147,0.266697,0.283953,0.287735,0.276592,0.278699,0.285296,0.290541,0.272029,0.286767,0.280666,0.270275,0.295618,0.273648,0.283532,0.283762,0.283936,0.283628,0.291285,0.27693,0.281707,0.290781,0.291969,0.293798,0.274803,0.301294,0.393189,0.424784,0.419416,0.425899,0.416702,0.431068,0.483292,0.478774,0.492696,0.47195,0.501162,0.470265,0.501475,0.47332,0.493306,0.48016,0.48483,0.432932,0.418942,0.429935,0.423522,0.42858,0.414754,0.429826,0.414433,0.43209,0.430968,0.430451,0.413203,0.303532,0.301748,0.293305,0.294551,0.296617,0.294837,0.285149,0.309207,0.281235,0.293594,0.300034,0.286897,0.303986,0.298889,0.293679,0.289279,0.303526,0.298649,0.282195,0.293046,0.320114,0.268053,0.290885,0.290701,0.298647,0.293048,0.285563,0.293866,0.419002,0.434534,0.420239,0.425642,0.408966,0.427402,0.406114,0.422326,0.417591,0.422603,0.412441,0.414203,0.414999,0.402981,0.404127,0.400307,0.419525,0.399876,0.412613,0.410896,0.404846,0.393582,0.39348,0.387338,0.39844,0.389805,0.385413,0.398105,0.392387,0.362781,0.376016,0.378458,0.391234,0.361426,0.394569,0.384666,0.379823,0.359732,0.405528,0.86944,0.89979,0.8783,0.269594,0.228913,0.238953,0.221628,0.21898,0.197784,0.203515,0.198739,0.234825,0.199424,0.203999,0.211617,0.211103,0.200027,0.188575,0.204229,0.194989,0.199182,0.204901,0.19502,0.179289,0.18003,0.170746,0.185389,0.176092,0.166262,0.171925,0.158334,0.150943,0.179847,0.167625,0.161488,0.138426,0.159582,0.167039,0.157032,0.133919,0.143216,0.120874,0.162678
0.155892,0.122467,0.173065,0.111573,0.168198,0.128684,0.150257,0.126097,0.166523,0.141037,0.157933,0.154402,0.170872,0.148677,0.172395,0.159924,0.172875,0.178977,0.176078,0.172736,0.18643,0.174477,0.185985,0.190356,0.187224,0.187181,0.201601,0.189061,0.196307,0.189533,0.194057,0.205367,0.179766,0.217977,0.201733,0.220598,0.214171,0.209853,0.220637,0.213645,0.271965,0.856055,0.906302,0.862135,0.403829,0.355392,0.373422,0.352682,0.351644,0.351791,0.374666,0.371078,0.351709,0.369936,0.372083,0.377383,0.374489,0.36702,0.362132,0.387487,0.388229,0.382671,0.394429,0.366636,0.389647,0.3959,0.375151,0.37864,0.390226,0.402554,0.409844,0.407052,0.395828,0.397664,0.398785,0.376147,0.283333,0.2756,0.275997,0.26159,0.266368,0.269422,0.277788,0.2821,0.282164,0.274142,0.276479,0.272578,0.274929,0.291988,0.279993,0.263968,0.279248,0.300455,0.275058,0.290634,0.28499,0.259874,0.284765,0.290043,0.293594,0.273023,0.295036,0.276248,0.276378,0.303162,0.283282,0.28753,0.280586,0.289543,0.290434,0.287645,0.278102,0.294357,0.273458,0.288751,0.294328,0.405035,0.424302,0.422971,0.420068,0.412498,0.432197,0.462497,0.486209,0.496517,0.479915,0.48713,0.489827,0.487,0.480844,0.497217,0.486903,0.463397,0.434052,0.415025,0.423271,0.426049,0.427706,0.417277,0.422669,0.427966,0.411579,0.433992,0.41842,0.4284,0.413928,0.307835,0.291922,0.297013,0.294906,0.31667,0.287068,0.287993,0.309222,0.285929,0.307592,0.302746,0.299159,0.273269,0.299679,0.304447,0.287547,0.316153,0.295602,0.279546,0.295005,0.306489,0.290562,0.29085,0.291664,0.290188,0.297534,0.305398,0.419996,0.418941,0.416743,0.412758,0.427645,0.427099,0.423706,0.403721,0.412417,0.415046,0.410968,0.421774,0.421506,0.418331,0.404863,0.398394,0.388976,0.408741,0.403794,0.381895,0.411599,0.394955,0.401252,0.401202,0.377959,0.383855,0.388993,0.390603,0.388217,0.3826,0.36618,0.382474,0.387853,0.362281,0.365395,0.365109,0.388793,0.37213,0.41575,0.878175,0.917042,0.869178,0.28194,0.227747,0.226325,0.217582,0.224126,0.22879,0.214887,0.227243,0.189466,0.220272,0.208441,0.20085,0.206527,0.199724,0.209051,0.192637,0.191673,0.197515,0.195265,0.179722,0.190371,0.17934,0.182248,0.18307,0.182422,0.168984,0.179513,0.158465,0.181794,0.162918,0.164961,0.153413,0.179408,0.136495,0.154431,0.132081,0.175659,0.118195,0.177371,0.124515
0.137264,0.128987,0.124937,0.144076,0.128896,0.133734,0.141815,0.128513,0.150082,0.146344,0.166902,0.149094,0.163509,0.189922,0.144808,0.181027,0.170177,0.178021,0.172597,0.169858,0.170514,0.17991,0.189783,0.171858,0.186196,0.183537,0.176191,0.194604,0.186284,0.185034,0.199088,0.211357,0.190689,0.196081,0.204179,0.210743,0.201148,0.215187,0.195188,0.203063,0.265999,0.846226,0.91925,0.854293,0.396193,0.355158,0.371146,0.365217,0.349175,0.371338,0.359408,0.364281,0.371346,0.379754,0.356026,0.384802,0.383844,0.377948,0.379711,0.37418,0.381601,0.371245,0.39036,0.383588,0.38876,0.39396,0.360793,0.412439,0.390214,0.397241,0.410457,0.37797,0.38019,0.395104,0.408771,0.389951,0.285932,0.261791,0.265841,0.269297,0.261392,0.276952,0.280345,0.279988,0.261304,0.276068,0.278812,0.275691,0.275633,0.282926,0.271072,0.2953,0.26934,0.291129,0.26929,0.285656,0.285226,0.281824,0.298102,0.268563,0.274574,0.305613,0.282625,0.290239,0.276751,0.270734,0.295233,0.280101,0.279234,0.277504,0.289799,0.271713,0.295588,0.272999,0.299786,0.274369,0.319136,0.420776,0.4074,0.422199,0.419167,0.425895,0.410912,0.487864,0.483022,0.480257,0.494501,0.481668,0.488721,0.482013,0.495525,0.481197,0.484168,0.490538,0.413556,0.428152,0.422288,0.424469,0.409542,0.433126,0.439453,0.412193,0.439931,0.413508,0.436515,0.411479,0.424616,0.30329,0.289901,0.2916,0.305825,0.281451,0.290318,0.303419,0.295101,0.320039,0.286129,0.282021,0.31088,0.295119,0.298392,0.300425,0.282842,0.303619,0.282717,0.30968,0.284315,0.29933,0.292492,0.290467,0.293763,0.292467,0.277571,0.305987,0.418535,0.429132,0.414254,0.419747,0.41445,0.41079,0.428211,0.413893,0.426129,0.409934,0.398155,0.394294,0.429298,0.409604,0.40628,0.426013,0.378537,0.411019,0.406117,0.398685,0.403459,0.388957,0.396393,0.388892,0.395281,0.391511,0.399124,0.400634,0.368757,0.394149,0.3832,0.378558,0.373115,0.384616,0.361937,0.378939,0.383959,0.363836,0.408344,0.862966,0.932436,0.857523,0.279403,0.212734,0.211847,0.227597,0.211255,0.223654,0.213206,0.209218,0.196739,0.216807,0.205634,0.192452,0.195527,0.201853,0.186746,0.193149,0.196954,0.17995,0.195727,0.193909,0.18232,0.177898,0.180467,0.183125,0.172528,0.184721,0.154101,0.19397,0.162953,0.152931,0.172057,0.150743,0.152304,0.134204,0.14869,0.140069,0.135941,0.148207,0.132929,0.135505
0.135441,0.141644,0.140329,0.135057,0.12941,0.162977,0.151085,0.166773,0.142554,0.152126,0.149963,0.170709,0.145096,0.157003,0.179799,0.137278,0.168958,0.16095,0.17174,0.196626,0.172606,0.182966,0.185784,0.193288,0.185222,0.20244,0.183987,0.209727,0.187172,0.210714,0.191248,0.184355,0.223976,0.195747,0.210161,0.193502,0.211139,0.213087,0.208564,0.21106,0.243029,0.867255,0.916065,0.874756,0.398703,0.363065,0.34579,0.345173,0.373131,0.377522,0.357019,0.379484,0.359,0.380641,0.372746,0.352111,0.357406,0.364716,0.394267,0.372455,0.386171,0.375316,0.38129,0.384674,0.379876,0.368693,0.390749,0.402378,0.385918,0.405635,0.388517,0.403656,0.392645,0.401713,0.398767,0.382275,0.270809,0.271097,0.254974,0.270407,0.268454,0.274853,0.264997,0.259775,0.267839,0.275896,0.279238,0.279401,0.268186,0.272967,0.281155,0.27762,0.280845,0.2932,0.261523,0.285246,0.289405,0.282189,0.298238,0.259798,0.284241,0.280252,0.280178,0.295223,0.276288,0.290758,0.277784,0.285704,0.297642,0.275898,0.289493,0.290342,0.27753,0.280395,0.302139,0.285218,0.397838,0.417013,0.427196,0.40718,0.418775,0.426223,0.401163,0.45234,0.475565,0.478263,0.497322,0.485489,0.482643,0.485059,0.496925,0.479562,0.477019,0.453183,0.403307,0.428411,0.421479,0.410488,0.428643,0.422256,0.419726,0.416549,0.4413,0.419856,0.417928,0.431557,0.430267,0.401507,0.315759,0.294795,0.288571,0.302598,0.286096,0.307786,0.294013,0.292538,0.2978,0.271209,0.313839,0.297062,0.301899,0.297981,0.275181,0.305918,0.294769,0.292814,0.297379,0.287311,0.284582,0.295518,0.295925,0.292708,0.284969,0.282687,0.398045,0.422225,0.416766,0.420838,0.407112,0.422906,0.412471,0.409717,0.413667,0.418188,0.406938,0.418312,0.401846,0.423799,0.402341,0.420101,0.404335,0.383295,0.394062,0.399774,0.397693,0.38814,0.402062,0.387742,0.409656,0.38096,0.373184,0.365771,0.389363,0.395283,0.377588,0.393823,0.373614,0.389108,0.388404,0.359633,0.359874,0.379763,0.40956,0.888622,0.925694,0.879297,0.254008,0.224866,0.214214,0.224395,0.222404,0.19876,0.221221,0.203228,0.237631,0.194945,0.20016,0.219811,0.197593,0.217749,0.189402,0.208793,0.192595,0.202188,0.192976,0.185339,0.177347,0.208834,0.176818,0.16685,0.181151,0.146788,0.186869,0.166505,0.156183,0.178456,0.156563,0.161081,0.151352,0.171097,0.154996,0.170179,0.138841,0.142304,0.145869,0.145218
0.158403,0.12647,0.175618,0.127433,0.147541,0.145441,0.129367,0.146715,0.144891,0.156101,0.143008,0.143532,0.173837,0.153627,0.158693,0.183389,0.183909,0.183277,0.176992,0.16905,0.186176,0.179999,0.183226,0.179789,0.187816,0.196243,0.19114,0.174563,0.180129,0.195851,0.214002,0.198712,0.18612,0.215444,0.206541,0.211352,0.210211,0.205776,0.217303,0.207805,0.250727,0.851109,0.890894,0.890177,0.41477,0.369872,0.356531,0.354794,0.372053,0.374771,0.363232,0.363975,0.367887,0.370206,0.387523,0.366793,0.381093,0.372096,0.371511,0.389683,0.376614,0.365926,0.37156,0.392854,0.393358,0.399013,0.409227,0.383932,0.390641,0.407997,0.369553,0.393043,0.399247,0.404234,0.402044,0.371438,0.296208,0.260943,0.25167,0.25693,0.289016,0.267744,0.27036,0.279693,0.277735,0.28243,0.277933,0.269849,0.274208,0.289801,0.267605,0.281659,0.273636,0.27641,0.287815,0.279868,0.283849,0.275317,0.293701,0.283306,0.281905,0.288465,0.285691,0.26387,0.296516,0.29097,0.279456,0.285906,0.278733,0.286493,0.295292,0.279032,0.291572,0.285021,0.27879,0.31574,0.401838,0.425996,0.398651,0.433496,0.409561,0.425268,0.415308,0.418278,0.484988,0.473147,0.495496,0.475378,0.500972,0.476618,0.495796,0.474852,0.485467,0.419835,0.417514,0.428403,0.410917,0.435894,0.402125,0.431704,0.416601,0.436565,0.417919,0.424906,0.431373,0.421264,0.435478,0.418575,0.306052,0.295149,0.289824,0.300711,0.308802,0.274824,0.297841,0.30066,0.295606,0.29839,0.305636,0.287386,0.297702,0.293832,0.302571,0.291981,0.288424,0.297506,0.282235,0.304331,0.289398,0.284954,0.293255,0.296933,0.294845,0.296489,0.301585,0.408533,0.44035,0.407274,0.400972,0.410486,0.438642,0.396653,0.418101,0.419597,0.415658,0.407738,0.386173,0.422213,0.407855,0.399901,0.426481,0.414472,0.409196,0.407207,0.385483,0.382383,0.389097,0.40398,0.388231,0.386242,0.396443,0.382514,0.399744,0.383208,0.378452,0.374009,0.376097,0.390461,0.384559,0.368115,0.369698,0.379209,0.427762,0.898912,0.906101,0.861692,0.264053,0.215724,0.230459,0.215323,0.216883,0.223349,0.217824,0.226093,0.19487,0.208258,0.224996,0.209291,0.191658,0.1819,0.201349,0.204575,0.196869,0.190559,0.193653,0.194263,0.195061,0.171221,0.184794,0.194043,0.186068,0.184293,0.16414,0.159652,0.182832,0.152722,0.15019,0.158468,0.151163,0.15706,0.140589,0.150491,0.149903,0.132919,0.181113,0.13254
0.105182,0.149405,0.125155,0.123065,0.158826,0.102548,0.160457,0.115787,0.159792,0.120017,0.180392,0.12762,0.175787,0.164366,0.159668,0.169012,0.154078,0.180337,0.176873,0.178218,0.172675,0.180042,0.169225,0.172778,0.190154,0.17724,0.187442,0.184888,0.197191,0.190695,0.182841,0.200637,0.192619,0.201932,0.193537,0.202753,0.1966,0.196137,0.212567,0.21843,0.256817,0.857686,0.901739,0.892363,0.836706,0.37551,0.37813,0.367574,0.359854,0.366328,0.362289,0.34916,0.372318,0.361839,0.368878,0.368656,0.372811,0.370791,0.372951,0.374913,0.371951,0.381431,0.378511,0.392696,0.384552,0.379288,0.394564,0.380068,0.400668,0.375636,0.401313,0.398605,0.4046,0.39803,0.388791,0.367746,0.272076,0.270849,0.261276,0.278209,0.265681,0.260718,0.268854,0.270129,0.277193,0.269095,0.260706,0.262173,0.292898,0.282195,0.278112,0.281238,0.285051,0.288037,0.271392,0.276057,0.299802,0.260421,0.290246,0.289738,0.279557,0.284701,0.285721,0.291064,0.276626,0.283838,0.2912,0.272657,0.294905,0.273078,0.278141,0.284982,0.277358,0.2934,0.28347,0.405037,0.418994,0.43181,0.411264,0.421224,0.401908,0.440274,0.408617,0.421425,0.423838,0.426551,0.483164,0.472054,0.486278,0.472637,0.483721,0.428052,0.425048,0.423056,0.409476,0.442314,0.404528,0.424233,0.412854,0.436933,0.42402,0.427785,0.412776,0.433296,0.418276,0.426404,0.419331,0.41442,0.419759,0.290458,0.301553,0.296376,0.286914,0.301588,0.298011,0.297186,0.291121,0.302514,0.303247,0.275656,0.313823,0.289552,0.285134,0.304038,0.299365,0.292831,0.292439,0.29628,0.307164,0.277907,0.276727,0.2845,0.293264,0.285455,0.294007,0.402525,0.416868,0.428191,0.409834,0.420427,0.413114,0.402243,0.405368,0.414688,0.420606,0.416305,0.416926,0.390328,0.414451,0.39359,0.407403,0.395245,0.399505,0.41012,0.395787,0.396409,0.39065,0.392277,0.387471,0.385862,0.387459,0.381868,0.386716,0.377087,0.390388,0.365089,0.379144,0.376735,0.37111,0.380546,0.389259,0.38888,0.846501,0.90432,0.911217,0.867837,0.266531,0.233979,0.223492,0.209708,0.210745,0.208198,0.202651,0.209177,0.20118,0.208778,0.191106,0.198633,0.208724,0.197647,0.193668,0.186699,0.198661,0.179176,0.176,0.182201,0.179954,0.187832,0.185452,0.189638,0.166854,0.181329,0.166651,0.172631,0.182414,0.130507,0.187134,0.127076,0.16572,0.117823,0.164792,0.106941,0.166065,0.129981,0.128258,0.154842
0.141817,0.135158,0.119927,0.146189,0.108792,0.151568,0.148975,0.168159,0.121076,0.161136,0.140796,0.189062,0.146794,0.165226,0.161865,0.154508,0.173125,0.145684,0.190512,0.159072,0.169169,0.171799,0.208662,0.176174,0.186846,0.186182,0.182622,0.197652,0.207878,0.193245,0.202401,0.188804,0.208095,0.196527,0.194561,0.203453,0.202997,0.216508,0.207348,0.199311,0.248486,0.856642,0.907702,0.890427,0.864944,0.403508,0.370909,0.347604,0.359313,0.347337,0.359209,0.368498,0.392112,0.370472,0.370908,0.366125,0.381199,0.363597,0.359982,0.373136,0.370134,0.388062,0.382379,0.379901,0.394929,0.390897,0.405525,0.384357,0.376051,0.398053,0.398974,0.397822,0.388297,0.385787,0.385213,0.302128,0.262025,0.264187,0.258806,0.269872,0.269919,0.261343,0.273337,0.278325,0.268361,0.273642,0.288096,0.285,0.277812,0.259605,0.26802,0.281027,0.277956,0.28212,0.272724,0.283538,0.281283,0.288585,0.287992,0.270249,0.280366,0.277674,0.294659,0.288269,0.26318,0.299544,0.275816,0.287218,0.280795,0.279612,0.291001,0.279835,0.287204,0.274467,0.298885,0.420941,0.415911,0.422457,0.41377,0.417826,0.430984,0.399868,0.433438,0.405391,0.426751,0.416237,0.426581,0.418175,0.432835,0.419115,0.427354,0.416945,0.427244,0.40731,0.435908,0.402612,0.434409,0.419552,0.416112,0.429049,0.4207,0.434365,0.428876,0.415213,0.428916,0.421057,0.432574,0.421198,0.414609,0.313735,0.285905,0.309358,0.275883,0.298934,0.306806,0.290272,0.293263,0.282421,0.302235,0.301744,0.295106,0.298436,0.285927,0.293414,0.290387,0.294749,0.283537,0.275427,0.292893,0.299328,0.303403,0.288023,0.28302,0.294043,0.299947,0.401857,0.417341,0.418597,0.410018,0.414211,0.411495,0.430898,0.408768,0.401166,0.403632,0.412367,0.415292,0.414647,0.392527,0.400491,0.42069,0.403561,0.411287,0.394017,0.396642,0.40338,0.382825,0.386616,0.375219,0.37663,0.398621,0.382731,0.38522,0.384101,0.40509,0.381871,0.372806,0.362735,0.375469,0.361293,0.386772,0.414064,0.878611,0.902031,0.924788,0.871979,0.261748,0.205532,0.219882,0.223586,0.209887,0.216386,0.205952,0.206115,0.220643,0.197703,0.211627,0.203952,0.213418,0.207255,0.194205,0.193313,0.194509,0.184603,0.216066,0.179816,0.175808,0.163646,0.201131,0.153439,0.17798,0.161433,0.170409,0.171355,0.152256,0.195016,0.148296,0.169565,0.130162,0.175772,0.154693,0.15923,0.119016,0.152504,0.123129,0.139785
0.153364,0.1513,0.140815,0.15313,0.139267,0.163464,0.14363,0.138358,0.163172,0.15807,0.147504,0.136241,0.174851,0.139626,0.175387,0.161641,0.170165,0.185896,0.157293,0.205094,0.181142,0.188807,0.160137,0.189734,0.18355,0.181085,0.192367,0.183594,0.170016,0.180145,0.207825,0.193971,0.191763,0.208292,0.199955,0.210249,0.219835,0.218899,0.197489,0.201397,0.268766,0.795647,0.90735,0.906485,0.861941,0.383929,0.346658,0.370736,0.363519,0.360604,0.36648,0.378942,0.376647,0.359167,0.372263,0.364986,0.365202,0.38883,0.377283,0.379702,0.37735,0.380806,0.391206,0.388707,0.396888,0.371223,0.393588,0.38695,0.382165,0.400925,0.403701,0.399252,0.402322,0.386007,0.402423,0.259928,0.269769,0.25649,0.282669,0.278512,0.265304,0.267074,0.275731,0.283131,0.265185,0.2783,0.27692,0.281041,0.262375,0.289527,0.277063,0.287361,0.276373,0.286978,0.28377,0.282146,0.275792,0.292809,0.265634,0.285641,0.29225,0.282529,0.273637,0.290802,0.290397,0.292978,0.278995,0.290272,0.283171,0.288674,0.278651,0.289454,0.293446,0.27293,0.302717,0.399347,0.419793,0.416486,0.416961,0.416449,0.415205,0.416826,0.415927,0.423126,0.423918,0.408285,0.416207,0.429012,0.41332,0.427874,0.416764,0.410053,0.425315,0.425023,0.418215,0.420292,0.418507,0.42121,0.420939,0.420648,0.424586,0.415338,0.42464,0.411796,0.435255,0.431519,0.418264,0.430541,0.42696,0.415613,0.297823,0.302173,0.30089,0.304022,0.283707,0.29652,0.304777,0.299205,0.278455,0.305576,0.287197,0.294717,0.297708,0.301404,0.290277,0.301276,0.288914,0.303177,0.27549,0.29771,0.293506,0.293571,0.279741,0.297821,0.30021,0.40854,0.41592,0.429202,0.430437,0.406621,0.418814,0.404085,0.427028,0.401372,0.416863,0.415249,0.417838,0.414517,0.396795,0.403028,0.408655,0.390736,0.40972,0.403576,0.406569,0.394317,0.392475,0.393671,0.39259,0.404162,0.379509,0.379217,0.387034,0.373469,0.391704,0.39036,0.377555,0.372563,0.37466,0.384291,0.359871,0.399343,0.873239,0.92099,0.916281,0.807786,0.276789,0.213494,0.205634,0.233368,0.230518,0.218385,0.209657,0.219608,0.201939,0.203162,0.217422,0.189237,0.182463,0.193177,0.198199,0.195594,0.194734,0.198082,0.171168,0.194865,0.187507,0.213563,0.160521,0.192476,0.179282,0.16564,0.18264,0.146931,0.183125,0.144562,0.15362,0.160948,0.163575,0.144571,0.150653,0.169381,0.141446,0.158213,0.150177,0.164038
0.131072,0.117523,0.173063,0.10268,0.167892,0.118058,0.148035,0.131402,0.148568,0.135097,0.169926,0.12511,0.146998,0.160502,0.166006,0.167282,0.170993,0.174297,0.167273,0.163552,0.190151,0.192978,0.180864,0.184416,0.18527,0.192784,0.18427,0.198917,0.194616,0.207645,0.176287,0.207424,0.205414,0.19673,0.212779,0.193454,0.212103,0.1952,0.206549,0.223966,0.206614,0.30665,0.828001,0.918239,0.864198,0.397047,0.352262,0.352219,0.354292,0.357314,0.370959,0.365577,0.34297,0.387201,0.350224,0.370273,0.358089,0.373261,0.363035,0.381611,0.378653,0.374992,0.382119,0.396409,0.375429,0.388686,0.39595,0.369324,0.409565,0.383392,0.389354,0.384358,0.390712,0.400319,0.377367,0.279607,0.263898,0.266907,0.273322,0.264586,0.262348,0.266754,0.274767,0.262618,0.26724,0.275098,0.281111,0.276684,0.275857,0.286149,0.283014,0.286234,0.272341,0.282927,0.273962,0.278223,0.294376,0.255135,0.2985,0.270565,0.277321,0.301355,0.281233,0.275244,0.277856,0.288738,0.279486,0.281012,0.282734,0.277879,0.294971,0.26316,0.294463,0.291424,0.406068,0.416255,0.420486,0.411221,0.425583,0.414281,0.420147,0.423012,0.418716,0.412934,0.414905,0.431068,0.398398,0.436876,0.396539,0.438321,0.399443,0.433245,0.41491,0.414168,0.421137,0.425877,0.423433,0.416831,0.42902,0.417136,0.426279,0.421955,0.429384,0.425344,0.436223,0.404115,0.437224,0.421837,0.425666,0.416675,0.306319,0.29946,0.289592,0.286867,0.292728,0.313436,0.291641,0.282597,0.311032,0.2682,0.307893,0.290308,0.287905,0.294886,0.287854,0.300185,0.296154,0.297713,0.290303,0.289982,0.296057,0.290217,0.278767,0.276814,0.299722,0.408049,0.414271,0.414169,0.423349,0.415674,0.414288,0.418557,0.402616,0.417338,0.406763,0.399004,0.404057,0.401533,0.424923,0.384471,0.40903,0.400346,0.393486,0.413184,0.398802,0.390284,0.395316,0.396933,0.377827,0.385638,0.375921,0.384862,0.364625,0.400852,0.357117,0.381317,0.387449,0.374238,0.370952,0.363874,0.366701,0.407781,0.875871,0.927795,0.841552,0.317635,0.219407,0.232007,0.218589,0.203187,0.221281,0.204306,0.221209,0.205414,0.2182,0.219156,0.183327,0.219243,0.201764,0.210548,0.195593,0.196557,0.192616,0.18975,0.184725,0.203904,0.198331,0.171248,0.175023,0.180971,0.176025,0.1791,0.175338,0.164122,0.153546,0.132605,0.174994,0.144331,0.16042,0.139484,0.152482,0.123556,0.170476,0.107305,0.176883,0.1203
0.126806,0.153265,0.106438,0.154032,0.126263,0.127006,0.154453,0.142517,0.15586,0.147677,0.14193,0.176229,0.151735,0.173283,0.152503,0.171391,0.160873,0.157504,0.188308,0.160853,0.175715,0.172938,0.185487,0.180667,0.175416,0.168599,0.193748,0.188874,0.200623,0.201594,0.1934,0.188346,0.196748,0.197187,0.220464,0.202429,0.192431,0.20559,0.217974,0.220457,0.195109,0.264921,0.83725,0.899802,0.860031,0.405955,0.346596,0.355079,0.364176,0.383103,0.370448,0.363473,0.354576,0.356065,0.366041,0.389153,0.37661,0.375097,0.374393,0.372682,0.374379,0.371026,0.394935,0.382,0.386261,0.394756,0.367399,0.385696,0.395414,0.402912,0.3957,0.383659,0.402024,0.407662,0.382257,0.256311,0.258937,0.27449,0.27955,0.266424,0.267737,0.282272,0.270086,0.263808,0.26973,0.294147,0.262963,0.271377,0.261037,0.296086,0.264432,0.279325,0.281768,0.275451,0.267302,0.295653,0.276149,0.2693,0.305975,0.27018,0.283939,0.274438,0.289558,0.275727,0.292538,0.277094,0.27964,0.298575,0.28365,0.270568,0.283876,0.282823,0.288559,0.287891,0.420349,0.40848,0.421937,0.41844,0.420286,0.415281,0.413525,0.411912,0.435314,0.398737,0.418427,0.420242,0.411525,0.413202,0.435066,0.413012,0.410624,0.42208,0.42028,0.401415,0.437975,0.413513,0.417693,0.418535,0.423941,0.424713,0.42747,0.41379,0.435396,0.410564,0.429916,0.424254,0.42588,0.41307,0.42679,0.442152,0.406818,0.295295,0.303618,0.287866,0.303679,0.284981,0.294304,0.283197,0.317853,0.282412,0.287177,0.309125,0.278252,0.289767,0.294268,0.292615,0.278375,0.311365,0.274157,0.284834,0.277654,0.308229,0.285599,0.27892,0.294828,0.421296,0.413034,0.41661,0.43236,0.426384,0.407635,0.398381,0.407697,0.421609,0.417956,0.400223,0.412192,0.415342,0.411416,0.40066,0.383672,0.412449,0.398416,0.398392,0.411299,0.388278,0.390919,0.387197,0.389645,0.391327,0.388999,0.405406,0.381578,0.371363,0.367989,0.37587,0.379174,0.39469,0.375918,0.371229,0.359926,0.421501,0.871219,0.911739,0.84933,0.280682,0.207832,0.232729,0.223649,0.219782,0.202861,0.212326,0.230328,0.209569,0.203304,0.19485,0.200746,0.20559,0.207022,0.196901,0.203101,0.179744,0.182994,0.192591,0.195671,0.176925,0.185019,0.165962,0.188837,0.168913,0.169735,0.173641,0.157163,0.185205,0.159133,0.182912,0.148283,0.152141,0.162603,0.149033,0.162419,0.136495,0.13515,0.163073,0.112989,0.162488
0.139709,0.140234,0.147013,0.149982,0.132012,0.152959,0.130905,0.156155,0.134254,0.165859,0.148515,0.15289,0.15322,0.160581,0.163896,0.147459,0.192453,0.153678,0.158772,0.19199,0.164185,0.171659,0.17164,0.181431,0.171293,0.19539,0.183331,0.185194,0.184907,0.174441,0.191125,0.193254,0.192704,0.192392,0.173223,0.211544,0.18853,0.207782,0.200664,0.183721,0.231239,0.257703,0.836826,0.902275,0.871363,0.395461,0.339945,0.371688,0.351922,0.359856,0.352601,0.355987,0.366533,0.368427,0.370615,0.358819,0.372575,0.365273,0.380324,0.348193,0.397483,0.386647,0.384525,0.389829,0.369862,0.374683,0.392978,0.393466,0.408536,0.381886,0.388792,0.373424,0.412954,0.369742,0.395059,0.278341,0.271764,0.279173,0.246527,0.275469,0.25123,0.275975,0.264825,0.270625,0.266386,0.272872,0.265754,0.290913,0.280015,0.279791,0.26241,0.277473,0.289952,0.281991,0.292735,0.271603,0.283836,0.280726,0.272245,0.293333,0.282114,0.286412,0.283028,0.297812,0.270546,0.30123,0.276878,0.279875,0.280767,0.289205,0.280642,0.288359,0.299795,0.406877,0.403006,0.425106,0.416079,0.416484,0.407819,0.42106,0.412128,0.417795,0.389415,0.43778,0.396858,0.429085,0.415579,0.430389,0.398162,0.431135,0.416227,0.431023,0.399082,0.441002,0.39152,0.420255,0.415765,0.424043,0.411879,0.422709,0.420924,0.430032,0.408898,0.430557,0.431895,0.428876,0.422206,0.431319,0.423392,0.425295,0.411223,0.330938,0.281221,0.309105,0.294573,0.298479,0.293319,0.304257,0.285245,0.291985,0.298077,0.281878,0.30802,0.291694,0.300959,0.290041,0.277872,0.294237,0.294609,0.303938,0.279212,0.289545,0.281652,0.285909,0.290145,0.414881,0.402441,0.424043,0.393321,0.42622,0.42325,0.420792,0.421294,0.385987,0.427694,0.388094,0.402738,0.400532,0.423986,0.407614,0.405265,0.386744,0.389181,0.40272,0.400436,0.399965,0.409578,0.35956,0.39432,0.379491,0.391593,0.372072,0.38315,0.381796,0.381182,0.370713,0.368741,0.374118,0.366847,0.380911,0.352873,0.40362,0.88201,0.912038,0.849603,0.265968,0.242711,0.196261,0.215002,0.215343,0.201217,0.22498,0.183425,0.201321,0.207208,0.204462,0.205124,0.186445,0.194399,0.191638,0.18946,0.204074,0.182199,0.188385,0.179781,0.184837,0.171479,0.200754,0.172621,0.158279,0.196926,0.157714,0.168247,0.166148,0.159242,0.160291,0.155483,0.173533,0.142874,0.162971,0.137543,0.158837,0.135658,0.156275,0.154218,0.146341
0.164881,0.0950901,0.157487,0.12701,0.118425,0.147466,0.134452,0.142734,0.132903,0.136728,0.163731,0.135097,0.168101,0.146065,0.164142,0.156221,0.144299,0.189199,0.142651,0.175286,0.185059,0.170832,0.188653,0.172246,0.199645,0.197169,0.179746,0.197697,0.19122,0.1914,0.203074,0.188453,0.214643,0.201112,0.198579,0.209955,0.205125,0.205501,0.210053,0.201471,0.2096,0.238997,0.863792,0.894387,0.860176,0.401479,0.345927,0.348029,0.373444,0.33738,0.375433,0.358379,0.372581,0.387409,0.353289,0.354956,0.382329,0.355464,0.38984,0.374067,0.377345,0.381246,0.387066,0.365461,0.375324,0.386117,0.414792,0.391913,0.395427,0.383147,0.388908,0.415909,0.390364,0.387123,0.392692,0.277429,0.267764,0.252204,0.272056,0.2849,0.265117,0.266793,0.270932,0.279468,0.267291,0.274577,0.277593,0.268876,0.259203,0.277064,0.28758,0.273179,0.279324,0.263988,0.276522,0.271307,0.290015,0.277224,0.286604,0.277554,0.278373,0.293333,0.27355,0.279981,0.265806,0.294739,0.265526,0.291732,0.269562,0.294552,0.288064,0.281824,0.286384,0.424085,0.416157,0.407239,0.414962,0.423785,0.41234,0.409523,0.428836,0.415529,0.417023,0.41463,0.428165,0.407929,0.427416,0.402017,0.427206,0.404003,0.429603,0.409588,0.429266,0.416615,0.41929,0.418803,0.431663,0.411962,0.417121,0.430923,0.42026,0.412021,0.423775,0.437187,0.408662,0.421062,0.429285,0.436076,0.411342,0.434164,0.410201,0.421977,0.292544,0.291291,0.285895,0.305416,0.289114,0.289923,0.297772,0.28931,0.299618,0.286897,0.286658,0.277855,0.2903,0.286846,0.300182,0.290214,0.273887,0.282475,0.292515,0.287705,0.283338,0.293782,0.296042,0.409667,0.413873,0.435242,0.421669,0.401913,0.413803,0.417892,0.417954,0.403258,0.406709,0.430866,0.405072,0.397617,0.411353,0.407918,0.431975,0.402868,0.386695,0.381351,0.400232,0.39479,0.394079,0.390178,0.405855,0.37009,0.392293,0.371658,0.368096,0.403142,0.388191,0.372754,0.384528,0.351217,0.387514,0.362971,0.358748,0.417968,0.876161,0.9067,0.87671,0.252368,0.222101,0.211051,0.219672,0.217548,0.214311,0.219078,0.207948,0.21199,0.220134,0.199041,0.211145,0.198888,0.204362,0.20327,0.186444,0.203798,0.206615,0.184062,0.195337,0.173967,0.190564,0.183364,0.149743,0.197384,0.153031,0.163124,0.175039,0.153189,0.17023,0.142277,0.175787,0.145118,0.137199,0.149211,0.140797,0.159584,0.126759,0.132262,0.161872,0.101051
0.0798877,0.178599,0.126849,0.097104,0.172813,0.105654,0.166121,0.147332,0.150673,0.144046,0.146388,0.153353,0.155944,0.166336,0.148822,0.187289,0.153935,0.15838,0.175276,0.163605,0.167354,0.196582,0.165624,0.197752,0.179704,0.194653,0.178609,0.172365,0.182022,0.191441,0.191231,0.206036,0.186095,0.201234,0.208338,0.19287,0.225855,0.212717,0.207405,0.226727,0.203398,0.24942,0.863673,0.883546,0.864719,0.401769,0.354847,0.351661,0.354562,0.39341,0.351425,0.357136,0.38678,0.353317,0.365204,0.34906,0.370318,0.372176,0.371637,0.391302,0.370881,0.362797,0.374233,0.369281,0.377367,0.396158,0.373382,0.390832,0.385966,0.382147,0.392081,0.389721,0.400777,0.383793,0.386599,0.273611,0.262733,0.266396,0.259029,0.275587,0.254282,0.270877,0.258204,0.266393,0.258494,0.279446,0.270418,0.259564,0.293248,0.277967,0.269349,0.267574,0.291242,0.280041,0.282948,0.292351,0.267161,0.292117,0.281352,0.283209,0.281882,0.290027,0.276491,0.292884,0.281364,0.303648,0.277939,0.286288,0.281392,0.27888,0.263568,0.300807,0.406003,0.414653,0.403776,0.423455,0.423186,0.409371,0.428205,0.425781,0.418025,0.415608,0.408132,0.432857,0.413084,0.412422,0.432728,0.423826,0.421097,0.424654,0.433387,0.414142,0.414183,0.436256,0.410059,0.416353,0.420196,0.430334,0.431738,0.415136,0.428624,0.428103,0.408568,0.420453,0.428364,0.432466,0.405046,0.421939,0.424858,0.429518,0.420536,0.445849,0.408592,0.313059,0.287564,0.30178,0.293737,0.294396,0.291511,0.303393,0.281262,0.302222,0.295867,0.292454,0.305884,0.280228,0.283175,0.289761,0.303309,0.27469,0.281332,0.291897,0.272486,0.282214,0.28543,0.409576,0.402752,0.42527,0.409314,0.417505,0.416204,0.413135,0.409673,0.398747,0.415476,0.403548,0.40685,0.39752,0.40088,0.405781,0.387473,0.410217,0.395699,0.381822,0.389846,0.378878,0.386238,0.408227,0.389004,0.390283,0.390644,0.363653,0.379771,0.369708,0.398972,0.368227,0.368221,0.405821,0.367394,0.360633,0.368619,0.411249,0.874632,0.893624,0.873774,0.25708,0.214172,0.239881,0.218468,0.221557,0.236132,0.206163,0.220954,0.209551,0.195837,0.212178,0.200179,0.200454,0.190127,0.183446,0.187779,0.204793,0.188116,0.20378,0.175621,0.207088,0.173666,0.173141,0.182175,0.164007,0.162344,0.193654,0.153007,0.171578,0.166572,0.159388,0.151345,0.147423,0.156542,0.159827,0.170595,0.106117,0.172963,0.103694,0.132638,0.1817
0.157733,0.138445,0.128927,0.170065,0.136605,0.170956,0.129228,0.156801,0.143777,0.165206,0.123942,0.173211,0.129149,0.180571,0.150259,0.163065,0.186676,0.153392,0.190266,0.146548,0.180351,0.169256,0.185995,0.160525,0.18197,0.17297,0.179373,0.193225,0.185899,0.188787,0.167549,0.204972,0.187778,0.191698,0.203991,0.200002,0.197545,0.196435,0.200115,0.214236,0.226345,0.26215,0.791144,0.903931,0.892166,0.849174,0.380794,0.354567,0.364063,0.354923,0.365085,0.367966,0.365367,0.364436,0.360982,0.376667,0.395433,0.367742,0.38459,0.36976,0.365781,0.374525,0.377471,0.37082,0.391554,0.391924,0.386824,0.378077,0.384852,0.404417,0.388055,0.40127,0.389935,0.40249,0.385133,0.280792,0.252153,0.272899,0.275578,0.254079,0.287302,0.260872,0.280192,0.268197,0.299214,0.279269,0.275443,0.272638,0.292544,0.271913,0.265901,0.287838,0.289928,0.263046,0.282724,0.290211,0.286157,0.257172,0.288537,0.282077,0.279785,0.273915,0.290228,0.267602,0.285151,0.281134,0.283097,0.282987,0.283995,0.287509,0.28752,0.298547,0.416453,0.413176,0.428564,0.418471,0.429583,0.413339,0.414104,0.422049,0.422295,0.41495,0.438128,0.399232,0.4224,0.403418,0.41342,0.418518,0.422571,0.419021,0.413895,0.405767,0.424328,0.40124,0.441239,0.417996,0.4256,0.425181,0.417032,0.418911,0.434999,0.422543,0.434374,0.42036,0.432242,0.423075,0.428672,0.429141,0.425883,0.425856,0.426677,0.424693,0.421435,0.295179,0.301511,0.284826,0.292163,0.292046,0.299511,0.269371,0.297199,0.302476,0.294174,0.276214,0.301698,0.301964,0.278486,0.284464,0.306609,0.284239,0.290006,0.293059,0.31224,0.281368,0.302004,0.403566,0.437228,0.401744,0.421858,0.423383,0.400594,0.421285,0.41398,0.417201,0.402782,0.417696,0.402373,0.418818,0.399812,0.391035,0.401409,0.40709,0.405755,0.387855,0.393519,0.389175,0.381628,0.380293,0.397469,0.37782,0.404015,0.390539,0.375825,0.373791,0.381982,0.384487,0.377275,0.369699,0.377452,0.371173,0.392853,0.86433,0.906259,0.915321,0.803247,0.276906,0.237912,0.224042,0.209881,0.208905,0.207313,0.207067,0.212975,0.200605,0.197107,0.219343,0.176065,0.19955,0.193325,0.201845,0.187802,0.178213,0.190514,0.170831,0.190731,0.174601,0.191595,0.155547,0.201505,0.162813,0.194513,0.172931,0.157973,0.184719,0.135724,0.17901,0.130882,0.171473,0.149093,0.15986,0.133236,0.176863,0.143502,0.172199,0.135519,0.144631
0.129671,0.142822,0.111062,0.163793,0.116825,0.137811,0.136945,0.127477,0.130242,0.136359,0.157524,0.137393,0.151317,0.135003,0.175284,0.140848,0.162002,0.160127,0.166736,0.169242,0.150701,0.179382,0.184836,0.175604,0.184267,0.1847,0.180849,0.186928,0.1983,0.19006,0.208657,0.175515,0.188784,0.196505,0.20419,0.199748,0.202112,0.195219,0.196922,0.219813,0.19921,0.212874,0.290663,0.84485,0.888868,0.877489,0.396875,0.357217,0.369724,0.351366,0.353918,0.36043,0.366715,0.344669,0.351616,0.378781,0.36755,0.386666,0.3565,0.359075,0.380212,0.37118,0.385576,0.389095,0.389999,0.38307,0.374448,0.380713,0.37385,0.410811,0.382205,0.401455,0.363395,0.389734,0.39548,0.263329,0.264015,0.271806,0.262144,0.264073,0.2672,0.256978,0.274333,0.263137,0.2727,0.247783,0.267319,0.280049,0.273234,0.272379,0.281589,0.286206,0.262647,0.288269,0.272308,0.278761,0.285786,0.278053,0.295864,0.274786,0.278699,0.292744,0.269101,0.278722,0.282162,0.281929,0.284824,0.271055,0.28558,0.279239,0.304584,0.388842,0.418728,0.399938,0.426705,0.417634,0.416349,0.415218,0.425624,0.40631,0.415717,0.421673,0.408085,0.427941,0.407313,0.410143,0.423189,0.416354,0.426512,0.418651,0.424531,0.41126,0.407289,0.429436,0.412239,0.424013,0.419172,0.409976,0.430109,0.420153,0.421487,0.422613,0.430835,0.406235,0.427848,0.412597,0.430236,0.421288,0.42756,0.415261,0.426246,0.425761,0.425574,0.406448,0.29622,0.305066,0.288183,0.287104,0.308763,0.289182,0.297475,0.289698,0.284003,0.300279,0.27511,0.297026,0.295434,0.287586,0.284851,0.293258,0.279814,0.261642,0.287792,0.276419,0.306621,0.396963,0.414284,0.414076,0.412295,0.41991,0.41214,0.404223,0.419025,0.404886,0.382961,0.414495,0.398203,0.42502,0.389067,0.397807,0.388969,0.396242,0.405651,0.400834,0.397881,0.383358,0.393501,0.37903,0.373508,0.40512,0.386336,0.395386,0.36511,0.362505,0.379179,0.374761,0.368609,0.3644,0.383004,0.366806,0.407427,0.888015,0.899013,0.859447,0.298809,0.223828,0.210603,0.235199,0.20777,0.208113,0.209687,0.21166,0.213877,0.208538,0.196907,0.179844,0.21892,0.200449,0.209751,0.199336,0.19102,0.19792,0.190172,0.182624,0.193252,0.182161,0.158277,0.173771,0.170331,0.16469,0.169104,0.142825,0.181386,0.146125,0.159903,0.145453,0.16624,0.146523,0.137929,0.133362,0.145199,0.145333,0.127092,0.167673,0.114628,0.145298
0.144556,0.0891742,0.174608,0.097232,0.135547,0.148734,0.110431,0.154337,0.152051,0.135338,0.152498,0.137273,0.1666,0.148564,0.160687,0.168074,0.148856,0.187602,0.135858,0.181415,0.184694,0.154142,0.177149,0.176062,0.189113,0.169077,0.188516,0.196395,0.177383,0.168045,0.203386,0.192611,0.194457,0.20162,0.186239,0.19783,0.185206,0.21576,0.212183,0.193276,0.210268,0.190902,0.25306,0.861037,0.892657,0.867087,0.385514,0.349887,0.34794,0.364303,0.33551,0.369645,0.356062,0.381155,0.373394,0.367681,0.358945,0.359843,0.351012,0.382951,0.365667,0.378584,0.3784,0.383222,0.353673,0.38415,0.38113,0.393549,0.40625,0.393351,0.393445,0.384685,0.399056,0.411911,0.379418,0.286664,0.256968,0.257315,0.261379,0.269451,0.285241,0.259881,0.283072,0.273099,0.281141,0.265544,0.299968,0.283702,0.263571,0.28132,0.279117,0.276533,0.282159,0.279072,0.278793,0.276053,0.287014,0.267537,0.297943,0.270492,0.279431,0.280377,0.28065,0.300833,0.274641,0.296467,0.262332,0.300769,0.278675,0.290773,0.3982,0.412017,0.423555,0.417486,0.410794,0.410214,0.428109,0.400723,0.404364,0.437035,0.415205,0.417103,0.41459,0.429183,0.399981,0.434553,0.403552,0.43094,0.403915,0.430463,0.404003,0.435529,0.401521,0.430549,0.417001,0.420235,0.41738,0.43995,0.408684,0.405985,0.434121,0.415967,0.417552,0.42391,0.430612,0.420765,0.424011,0.423052,0.420704,0.442682,0.406946,0.440127,0.416936,0.443194,0.407219,0.299678,0.290696,0.283383,0.309025,0.27881,0.298306,0.288238,0.289693,0.291568,0.293809,0.288328,0.29084,0.294143,0.276532,0.294618,0.310857,0.277307,0.294438,0.297231,0.41143,0.407711,0.435484,0.417755,0.412643,0.407227,0.406672,0.423265,0.403335,0.427411,0.411277,0.400597,0.407355,0.408254,0.42025,0.406084,0.396949,0.400965,0.369244,0.399855,0.394873,0.395032,0.382562,0.395571,0.36463,0.372264,0.371511,0.380681,0.388046,0.390965,0.373886,0.382109,0.346938,0.379373,0.360466,0.365476,0.399009,0.880496,0.904762,0.87196,0.267291,0.202936,0.222864,0.202466,0.221245,0.222214,0.19557,0.204391,0.195887,0.209129,0.20968,0.20636,0.210393,0.175762,0.181655,0.20612,0.19302,0.173012,0.199783,0.18271,0.184115,0.169258,0.195216,0.192102,0.150428,0.193843,0.154533,0.178162,0.169163,0.153707,0.175509,0.142724,0.152759,0.139528,0.156206,0.160785,0.114005,0.149005,0.139849,0.108459,0.189594,0.0973906
0.11708,0.165862,0.131637,0.151151,0.134026,0.136622,0.159721,0.126846,0.153637,0.160979,0.154841,0.155801,0.14495,0.181587,0.153771,0.163111,0.155251,0.17801,0.175791,0.166829,0.187197,0.17674,0.16186,0.180813,0.183439,0.173067,0.190081,0.195405,0.175212,0.20649,0.179823,0.194874,0.220065,0.179405,0.214577,0.199953,0.197691,0.207071,0.215132,0.211747,0.199917,0.210928,0.278997,0.842738,0.900836,0.877803,0.372751,0.343582,0.355678,0.35014,0.337712,0.35829,0.372046,0.361705,0.362478,0.363366,0.368032,0.356879,0.384135,0.389119,0.368105,0.382943,0.379793,0.36499,0.394855,0.36374,0.374003,0.398664,0.37639,0.391923,0.37055,0.40262,0.392571,0.385773,0.393082,0.258222,0.267888,0.262281,0.268355,0.27042,0.2688,0.268853,0.271671,0.27819,0.249607,0.284837,0.266699,0.268965,0.278834,0.280086,0.256943,0.29068,0.27056,0.266591,0.294148,0.286853,0.265702,0.279267,0.273572,0.291273,0.251272,0.292549,0.273808,0.274695,0.283127,0.298679,0.268024,0.288241,0.283179,0.288237,0.402974,0.416984,0.413651,0.408283,0.423819,0.42034,0.414071,0.425796,0.427188,0.411167,0.428304,0.403255,0.421041,0.416273,0.425631,0.401561,0.436162,0.404963,0.414084,0.404742,0.437592,0.401031,0.425772,0.417912,0.424198,0.406698,0.431155,0.413154,0.431476,0.430626,0.419738,0.430039,0.429553,0.414564,0.419869,0.425164,0.41941,0.412606,0.42364,0.430283,0.411733,0.442921,0.424906,0.417828,0.408676,0.320718,0.265697,0.301644,0.284141,0.291235,0.277246,0.297164,0.306467,0.276166,0.282941,0.302824,0.267909,0.292759,0.291299,0.279891,0.279681,0.296259,0.262662,0.297295,0.411453,0.418399,0.415047,0.418632,0.416752,0.41145,0.417661,0.399377,0.417141,0.399542,0.407255,0.415881,0.385143,0.40749,0.391596,0.415503,0.388133,0.377465,0.409695,0.37771,0.394518,0.397994,0.383529,0.405461,0.399793,0.372915,0.384507,0.377775,0.37483,0.379182,0.383889,0.3757,0.35298,0.362305,0.368195,0.354705,0.385731,0.8893,0.913361,0.853531,0.28467,0.22145,0.212592,0.225231,0.230017,0.223684,0.209006,0.213162,0.223272,0.191991,0.224523,0.200573,0.189389,0.211775,0.188678,0.202126,0.20218,0.187189,0.19082,0.192585,0.170996,0.181348,0.191724,0.172681,0.177487,0.184969,0.161947,0.170952,0.162129,0.18604,0.148427,0.162516,0.163412,0.168239,0.160221,0.132546,0.169537,0.148824,0.142706,0.152533,0.132352,0.17215
0.108282,0.139749,0.129116,0.123085,0.146946,0.12587,0.117557,0.156902,0.122458,0.150867,0.1384,0.17913,0.123276,0.153557,0.161466,0.153817,0.184483,0.127052,0.190915,0.1566,0.158906,0.178602,0.170967,0.19046,0.166519,0.195028,0.181124,0.176962,0.179346,0.194044,0.202088,0.187857,0.180656,0.204982,0.198135,0.200945,0.214119,0.206674,0.213591,0.210851,0.202729,0.213105,0.244682,0.852923,0.91744,0.829707,0.431518,0.338119,0.352648,0.355062,0.359246,0.36088,0.36331,0.338309,0.367342,0.366527,0.356965,0.378953,0.352838,0.369685,0.38668,0.378455,0.380665,0.37794,0.3732,0.385484,0.395996,0.386648,0.395881,0.39644,0.396505,0.380555,0.389489,0.402314,0.385947,0.260501,0.262644,0.274421,0.271068,0.262019,0.266726,0.272017,0.27046,0.264844,0.274916,0.293845,0.254932,0.266799,0.286809,0.267308,0.284008,0.27551,0.289416,0.267832,0.291389,0.271326,0.282847,0.293358,0.272925,0.295809,0.287198,0.279009,0.288167,0.281082,0.274934,0.278225,0.282799,0.279314,0.28066,0.40899,0.408323,0.438187,0.402807,0.421087,0.427789,0.418163,0.413801,0.420331,0.422982,0.43112,0.4078,0.433096,0.42107,0.427596,0.421048,0.433057,0.401781,0.438986,0.396061,0.440253,0.402338,0.433931,0.422634,0.429485,0.424018,0.435597,0.411424,0.432514,0.426455,0.424739,0.418452,0.424403,0.435425,0.42671,0.41006,0.444868,0.415341,0.433439,0.41383,0.420386,0.426521,0.42139,0.416768,0.424688,0.431526,0.407446,0.314082,0.306021,0.28549,0.303615,0.294748,0.284791,0.299846,0.277878,0.300688,0.286542,0.295158,0.277963,0.300271,0.281317,0.268781,0.307576,0.284613,0.291139,0.407073,0.420431,0.417684,0.41089,0.418739,0.423511,0.410707,0.39935,0.412264,0.416423,0.404627,0.395948,0.412328,0.411344,0.407271,0.400715,0.411089,0.400744,0.388618,0.39481,0.394706,0.390644,0.397305,0.3812,0.366557,0.393677,0.372097,0.381565,0.38284,0.353756,0.379127,0.371345,0.369252,0.369255,0.367037,0.351201,0.443763,0.841112,0.92987,0.865808,0.260881,0.223379,0.213808,0.222057,0.223654,0.212676,0.222881,0.208937,0.208851,0.212788,0.193899,0.20244,0.213088,0.204962,0.183907,0.18636,0.183255,0.19779,0.171706,0.194553,0.182265,0.187792,0.166861,0.169145,0.200502,0.134922,0.191092,0.158531,0.167508,0.16482,0.133378,0.183771,0.142259,0.159193,0.132446,0.163114,0.125715,0.129414,0.156579,0.133326,0.136374,0.144051
0.168729,0.125102,0.113502,0.165106,0.105964,0.1587,0.134197,0.138503,0.171285,0.130265,0.155774,0.124672,0.173499,0.126236,0.163667,0.130926,0.181894,0.160512,0.155669,0.2017,0.161943,0.174995,0.194983,0.161888,0.175204,0.176349,0.167557,0.162035,0.197535,0.186492,0.161487,0.209537,0.179854,0.186926,0.208345,0.179447,0.189028,0.191172,0.187421,0.199294,0.20124,0.214429,0.258379,0.805241,0.897243,0.884202,0.830138,0.39392,0.351333,0.342515,0.355838,0.371012,0.353395,0.372744,0.350478,0.368657,0.367498,0.374916,0.371749,0.37645,0.376017,0.384083,0.373402,0.383509,0.372763,0.382818,0.390873,0.38058,0.383403,0.374536,0.383251,0.40209,0.383931,0.384431,0.383887,0.264053,0.27223,0.24943,0.264198,0.251338,0.264096,0.268961,0.270036,0.272297,0.26138,0.276611,0.255501,0.283143,0.269934,0.276366,0.277733,0.273991,0.276844,0.286345,0.270885,0.284848,0.266014,0.288216,0.276221,0.281767,0.267747,0.280973,0.287184,0.287722,0.279227,0.295423,0.281614,0.280543,0.303407,0.40931,0.405309,0.410926,0.41647,0.423264,0.403288,0.434582,0.398151,0.436439,0.408348,0.406775,0.408557,0.431245,0.409917,0.413811,0.403077,0.436135,0.398915,0.413317,0.441724,0.412052,0.397434,0.438747,0.404466,0.413906,0.411509,0.433823,0.41316,0.410016,0.41293,0.439833,0.400825,0.438629,0.409655,0.429053,0.42427,0.416111,0.412,0.426617,0.428235,0.423676,0.42467,0.435665,0.422824,0.430901,0.431167,0.423456,0.395485,0.310584,0.284816,0.300189,0.278048,0.294527,0.284129,0.297845,0.287624,0.285266,0.287804,0.288279,0.282066,0.294461,0.268133,0.288841,0.279731,0.295569,0.407303,0.418024,0.411102,0.401575,0.413486,0.399373,0.422661,0.405054,0.405757,0.397487,0.398295,0.417657,0.396572,0.386989,0.399681,0.394856,0.406107,0.396275,0.388092,0.396528,0.38772,0.401117,0.393129,0.39267,0.38766,0.390135,0.380238,0.381904,0.362482,0.386276,0.36634,0.386,0.37335,0.353701,0.363344,0.405739,0.843302,0.895638,0.910318,0.814576,0.265784,0.225174,0.214457,0.210888,0.201934,0.203771,0.199983,0.189736,0.217116,0.198236,0.182482,0.214396,0.166367,0.196629,0.206736,0.167782,0.18195,0.187376,0.189411,0.176109,0.196211,0.181621,0.172948,0.204012,0.161583,0.170277,0.192274,0.1402,0.170544,0.128025,0.17778,0.132101,0.163054,0.133958,0.174265,0.143912,0.14112,0.161838,0.107283,0.168124,0.121409,0.129549
0.099017,0.128996,0.154455,0.131085,0.153904,0.132415,0.165019,0.137116,0.133499,0.154471,0.165675,0.14558,0.162738,0.14845,0.166057,0.181127,0.134138,0.196795,0.158335,0.176431,0.185401,0.161714,0.174358,0.197877,0.169593,0.183865,0.18372,0.203063,0.19086,0.200084,0.19835,0.175169,0.202918,0.211035,0.182149,0.204083,0.219767,0.18803,0.208561,0.187871,0.196082,0.216124,0.207814,0.301389,0.824593,0.899639,0.86254,0.386298,0.352215,0.355613,0.351675,0.35859,0.360732,0.339777,0.376503,0.3536,0.357448,0.371544,0.363182,0.361173,0.378646,0.355705,0.381181,0.370754,0.376752,0.395142,0.371938,0.394229,0.38214,0.389022,0.410054,0.379508,0.403861,0.387351,0.386828,0.279461,0.269374,0.26761,0.259571,0.266307,0.273684,0.26405,0.27076,0.262321,0.270673,0.262623,0.283628,0.277507,0.26725,0.278161,0.276708,0.276226,0.263923,0.281461,0.284665,0.298025,0.276264,0.270549,0.29087,0.26584,0.288209,0.293521,0.277908,0.276303,0.287171,0.283875,0.277903,0.291159,0.384294,0.418808,0.418597,0.414502,0.417893,0.418461,0.422355,0.395841,0.440114,0.400035,0.429362,0.416817,0.417715,0.428944,0.407608,0.416451,0.433243,0.406831,0.418853,0.412929,0.424297,0.414627,0.419234,0.408868,0.434913,0.41797,0.409032,0.431394,0.419994,0.418718,0.433576,0.405881,0.444028,0.400335,0.427335,0.424517,0.422169,0.422029,0.428499,0.428171,0.411659,0.424797,0.418374,0.427665,0.428775,0.420933,0.41798,0.437269,0.431292,0.392478,0.318658,0.281653,0.286685,0.31105,0.295557,0.293919,0.276054,0.288073,0.287952,0.289841,0.279632,0.288614,0.294885,0.277452,0.280226,0.294669,0.411197,0.411239,0.423453,0.412752,0.404398,0.416869,0.417438,0.416826,0.41249,0.400464,0.418774,0.391767,0.425451,0.406004,0.395522,0.408598,0.384982,0.409552,0.388786,0.384148,0.397712,0.368433,0.393935,0.375917,0.375706,0.387035,0.373369,0.367362,0.392686,0.355348,0.375286,0.372796,0.364127,0.3684,0.364478,0.401101,0.874753,0.915009,0.838147,0.317359,0.22292,0.228953,0.204296,0.197395,0.214105,0.197621,0.228202,0.214751,0.191075,0.217065,0.217218,0.183562,0.208615,0.20535,0.19995,0.215528,0.187235,0.188441,0.17405,0.200868,0.183135,0.165418,0.190505,0.186688,0.163294,0.199156,0.136422,0.18717,0.176676,0.15973,0.16862,0.15404,0.179238,0.161653,0.141219,0.14763,0.173638,0.143011,0.160592,0.133087,0.156229,0.134977
0.132156,0.136816,0.124971,0.121537,0.12825,0.147931,0.122497,0.13156,0.141106,0.124797,0.145689,0.18169,0.149945,0.154855,0.139799,0.176746,0.136585,0.164554,0.150838,0.151101,0.171718,0.178331,0.160056,0.171601,0.210118,0.166306,0.190107,0.192877,0.173279,0.163283,0.199383,0.196902,0.186362,0.191284,0.185115,0.207988,0.191835,0.206257,0.20262,0.219826,0.210696,0.190581,0.194229,0.260784,0.837847,0.916881,0.862813,0.402119,0.353008,0.345318,0.37526,0.337976,0.375766,0.356625,0.377445,0.374319,0.373458,0.361462,0.377509,0.387868,0.368375,0.385211,0.36123,0.376809,0.389204,0.367981,0.381758,0.375649,0.404475,0.386745,0.38557,0.382483,0.398765,0.389798,0.381621,0.256427,0.276382,0.25061,0.267633,0.272299,0.274002,0.25772,0.280595,0.26537,0.269437,0.274903,0.273768,0.265218,0.278833,0.28448,0.254593,0.292678,0.265567,0.286819,0.260339,0.289874,0.269853,0.282541,0.285158,0.286381,0.276859,0.274317,0.28281,0.288483,0.274379,0.28499,0.279889,0.288182,0.418726,0.401967,0.4101,0.4253,0.414795,0.423308,0.414485,0.428392,0.404709,0.42753,0.403808,0.423482,0.417764,0.41941,0.410367,0.429329,0.401642,0.443362,0.40657,0.439572,0.395263,0.440696,0.406981,0.444862,0.40437,0.428869,0.412788,0.421447,0.418703,0.426151,0.406063,0.432624,0.410762,0.434528,0.420982,0.426177,0.420517,0.434127,0.41854,0.413084,0.434542,0.412552,0.422861,0.426608,0.418404,0.429014,0.426447,0.416438,0.419448,0.430579,0.412363,0.307616,0.281711,0.298874,0.269749,0.29954,0.278164,0.302959,0.264691,0.297449,0.289788,0.278659,0.287725,0.284857,0.290528,0.392938,0.425341,0.405584,0.420527,0.418858,0.417116,0.395768,0.425074,0.397236,0.403837,0.404325,0.412927,0.399302,0.399149,0.399983,0.42041,0.390797,0.397423,0.384119,0.406635,0.391056,0.37418,0.399024,0.381441,0.400341,0.392313,0.375336,0.383217,0.39028,0.390038,0.367998,0.38895,0.350874,0.386337,0.359068,0.36498,0.413562,0.874836,0.925598,0.847617,0.268945,0.203043,0.199077,0.220623,0.231562,0.217775,0.218786,0.205138,0.217499,0.194817,0.20196,0.194179,0.205061,0.208153,0.176266,0.178821,0.199293,0.199849,0.175874,0.222122,0.179453,0.17047,0.19288,0.178387,0.158638,0.161199,0.176444,0.149046,0.18887,0.143374,0.162243,0.152959,0.185961,0.147617,0.12967,0.151731,0.133926,0.122488,0.147974,0.135494,0.130931,0.132421,0.141441
0.0919171,0.169352,0.1192,0.132177,0.147347,0.113588,0.140413,0.136313,0.137328,0.178286,0.120339,0.151923,0.133939,0.167995,0.142475,0.139653,0.175506,0.154168,0.184272,0.160904,0.177358,0.180488,0.189282,0.175277,0.174759,0.184864,0.165796,0.186099,0.173153,0.200228,0.171234,0.184839,0.198258,0.181052,0.213351,0.194789,0.194001,0.193302,0.199844,0.213266,0.210494,0.203473,0.204635,0.241578,0.840216,0.900538,0.849653,0.400773,0.342191,0.357999,0.354913,0.376114,0.361396,0.35282,0.362223,0.350161,0.357871,0.375329,0.357969,0.368251,0.368648,0.35265,0.36617,0.373064,0.376702,0.400365,0.371905,0.394831,0.373764,0.396923,0.406547,0.378093,0.40849,0.386518,0.396083,0.289612,0.254567,0.26415,0.271569,0.268605,0.262299,0.272293,0.26354,0.266395,0.269645,0.271006,0.268704,0.258537,0.280281,0.280133,0.265999,0.286322,0.268546,0.274667,0.282765,0.270854,0.278664,0.280609,0.280709,0.281576,0.263716,0.279425,0.280513,0.284303,0.280073,0.282471,0.303721,0.391452,0.418899,0.422367,0.413885,0.410172,0.418872,0.408312,0.420153,0.413641,0.413445,0.431094,0.415994,0.412516,0.425467,0.414646,0.423104,0.428096,0.417936,0.414508,0.427414,0.398541,0.428149,0.398305,0.428145,0.416089,0.420712,0.429352,0.424569,0.416597,0.42531,0.415081,0.419168,0.433604,0.42043,0.419469,0.425074,0.415085,0.426016,0.417329,0.424114,0.429428,0.429276,0.417477,0.430383,0.423969,0.421686,0.42585,0.423835,0.422663,0.408001,0.42442,0.420955,0.408771,0.30376,0.279461,0.294008,0.28623,0.279598,0.297722,0.27825,0.289785,0.292518,0.270256,0.279514,0.285489,0.299737,0.40564,0.410579,0.420645,0.409852,0.417673,0.417632,0.414366,0.400807,0.419727,0.41818,0.39944,0.421879,0.391017,0.422602,0.412081,0.386008,0.408899,0.386161,0.411702,0.387877,0.387769,0.380869,0.36747,0.386577,0.386577,0.372102,0.390854,0.375724,0.361891,0.375728,0.368723,0.377826,0.389703,0.37061,0.369404,0.355154,0.416296,0.863598,0.914983,0.85222,0.255607,0.216202,0.215956,0.223285,0.226521,0.208701,0.206778,0.201533,0.208069,0.219787,0.19146,0.210937,0.196583,0.17975,0.206379,0.188217,0.194202,0.173255,0.190431,0.175625,0.181522,0.193397,0.183422,0.181235,0.166497,0.189308,0.155789,0.179921,0.14335,0.147275,0.174594,0.141098,0.16391,0.129563,0.182892,0.140811,0.138903,0.152213,0.121014,0.152459,0.13364,0.128018,0.17821
0.142619,0.11763,0.135512,0.155634,0.13467,0.141902,0.151699,0.146042,0.145749,0.128613,0.178361,0.137002,0.152169,0.139262,0.175767,0.150472,0.174551,0.142081,0.175829,0.170267,0.15275,0.173919,0.168079,0.179882,0.176056,0.167237,0.191684,0.174787,0.191487,0.190968,0.196631,0.193865,0.187361,0.192072,0.204172,0.191458,0.199214,0.210101,0.192157,0.194941,0.219431,0.193185,0.206602,0.255507,0.8457,0.8918,0.860445,0.43681,0.342106,0.363762,0.363753,0.358224,0.365144,0.359195,0.365903,0.357527,0.375553,0.366899,0.385719,0.355725,0.362331,0.362698,0.379214,0.384247,0.369652,0.385141,0.384731,0.387008,0.386853,0.381915,0.373393,0.399955,0.37404,0.39671,0.394578,0.374942,0.265645,0.262148,0.276899,0.251593,0.268553,0.256592,0.267481,0.290052,0.261256,0.279377,0.264901,0.294297,0.26591,0.287585,0.277376,0.274756,0.271619,0.285594,0.275982,0.2814,0.262194,0.297675,0.270683,0.281555,0.287408,0.297079,0.285846,0.273217,0.269805,0.297171,0.399653,0.428864,0.399872,0.420491,0.4184,0.412242,0.411201,0.406636,0.42801,0.40901,0.427602,0.407081,0.432363,0.397299,0.419252,0.436677,0.416485,0.403297,0.44378,0.417754,0.421156,0.415547,0.430832,0.417307,0.421927,0.417492,0.44552,0.406711,0.417692,0.436792,0.422264,0.401254,0.436262,0.41033,0.431498,0.412696,0.432968,0.412965,0.419943,0.419283,0.42475,0.429323,0.408888,0.438756,0.428118,0.430167,0.412457,0.41736,0.429178,0.443182,0.42936,0.422249,0.415239,0.4397,0.38899,0.309744,0.287035,0.296256,0.280314,0.286529,0.287893,0.299325,0.277363,0.306211,0.278237,0.310069,0.393989,0.436738,0.417918,0.404691,0.415369,0.400516,0.428395,0.407425,0.408462,0.406954,0.412566,0.408504,0.390791,0.4134,0.386636,0.393448,0.402051,0.401391,0.396202,0.40368,0.385682,0.398038,0.394107,0.376634,0.372638,0.369645,0.398612,0.379679,0.386702,0.3702,0.38051,0.370613,0.377075,0.370682,0.370869,0.376141,0.354499,0.446056,0.869991,0.900406,0.856412,0.263518,0.216781,0.203302,0.227915,0.204311,0.201338,0.220689,0.212104,0.196728,0.217791,0.2002,0.194396,0.200205,0.20795,0.200271,0.196401,0.184485,0.198999,0.175198,0.186225,0.187275,0.179116,0.182755,0.160655,0.17927,0.183805,0.15089,0.183571,0.157369,0.184811,0.144628,0.155658,0.140724,0.189108,0.135505,0.153152,0.154808,0.155118,0.152666,0.14338,0.163151,0.139455,0.126819
0.122532,0.135139,0.125843,0.128834,0.135797,0.120054,0.157746,0.117722,0.144497,0.135807,0.13816,0.147667,0.17764,0.15469,0.155832,0.145524,0.151219,0.178117,0.143442,0.165951,0.167902,0.149515,0.187367,0.167843,0.156338,0.20576,0.175471,0.177069,0.184529,0.167347,0.180023,0.195488,0.179098,0.197679,0.193087,0.175903,0.199167,0.185309,0.195532,0.210127,0.190867,0.202266,0.196377,0.249796,0.801929,0.905695,0.892361,0.804086,0.404191,0.352609,0.334739,0.354305,0.349352,0.360501,0.356626,0.357102,0.370174,0.364164,0.365167,0.365243,0.374507,0.355717,0.38242,0.38652,0.383597,0.389948,0.37506,0.395738,0.387824,0.394895,0.39724,0.387248,0.403815,0.391173,0.37735,0.385199,0.270108,0.273276,0.25718,0.269632,0.273882,0.269842,0.255612,0.273488,0.257367,0.265004,0.251226,0.284265,0.258928,0.273666,0.267021,0.270077,0.299733,0.266457,0.274535,0.282645,0.268839,0.271387,0.284154,0.289904,0.266336,0.278238,0.271084,0.27848,0.289988,0.305784,0.394159,0.403252,0.408497,0.423536,0.403541,0.418291,0.407276,0.435329,0.400646,0.417845,0.401981,0.428774,0.399142,0.426366,0.414668,0.429955,0.418223,0.413661,0.408807,0.44096,0.390291,0.428349,0.415464,0.43016,0.389828,0.441521,0.409064,0.417099,0.418841,0.43082,0.415622,0.431363,0.405108,0.43402,0.406392,0.42199,0.404448,0.442865,0.414223,0.424464,0.412081,0.431667,0.415872,0.413279,0.410739,0.431592,0.430748,0.423223,0.416588,0.421743,0.408726,0.433713,0.426037,0.413534,0.411304,0.410703,0.300262,0.282674,0.311986,0.27972,0.277776,0.28226,0.269357,0.295829,0.279059,0.394815,0.401088,0.421828,0.403155,0.414968,0.424864,0.416382,0.403575,0.424393,0.407536,0.409549,0.391192,0.408295,0.415453,0.402671,0.41054,0.410873,0.403755,0.410309,0.392501,0.399257,0.398285,0.401003,0.39519,0.373065,0.390754,0.378,0.38177,0.376633,0.385818,0.371325,0.369253,0.376822,0.361535,0.368054,0.352684,0.365441,0.418706,0.817831,0.907051,0.919948,0.814331,0.261257,0.210683,0.215972,0.205043,0.218527,0.208727,0.193115,0.211991,0.188071,0.198692,0.207619,0.188765,0.20828,0.18916,0.180268,0.19504,0.185779,0.188395,0.214726,0.167887,0.178437,0.192082,0.15848,0.177012,0.173089,0.154243,0.18487,0.154906,0.14939,0.156465,0.161943,0.185913,0.150084,0.143494,0.139455,0.145517,0.121814,0.162771,0.125951,0.14148,0.137944,0.13049,0.133987
0.143409,0.0828682,0.16575,0.119812,0.108823,0.157184,0.115987,0.140901,0.128962,0.16409,0.143116,0.136667,0.149746,0.162873,0.13557,0.169142,0.126622,0.159534,0.166611,0.166917,0.174235,0.165309,0.152005,0.191074,0.164966,0.160122,0.203618,0.17518,0.176751,0.197035,0.189799,0.177903,0.210549,0.195922,0.196828,0.209982,0.203675,0.197043,0.205756,0.208372,0.221803,0.194312,0.228861,0.208641,0.303117,0.839517,0.899419,0.845365,0.40632,0.349832,0.358436,0.366626,0.346203,0.362641,0.358626,0.38989,0.369595,0.362872,0.379621,0.35232,0.375439,0.374026,0.39172,0.372064,0.370492,0.377592,0.373234,0.394266,0.39065,0.391645,0.39084,0.380151,0.380905,0.393738,0.397844,0.388107,0.259439,0.252118,0.25583,0.257317,0.274847,0.250932,0.280972,0.286415,0.26022,0.293765,0.273619,0.277945,0.281818,0.283804,0.267407,0.281646,0.271858,0.281513,0.275358,0.28393,0.278457,0.303058,0.275005,0.274084,0.269414,0.292606,0.276093,0.291932,0.274566,0.407667,0.42044,0.409809,0.424712,0.423075,0.416537,0.405815,0.430898,0.415763,0.429434,0.410323,0.430702,0.433583,0.411528,0.410131,0.426905,0.420067,0.391442,0.424413,0.419761,0.422404,0.421962,0.400681,0.436161,0.399798,0.421727,0.425903,0.420016,0.424486,0.393945,0.42293,0.427486,0.415138,0.417698,0.439195,0.43592,0.416422,0.436288,0.421347,0.436423,0.414756,0.422803,0.431178,0.432896,0.41871,0.430361,0.431563,0.402174,0.435726,0.420656,0.435237,0.414047,0.41817,0.418425,0.44607,0.42334,0.427102,0.409816,0.409103,0.299428,0.301205,0.286554,0.304653,0.303345,0.307308,0.403032,0.436557,0.40786,0.432282,0.424954,0.400293,0.418943,0.405515,0.404731,0.39765,0.397338,0.411976,0.410716,0.405123,0.395901,0.392416,0.404747,0.407694,0.400794,0.407979,0.385402,0.392851,0.384434,0.386282,0.405338,0.384666,0.387645,0.365707,0.39273,0.37937,0.381958,0.404235,0.372688,0.372824,0.363755,0.376948,0.368689,0.360102,0.416792,0.857926,0.908909,0.848115,0.312185,0.22072,0.236027,0.203486,0.227942,0.219984,0.213546,0.209357,0.208722,0.221686,0.210902,0.204536,0.219873,0.183814,0.199714,0.203696,0.186932,0.182103,0.207175,0.169634,0.174054,0.199093,0.159103,0.172023,0.18071,0.171192,0.172589,0.168319,0.137634,0.183099,0.147164,0.168632,0.157778,0.14877,0.147299,0.172365,0.138047,0.149518,0.129154,0.164673,0.11425,0.118265,0.176501,0.0945307
0.0974445,0.171775,0.12305,0.127504,0.164424,0.121386,0.156081,0.149054,0.146853,0.151212,0.116314,0.175132,0.129979,0.136256,0.15591,0.166262,0.168863,0.149714,0.169444,0.151878,0.165963,0.173061,0.147045,0.161027,0.204748,0.173771,0.156078,0.198982,0.180297,0.171271,0.183063,0.191526,0.187864,0.181099,0.168993,0.20343,0.180494,0.19239,0.214032,0.191914,0.197447,0.21669,0.201224,0.20344,0.251535,0.851936,0.890387,0.87149,0.40041,0.328925,0.370841,0.347874,0.355631,0.365753,0.343511,0.367687,0.373981,0.361885,0.351599,0.352429,0.392363,0.373726,0.393921,0.349166,0.388226,0.383839,0.389665,0.392215,0.36043,0.401528,0.381981,0.390619,0.39877,0.39243,0.398346,0.383154,0.266051,0.277,0.261458,0.277287,0.245833,0.266725,0.266844,0.257769,0.258851,0.271443,0.254007,0.263708,0.273428,0.257171,0.279613,0.283196,0.263258,0.278328,0.269945,0.278448,0.284752,0.266346,0.273276,0.290633,0.281406,0.289291,0.274518,0.28921,0.396809,0.421362,0.388064,0.431992,0.405935,0.411162,0.416621,0.420776,0.41915,0.40856,0.399817,0.406896,0.436373,0.407279,0.419831,0.421921,0.427635,0.419888,0.424148,0.422001,0.426942,0.417254,0.409694,0.441897,0.410765,0.444359,0.409674,0.41714,0.425674,0.423298,0.426709,0.422032,0.431103,0.427087,0.425556,0.408445,0.440888,0.414639,0.406977,0.415932,0.426555,0.425675,0.426054,0.417774,0.416018,0.441157,0.396422,0.431565,0.421338,0.415383,0.41559,0.431458,0.425665,0.436538,0.417038,0.409917,0.429757,0.420717,0.416423,0.421796,0.399143,0.418786,0.416958,0.393866,0.410833,0.401795,0.40154,0.421273,0.406053,0.405044,0.418503,0.413516,0.394008,0.425447,0.40964,0.4248,0.405863,0.403448,0.413967,0.405009,0.413439,0.403981,0.397582,0.412456,0.376105,0.407615,0.404247,0.396075,0.40184,0.363361,0.409058,0.390723,0.406521,0.368442,0.367262,0.374844,0.387821,0.382623,0.359194,0.380815,0.363176,0.365137,0.384901,0.343678,0.414656,0.882112,0.905265,0.865851,0.264364,0.212566,0.214982,0.229357,0.211743,0.203768,0.227785,0.201963,0.195515,0.212057,0.177412,0.190998,0.196748,0.201502,0.19101,0.181824,0.186276,0.209971,0.165831,0.181257,0.212667,0.172608,0.161453,0.184299,0.175764,0.164204,0.177987,0.156088,0.173744,0.167368,0.164553,0.145706,0.135619,0.181625,0.125636,0.155869,0.150998,0.155265,0.160248,0.124156,0.173975,0.135059,0.123728,0.173219
0.113061,0.109293,0.136795,0.130473,0.128732,0.151901,0.121245,0.146721,0.127135,0.122003,0.143078,0.141296,0.166796,0.158378,0.174173,0.135661,0.171703,0.159493,0.167812,0.16755,0.151051,0.172105,0.195935,0.169275,0.182548,0.196594,0.16547,0.154709,0.196925,0.183541,0.161135,0.186584,0.197145,0.17925,0.199138,0.18741,0.192247,0.204272,0.200625,0.202419,0.191894,0.207605,0.208298,0.195227,0.256241,0.834173,0.890722,0.862402,0.432475,0.349862,0.353216,0.357946,0.356081,0.370466,0.355366,0.377888,0.339179,0.358671,0.362477,0.361966,0.374152,0.362163,0.371821,0.37209,0.379164,0.389947,0.366197,0.381844,0.398305,0.371322,0.375092,0.39435,0.382191,0.394584,0.378573,0.390825,0.280848,0.26009,0.257007,0.260839,0.261966,0.278376,0.253264,0.272804,0.280207,0.27251,0.273017,0.282279,0.2654,0.274491,0.263949,0.286475,0.271877,0.281844,0.264065,0.290848,0.272439,0.271164,0.30331,0.26962,0.270171,0.28213,0.2938,0.395091,0.413062,0.42015,0.403879,0.422929,0.397262,0.429337,0.389568,0.421262,0.405601,0.430142,0.417796,0.426337,0.405377,0.427142,0.387687,0.411409,0.410209,0.404864,0.414407,0.429181,0.417952,0.422184,0.425708,0.41797,0.418469,0.417814,0.426802,0.423652,0.418876,0.428622,0.415563,0.408018,0.41424,0.417042,0.393488,0.428993,0.410852,0.432075,0.425542,0.439359,0.410144,0.429815,0.395852,0.435755,0.406448,0.430177,0.414477,0.42899,0.422056,0.418499,0.41887,0.424299,0.414813,0.413623,0.447001,0.415748,0.413327,0.435902,0.407852,0.426454,0.416332,0.432244,0.411242,0.419884,0.409843,0.429406,0.41795,0.418352,0.424813,0.419047,0.398787,0.425301,0.409391,0.40832,0.404464,0.407944,0.408712,0.414601,0.389795,0.409041,0.394521,0.410674,0.385265,0.386173,0.411455,0.392252,0.378025,0.405561,0.395248,0.385817,0.384249,0.373599,0.389607,0.374289,0.375303,0.372526,0.354998,0.391516,0.365949,0.384845,0.374065,0.369604,0.364749,0.362711,0.444461,0.877165,0.899454,0.845116,0.265363,0.206667,0.218545,0.219063,0.201462,0.213724,0.205278,0.212007,0.198043,0.20368,0.206723,0.190735,0.204909,0.193794,0.165727,0.190901,0.208394,0.158699,0.177725,0.205378,0.186607,0.173062,0.196353,0.178568,0.157297,0.169174,0.174466,0.16635,0.175648,0.142153,0.176491,0.161844,0.174541,0.146023,0.149329,0.13027,0.137673,0.152761,0.127866,0.156381,0.130849,0.140157,0.145975,0.114254
0.111511,0.147102,0.0998552,0.153533,0.1352,0.096281,0.16417,0.11927,0.135255,0.147233,0.158485,0.152441,0.131897,0.145798,0.148073,0.148429,0.152537,0.152601,0.149318,0.178548,0.177043,0.167238,0.179658,0.166182,0.175178,0.172132,0.182431,0.185839,0.162814,0.197993,0.220852,0.196363,0.16141,0.185582,0.205308,0.211068,0.193159,0.209973,0.199212,0.209858,0.213441,0.205208,0.203579,0.213577,0.253191,0.800315,0.888812,0.906081,0.831067,0.39752,0.345889,0.352401,0.362472,0.35997,0.355362,0.379493,0.355408,0.356939,0.366432,0.378908,0.383122,0.376206,0.379433,0.38639,0.397743,0.377066,0.379253,0.390222,0.382383,0.393601,0.395657,0.386354,0.392355,0.388949,0.3986,0.397836,0.364836,0.282367,0.25233,0.278335,0.255912,0.28081,0.258046,0.277307,0.263447,0.260096,0.268925,0.271871,0.264604,0.289284,0.262074,0.27406,0.274886,0.276521,0.274667,0.278338,0.272641,0.283445,0.262977,0.290392,0.284661,0.280346,0.407095,0.423825,0.413821,0.423906,0.412359,0.403846,0.42604,0.421452,0.407692,0.43586,0.413315,0.417759,0.410025,0.420515,0.414896,0.426405,0.429435,0.413415,0.423654,0.434787,0.422849,0.410855,0.434838,0.410483,0.43588,0.415139,0.438911,0.412076,0.438383,0.413876,0.433689,0.410999,0.426136,0.439499,0.4273,0.417839,0.434301,0.430332,0.41874,0.425681,0.417539,0.424613,0.420724,0.44435,0.414434,0.429424,0.431727,0.414129,0.421627,0.433859,0.422451,0.431096,0.432085,0.414538,0.426929,0.435822,0.408726,0.426609,0.41922,0.426069,0.417948,0.421011,0.420515,0.422089,0.406388,0.434811,0.413836,0.41497,0.417313,0.404723,0.407362,0.423549,0.4035,0.42619,0.403165,0.424942,0.397871,0.420914,0.396431,0.408481,0.412114,0.402806,0.406165,0.396399,0.411556,0.408826,0.395643,0.407007,0.396296,0.39079,0.409191,0.399314,0.396605,0.388932,0.394544,0.393718,0.380679,0.373025,0.36711,0.393796,0.371263,0.37401,0.375795,0.363687,0.359435,0.41128,0.845524,0.914401,0.906602,0.812878,0.266482,0.223489,0.214229,0.21665,0.224068,0.221591,0.212957,0.222605,0.205582,0.214389,0.21595,0.192997,0.171566,0.206508,0.230722,0.204681,0.167253,0.197155,0.185433,0.175727,0.1872,0.177604,0.188322,0.173173,0.188655,0.189258,0.158941,0.161588,0.161539,0.158979,0.157828,0.153056,0.13806,0.161145,0.164774,0.152423,0.14312,0.127107,0.169809,0.101325,0.144823,0.155883,0.105102,0.157287
0.138326,0.0954842,0.154917,0.123194,0.119577,0.172221,0.122556,0.146892,0.176728,0.125513,0.165994,0.10206,0.165216,0.123388,0.130643,0.163117,0.135613,0.172747,0.144362,0.14566,0.182911,0.163755,0.16382,0.16779,0.147141,0.187367,0.180823,0.176943,0.198115,0.165675,0.188713,0.174176,0.177554,0.200704,0.194405,0.175052,0.212874,0.187416,0.204612,0.208015,0.196646,0.226286,0.203584,0.213105,0.209383,0.308696,0.870467,0.894225,0.860446,0.394394,0.348285,0.366628,0.350349,0.352095,0.376792,0.350912,0.348317,0.354556,0.367418,0.364738,0.384203,0.354641,0.3769,0.360115,0.363968,0.378536,0.374896,0.372949,0.38841,0.374231,0.390773,0.396445,0.370874,0.398391,0.376088,0.386189,0.402218,0.282145,0.261838,0.257575,0.259439,0.273786,0.262677,0.269129,0.262073,0.279072,0.277074,0.256268,0.261973,0.281942,0.255966,0.283241,0.261589,0.272486,0.291065,0.268271,0.268897,0.273126,0.269222,0.287131,0.262673,0.297179,0.413974,0.406048,0.412305,0.404232,0.406609,0.42852,0.418123,0.415675,0.418288,0.405009,0.424176,0.431001,0.39927,0.432978,0.422041,0.421367,0.414025,0.420152,0.430779,0.412483,0.427027,0.404116,0.440504,0.417272,0.413509,0.39882,0.425986,0.39996,0.413975,0.416584,0.440594,0.407034,0.429158,0.416434,0.43678,0.423421,0.418582,0.425217,0.42789,0.439825,0.405167,0.438285,0.429415,0.411527,0.427365,0.421191,0.426289,0.437216,0.41688,0.412877,0.421646,0.414238,0.432565,0.421459,0.403535,0.432172,0.411153,0.416337,0.413563,0.412544,0.43526,0.417859,0.407406,0.427629,0.400123,0.430716,0.405335,0.403534,0.423004,0.42396,0.408963,0.41318,0.407208,0.421246,0.404984,0.403348,0.409895,0.419362,0.423429,0.400251,0.387214,0.411582,0.383565,0.410582,0.40198,0.388358,0.401015,0.382925,0.385341,0.39086,0.380015,0.374522,0.388287,0.369322,0.400687,0.379201,0.382452,0.367379,0.363862,0.364976,0.38677,0.364286,0.361786,0.382342,0.360006,0.406693,0.871397,0.90876,0.87942,0.318812,0.221712,0.224941,0.217298,0.233837,0.208664,0.214341,0.215127,0.194731,0.223639,0.18393,0.203885,0.21455,0.18639,0.179269,0.19551,0.174974,0.202007,0.184144,0.19301,0.196373,0.153683,0.172836,0.170732,0.173546,0.1859,0.151927,0.1497,0.177359,0.142346,0.166932,0.136416,0.128972,0.17084,0.106962,0.174113,0.130345,0.17655,0.150835,0.127181,0.175126,0.1272,0.132173,0.160724,0.100492
0.138423,0.0995009,0.129515,0.12121,0.143028,0.117071,0.128235,0.142456,0.113348,0.157071,0.110938,0.145436,0.131871,0.17061,0.151046,0.173976,0.141837,0.162466,0.166598,0.161662,0.142349,0.173564,0.164893,0.20287,0.164862,0.159796,0.206048,0.176258,0.169388,0.182494,0.178528,0.165137,0.194331,0.207236,0.196606,0.18174,0.211239,0.186396,0.204203,0.195365,0.207326,0.214608,0.204399,0.2108,0.215275,0.25552,0.864031,0.906786,0.859069,0.422769,0.361766,0.354254,0.35449,0.380806,0.349639,0.357823,0.349706,0.380673,0.380058,0.389272,0.346304,0.374151,0.374341,0.382322,0.378179,0.376275,0.373213,0.403491,0.370384,0.395802,0.39542,0.375082,0.397991,0.391132,0.388391,0.411955,0.374673,0.272634,0.253715,0.285547,0.261346,0.262269,0.273095,0.279901,0.268317,0.264197,0.264145,0.276203,0.275632,0.265562,0.268988,0.288387,0.268876,0.277692,0.266976,0.290397,0.280012,0.292092,0.272112,0.286841,0.292953,0.400245,0.397774,0.419443,0.413933,0.420377,0.422939,0.41188,0.401478,0.421105,0.392878,0.42284,0.407847,0.39762,0.420272,0.415226,0.409453,0.426963,0.402195,0.433336,0.414144,0.403034,0.426702,0.413099,0.422317,0.402492,0.433551,0.402909,0.437424,0.403358,0.433646,0.401763,0.424604,0.414749,0.43027,0.406759,0.41844,0.435806,0.40537,0.432808,0.415189,0.420995,0.429,0.403431,0.411098,0.429146,0.399042,0.429451,0.409234,0.421817,0.430473,0.429084,0.422343,0.431166,0.409185,0.423544,0.42274,0.427573,0.41656,0.434819,0.422452,0.432665,0.411807,0.42232,0.411208,0.431447,0.414573,0.408663,0.420131,0.423297,0.409775,0.410398,0.412447,0.42895,0.418401,0.408512,0.408344,0.43181,0.398482,0.406404,0.392659,0.423514,0.403451,0.402803,0.411731,0.391864,0.410373,0.404974,0.386108,0.419184,0.387777,0.393633,0.39055,0.396397,0.389979,0.388371,0.360658,0.401409,0.392509,0.391212,0.361161,0.370134,0.363889,0.394306,0.368546,0.363536,0.375913,0.435331,0.868462,0.92151,0.877806,0.269425,0.224413,0.222287,0.211793,0.22775,0.217692,0.212195,0.214885,0.199811,0.217747,0.194502,0.203178,0.215065,0.203635,0.176503,0.18487,0.1911,0.1825,0.181987,0.209771,0.170393,0.176883,0.212039,0.171644,0.182725,0.149205,0.166568,0.177471,0.171759,0.148587,0.184556,0.157338,0.178093,0.138207,0.151703,0.118332,0.161597,0.123016,0.151739,0.137952,0.120861,0.144512,0.130599,0.137505,0.103971
0.0823256,0.12216,0.135437,0.121082,0.141322,0.120837,0.122916,0.12596,0.137833,0.122423,0.148882,0.154558,0.148891,0.138518,0.148467,0.16509,0.169409,0.133046,0.173609,0.167391,0.172431,0.164181,0.161436,0.177773,0.207093,0.172809,0.158181,0.197549,0.175622,0.172834,0.181097,0.200412,0.201535,0.173866,0.178178,0.19906,0.192872,0.173786,0.20692,0.181139,0.204814,0.192367,0.187108,0.217685,0.207678,0.263499,0.804236,0.910617,0.90314,0.824454,0.374497,0.351137,0.356194,0.363401,0.345719,0.352139,0.347306,0.355896,0.369375,0.354,0.369867,0.353182,0.3667,0.374792,0.346369,0.376936,0.376262,0.387576,0.376732,0.393295,0.380407,0.388968,0.389307,0.399213,0.388043,0.401037,0.390872,0.374888,0.271068,0.254134,0.254583,0.276982,0.264028,0.254443,0.264669,0.272419,0.257979,0.278696,0.253689,0.278162,0.271597,0.242862,0.278525,0.270087,0.271459,0.282938,0.264365,0.273706,0.281794,0.293999,0.38334,0.416788,0.417051,0.431715,0.393393,0.417032,0.424883,0.400194,0.42297,0.400372,0.422871,0.409891,0.427218,0.419476,0.410105,0.414462,0.427199,0.390911,0.436764,0.415164,0.411286,0.411618,0.419111,0.43257,0.417134,0.411968,0.427516,0.414303,0.398622,0.411797,0.428126,0.414619,0.417662,0.433681,0.424402,0.415666,0.415377,0.418474,0.439801,0.396719,0.429954,0.421301,0.418645,0.426044,0.433712,0.416133,0.429241,0.407226,0.432611,0.409168,0.432849,0.424167,0.404561,0.441958,0.424573,0.429005,0.40865,0.421912,0.425104,0.416614,0.406205,0.428472,0.41507,0.414339,0.421762,0.388026,0.416603,0.422251,0.39857,0.424656,0.40427,0.418255,0.412661,0.400382,0.410257,0.424974,0.399372,0.402592,0.410052,0.403717,0.405029,0.413236,0.39756,0.411859,0.399762,0.397728,0.390687,0.407582,0.388191,0.399809,0.388541,0.387255,0.360531,0.388298,0.379017,0.369361,0.382791,0.368405,0.383392,0.373842,0.362868,0.36375,0.36066,0.374364,0.365931,0.365264,0.387748,0.833486,0.919742,0.919716,0.816951,0.271794,0.222302,0.226318,0.199483,0.205152,0.215819,0.18798,0.217658,0.183771,0.202468,0.202121,0.186637,0.179463,0.209521,0.209813,0.194015,0.178333,0.181746,0.206941,0.166904,0.177883,0.210685,0.183849,0.169307,0.169723,0.183526,0.174436,0.177605,0.140171,0.175533,0.169706,0.155377,0.144043,0.156833,0.169754,0.155542,0.123354,0.147446,0.130104,0.127507,0.132128,0.151007,0.121672,0.139375,0.13136
0.120532,0.142621,0.0978472,0.171063,0.120794,0.147115,0.168229,0.143772,0.141321,0.171239,0.124626,0.150382,0.136886,0.142719,0.143238,0.0952551,0.166955,0.148531,0.156475,0.147105,0.146186,0.186907,0.175326,0.14633,0.157845,0.186267,0.164754,0.17222,0.193044,0.17617,0.159243,0.192227,0.192061,0.182103,0.19552,0.184677,0.18464,0.203495,0.198988,0.197001,0.215515,0.187106,0.197272,0.227729,0.208709,0.206554,0.30482,0.849813,0.885385,0.845904,0.41357,0.339793,0.376765,0.361756,0.347129,0.371067,0.368874,0.368611,0.384524,0.362787,0.365254,0.375777,0.381535,0.374526,0.383089,0.387845,0.374142,0.375575,0.364484,0.389972,0.372474,0.389648,0.390429,0.395316,0.390136,0.411563,0.384462,0.401926,0.275326,0.258432,0.266844,0.270545,0.250874,0.276824,0.271911,0.264232,0.268846,0.284932,0.261973,0.274196,0.277279,0.286507,0.281595,0.262494,0.269048,0.282955,0.265512,0.28883,0.291558,0.392162,0.416918,0.421697,0.396069,0.419359,0.404601,0.425232,0.397073,0.431727,0.394856,0.424869,0.43746,0.410213,0.405374,0.428755,0.419263,0.424427,0.405,0.431086,0.411446,0.41977,0.41489,0.41364,0.42804,0.417498,0.414356,0.426201,0.407657,0.434408,0.408803,0.434291,0.408219,0.426718,0.417574,0.421332,0.432412,0.41786,0.418693,0.423374,0.412959,0.436036,0.409552,0.431024,0.424024,0.43539,0.415674,0.418264,0.440634,0.431927,0.401976,0.439857,0.405713,0.433624,0.416716,0.425129,0.407801,0.429588,0.428217,0.419166,0.419231,0.427802,0.410176,0.42447,0.413585,0.407568,0.42498,0.434475,0.421684,0.420097,0.408521,0.431321,0.414717,0.410269,0.417255,0.421497,0.397473,0.414294,0.413307,0.403775,0.405771,0.422435,0.398193,0.422271,0.402643,0.408311,0.404506,0.40558,0.387386,0.403678,0.377528,0.38923,0.390272,0.402105,0.397317,0.388651,0.396649,0.388196,0.379575,0.377245,0.399396,0.37652,0.383955,0.384884,0.355749,0.37575,0.390129,0.353338,0.420912,0.861742,0.895513,0.863329,0.315764,0.219276,0.218379,0.240942,0.208624,0.195009,0.22406,0.209243,0.213455,0.210891,0.194431,0.195137,0.203175,0.19309,0.19954,0.197376,0.166395,0.189499,0.199432,0.179745,0.174476,0.195292,0.162748,0.152358,0.181603,0.19113,0.147662,0.158203,0.166172,0.153061,0.177015,0.103564,0.150338,0.150289,0.136328,0.148411,0.132857,0.175152,0.144021,0.154237,0.174305,0.146106,0.122848,0.178436,0.100097,0.147593
0.128185,0.0998515,0.124773,0.118565,0.121099,0.146722,0.0987316,0.134156,0.14253,0.109494,0.150951,0.120615,0.113809,0.162747,0.149138,0.158754,0.145768,0.148151,0.153741,0.158065,0.16397,0.133365,0.185586,0.156256,0.18249,0.167124,0.169602,0.164145,0.167456,0.209388,0.18284,0.193796,0.193987,0.186721,0.20193,0.184181,0.184949,0.218487,0.195563,0.209544,0.210847,0.209026,0.221202,0.212231,0.202569,0.214928,0.266738,0.853238,0.885245,0.860866,0.390525,0.36265,0.36005,0.345572,0.349479,0.343493,0.351493,0.384105,0.352945,0.341256,0.362253,0.363547,0.383132,0.372978,0.346018,0.380711,0.359649,0.378927,0.385622,0.374114,0.359056,0.402572,0.3694,0.396048,0.380588,0.389183,0.386863,0.395051,0.382095,0.283893,0.261722,0.256832,0.259534,0.291063,0.2559,0.266871,0.262413,0.262078,0.270483,0.259272,0.267571,0.27913,0.263503,0.281611,0.271094,0.273179,0.279661,0.29199,0.399184,0.412642,0.400101,0.405002,0.419884,0.419464,0.405019,0.415219,0.418638,0.422431,0.407605,0.422116,0.401704,0.415922,0.408144,0.399561,0.43326,0.402734,0.414205,0.424683,0.423155,0.417977,0.411225,0.428904,0.411699,0.409232,0.426379,0.424138,0.423934,0.422772,0.430884,0.421789,0.426973,0.425535,0.428992,0.412262,0.416153,0.433582,0.415132,0.422494,0.424114,0.430662,0.420499,0.409431,0.436449,0.402981,0.419071,0.42082,0.408888,0.429164,0.41476,0.431499,0.424807,0.425792,0.410254,0.43015,0.427644,0.415219,0.410623,0.42791,0.423063,0.419754,0.420643,0.417223,0.417169,0.424905,0.409908,0.421768,0.413164,0.40321,0.417875,0.407639,0.408134,0.412331,0.401715,0.43547,0.40655,0.402768,0.408118,0.423317,0.410573,0.40889,0.398247,0.400796,0.394382,0.409502,0.382117,0.41433,0.37064,0.387428,0.39956,0.389902,0.36776,0.395358,0.357666,0.386416,0.395892,0.379466,0.374777,0.352371,0.363899,0.401226,0.363142,0.359312,0.363711,0.357342,0.373623,0.370835,0.407205,0.869029,0.896388,0.868523,0.277141,0.224733,0.213055,0.223987,0.232643,0.221571,0.221976,0.221069,0.201034,0.226397,0.191846,0.192881,0.206942,0.191514,0.204135,0.203803,0.191939,0.216108,0.18068,0.172811,0.178039,0.174914,0.195688,0.165323,0.192802,0.147267,0.173162,0.164944,0.164051,0.156738,0.148142,0.164531,0.153016,0.166672,0.126862,0.13263,0.154931,0.11758,0.149228,0.134355,0.106651,0.153618,0.122671,0.124779,0.133224,0.102761
0.157211,0.11328,0.117923,0.117439,0.126012,0.113192,0.135347,0.110144,0.120746,0.145289,0.126077,0.138035,0.181588,0.13766,0.14952,0.168689,0.169885,0.155813,0.156106,0.163109,0.174599,0.161309,0.150876,0.168499,0.161441,0.179366,0.176885,0.157588,0.183383,0.183143,0.189032,0.165794,0.177648,0.190097,0.164288,0.181338,0.198042,0.188377,0.170908,0.193504,0.1892,0.196766,0.211478,0.21719,0.200971,0.200178,0.241122,0.810983,0.880291,0.86233,0.430312,0.344229,0.370734,0.3404,0.361358,0.362212,0.371795,0.359826,0.361551,0.357627,0.374392,0.373997,0.366695,0.365692,0.382688,0.384993,0.358808,0.391569,0.366648,0.384953,0.390455,0.391546,0.382935,0.397688,0.398204,0.396109,0.402327,0.403254,0.362024,0.273509,0.254537,0.26373,0.254287,0.261469,0.270059,0.287999,0.264922,0.273966,0.27574,0.281795,0.272378,0.273819,0.254913,0.285149,0.259354,0.298307,0.290204,0.376681,0.411801,0.403384,0.403154,0.420017,0.417754,0.395287,0.422105,0.429241,0.402909,0.416166,0.403599,0.420738,0.410132,0.422103,0.412471,0.422134,0.410774,0.416717,0.425724,0.405438,0.437544,0.404356,0.42956,0.426368,0.42671,0.418628,0.42172,0.423594,0.425234,0.420522,0.423954,0.418148,0.429013,0.426019,0.420524,0.421564,0.431929,0.430938,0.434599,0.40657,0.440345,0.410186,0.432322,0.425511,0.41359,0.428276,0.416547,0.428102,0.417431,0.428751,0.411389,0.421307,0.414421,0.436187,0.432972,0.405077,0.427322,0.428313,0.416862,0.412638,0.424329,0.402695,0.418045,0.432982,0.40274,0.430014,0.397782,0.417873,0.415904,0.426066,0.420152,0.417514,0.410748,0.434312,0.41479,0.410298,0.401223,0.409422,0.401902,0.403003,0.383635,0.416816,0.412655,0.407733,0.409968,0.40909,0.393194,0.402591,0.403895,0.39397,0.376323,0.408757,0.37569,0.396214,0.397966,0.380547,0.381842,0.387125,0.385412,0.37417,0.375276,0.371695,0.388318,0.373028,0.374129,0.35274,0.38063,0.357637,0.441376,0.873707,0.895117,0.815748,0.255723,0.210909,0.215981,0.225764,0.222019,0.20547,0.199888,0.201113,0.182548,0.199856,0.209541,0.186204,0.174904,0.201439,0.18307,0.174678,0.195941,0.188484,0.187336,0.166752,0.183566,0.185307,0.167377,0.176706,0.158539,0.162013,0.185528,0.167509,0.159651,0.158796,0.17272,0.173027,0.155051,0.142733,0.184574,0.142195,0.134873,0.151432,0.133318,0.115833,0.137646,0.120849,0.136778,0.119687,0.120249,0.1211
0.0817034,0.119683,0.134266,0.114373,0.164204,0.12863,0.142843,0.139179,0.165611,0.123072,0.170162,0.137949,0.139752,0.141732,0.130109,0.151362,0.126402,0.172272,0.165851,0.148101,0.152776,0.15778,0.165962,0.172794,0.161669,0.166726,0.207763,0.17203,0.169867,0.176102,0.184757,0.182015,0.157987,0.18114,0.202107,0.212746,0.19888,0.197024,0.186947,0.214719,0.18447,0.215208,0.196168,0.191568,0.214011,0.211161,0.213078,0.298623,0.86929,0.895783,0.834427,0.395673,0.354218,0.332508,0.357152,0.352151,0.374913,0.361072,0.346959,0.366923,0.375393,0.363632,0.371763,0.373368,0.341121,0.363672,0.368663,0.378932,0.375313,0.396085,0.373457,0.37662,0.378225,0.39846,0.379265,0.374231,0.403561,0.391035,0.398618,0.409395,0.271594,0.275762,0.269331,0.261815,0.259673,0.255362,0.254755,0.279417,0.262346,0.258665,0.269895,0.275354,0.277675,0.275517,0.290034,0.384466,0.390561,0.428033,0.41246,0.421052,0.409762,0.415059,0.418818,0.414233,0.418348,0.395356,0.42219,0.417864,0.415471,0.410265,0.415114,0.416194,0.415117,0.417287,0.420267,0.423647,0.410279,0.412572,0.418866,0.418942,0.426325,0.394751,0.421866,0.412436,0.417583,0.426378,0.416548,0.428814,0.406505,0.430551,0.41743,0.427075,0.419821,0.41255,0.426273,0.401016,0.430151,0.421495,0.421733,0.418261,0.417373,0.427281,0.427769,0.423256,0.420755,0.422873,0.422638,0.422055,0.420328,0.427919,0.428864,0.404911,0.425574,0.424193,0.42604,0.424773,0.417516,0.433302,0.419986,0.44122,0.407477,0.412048,0.418877,0.418676,0.421466,0.421914,0.413334,0.404294,0.407123,0.425323,0.399809,0.402832,0.407199,0.406915,0.416624,0.420752,0.401142,0.438029,0.411288,0.400802,0.417521,0.386435,0.390959,0.412126,0.392773,0.390066,0.386391,0.411428,0.393367,0.389169,0.379385,0.37963,0.35471,0.38299,0.385411,0.375681,0.391489,0.376564,0.360869,0.372654,0.385129,0.364738,0.37256,0.345294,0.366789,0.411101,0.84151,0.910334,0.878241,0.314475,0.220587,0.222665,0.221548,0.20389,0.207811,0.22589,0.193711,0.226515,0.195282,0.203071,0.206726,0.220309,0.207583,0.190938,0.167192,0.189879,0.19068,0.187284,0.180543,0.17822,0.219654,0.177538,0.171249,0.180102,0.177024,0.166716,0.15516,0.16213,0.175869,0.181655,0.13988,0.160126,0.141158,0.152988,0.147133,0.144423,0.178698,0.125426,0.16779,0.147078,0.150353,0.133951,0.169251,0.125046,0.137737,0.129802
0.131283,0.120377,0.0700467,0.124239,0.13212,0.106711,0.134247,0.128945,0.109045,0.144339,0.126858,0.146698,0.125841,0.106016,0.157741,0.142853,0.148258,0.150287,0.138757,0.163961,0.144403,0.179926,0.149851,0.178378,0.18437,0.175175,0.171283,0.185101,0.163634,0.17036,0.187694,0.177072,0.218459,0.193108,0.188784,0.203833,0.182566,0.187793,0.200214,0.203907,0.194395,0.194491,0.202664,0.203055,0.206666,0.196164,0.231973,0.274835,0.824427,0.913992,0.872771,0.38841,0.352602,0.355452,0.359845,0.371538,0.364299,0.33938,0.365079,0.362377,0.354531,0.373872,0.368807,0.363185,0.380934,0.375308,0.377454,0.399134,0.378186,0.377208,0.385267,0.384975,0.391733,0.390461,0.370621,0.408304,0.380414,0.385059,0.401035,0.390161,0.361712,0.284001,0.256472,0.265595,0.26498,0.26418,0.267539,0.292115,0.265748,0.292617,0.260571,0.271143,0.271326,0.28613,0.388393,0.390697,0.412965,0.421311,0.394256,0.419122,0.397893,0.41615,0.412706,0.402551,0.397375,0.425904,0.415609,0.405791,0.415824,0.412359,0.412589,0.423026,0.41077,0.40742,0.413824,0.417538,0.411589,0.423869,0.416615,0.432723,0.394884,0.422636,0.417055,0.42635,0.41251,0.41223,0.447664,0.406068,0.426979,0.408862,0.448947,0.4145,0.414667,0.427497,0.4224,0.424809,0.39925,0.435623,0.420087,0.430082,0.417266,0.421685,0.420099,0.416617,0.417623,0.427743,0.421614,0.419014,0.426321,0.412196,0.425902,0.433542,0.406361,0.4122,0.422117,0.423646,0.406761,0.427163,0.404893,0.431127,0.424709,0.402086,0.419865,0.413254,0.408718,0.415523,0.404299,0.439242,0.4103,0.436054,0.413881,0.408792,0.411253,0.409569,0.401073,0.41398,0.390587,0.400744,0.414752,0.397287,0.392385,0.421373,0.383367,0.4007,0.405508,0.399134,0.396589,0.388243,0.385406,0.413869,0.38881,0.388086,0.391983,0.379501,0.381632,0.389575,0.369699,0.376904,0.375021,0.354221,0.379278,0.387849,0.369145,0.368793,0.365025,0.397633,0.88874,0.920992,0.836488,0.283368,0.243463,0.209371,0.21601,0.215317,0.209157,0.206938,0.205358,0.210949,0.208518,0.198221,0.19038,0.215262,0.201322,0.199095,0.225178,0.184339,0.193869,0.177153,0.17176,0.191417,0.177291,0.179605,0.189832,0.183786,0.152444,0.190017,0.1523,0.164873,0.146573,0.153539,0.150741,0.15315,0.163813,0.113174,0.133835,0.151175,0.132308,0.156183,0.119022,0.132471,0.141944,0.117725,0.136944,0.129005,0.076567,0.118025
0.104137,0.129864,0.134917,0.138557,0.0958484,0.157866,0.118142,0.140228,0.117705,0.136758,0.135704,0.143848,0.117055,0.183503,0.148382,0.153623,0.170057,0.142146,0.148966,0.150152,0.153359,0.175124,0.149776,0.160497,0.158257,0.168299,0.156984,0.179148,0.182921,0.161154,0.178064,0.196501,0.155615,0.195059,0.192977,0.183496,0.182719,0.187372,0.199855,0.190914,0.204346,0.219334,0.198282,0.219963,0.200313,0.206272,0.219472,0.261631,0.81242,0.898362,0.875995,0.406373,0.361037,0.358438,0.366219,0.368033,0.350357,0.342415,0.374653,0.351466,0.370254,0.351245,0.364218,0.364163,0.367373,0.361606,0.371626,0.348002,0.387677,0.384442,0.384134,0.39232,0.386356,0.378474,0.391769,0.39834,0.371645,0.396845,0.38599,0.401966,0.40769,0.388423,0.274657,0.292672,0.259642,0.271533,0.268998,0.246569,0.262887,0.279833,0.275856,0.311397,0.387664,0.394988,0.403,0.413456,0.410472,0.400493,0.405055,0.405947,0.413328,0.426302,0.411324,0.410612,0.415409,0.4233,0.417072,0.413888,0.41069,0.421084,0.420262,0.399858,0.412447,0.427006,0.41388,0.417509,0.408177,0.424022,0.427371,0.421987,0.420581,0.42259,0.423296,0.418302,0.411228,0.411096,0.436687,0.403634,0.42161,0.401888,0.440159,0.414822,0.409816,0.419651,0.429576,0.42523,0.423617,0.42571,0.428234,0.432269,0.41395,0.422743,0.417444,0.434647,0.416791,0.408608,0.428335,0.428254,0.415659,0.424039,0.427406,0.430647,0.422523,0.419661,0.419498,0.436835,0.420368,0.418288,0.414261,0.410692,0.419909,0.426998,0.413929,0.417073,0.415273,0.438629,0.411898,0.417115,0.406702,0.394387,0.410929,0.4198,0.402674,0.428737,0.402958,0.415846,0.419566,0.416247,0.396936,0.410698,0.384984,0.407903,0.400847,0.392239,0.396887,0.402379,0.393886,0.400683,0.400728,0.361557,0.387047,0.374421,0.379823,0.378841,0.378512,0.362801,0.376819,0.367492,0.387896,0.355902,0.361816,0.374688,0.381877,0.370351,0.373444,0.420112,0.885695,0.910225,0.825022,0.271099,0.233755,0.21282,0.213107,0.225871,0.212329,0.227354,0.213804,0.200084,0.211295,0.195475,0.189767,0.187983,0.200545,0.205533,0.166718,0.203192,0.189201,0.16989,0.191779,0.190096,0.164581,0.173813,0.165003,0.171283,0.155649,0.178298,0.164771,0.156836,0.154531,0.153285,0.175115,0.156765,0.156008,0.185256,0.124162,0.151825,0.138228,0.135182,0.127862,0.144856,0.115231,0.161577,0.101829,0.140626,0.140923,0.141004
0.155528,0.0798363,0.116182,0.119107,0.144038,0.118577,0.129606,0.135326,0.121836,0.152643,0.132543,0.139758,0.150542,0.137523,0.142954,0.144373,0.162133,0.149441,0.158885,0.176669,0.15223,0.140626,0.172064,0.166392,0.161415,0.174531,0.154432,0.194837,0.192572,0.172889,0.182497,0.195254,0.20139,0.16905,0.183356,0.174114,0.194376,0.191765,0.187996,0.185878,0.199685,0.194146,0.212626,0.201832,0.200071,0.207001,0.214348,0.196111,0.299998,0.872993,0.902483,0.829385,0.378706,0.357182,0.351357,0.36642,0.352024,0.358143,0.366791,0.362301,0.367395,0.356494,0.353657,0.38484,0.376826,0.378563,0.374065,0.380658,0.37845,0.36122,0.385658,0.378949,0.380626,0.399636,0.396559,0.375339,0.397595,0.419937,0.382232,0.388878,0.406337,0.3804,0.390858,0.381751,0.267911,0.275135,0.258197,0.293474,0.280788,0.362591,0.400932,0.394006,0.388112,0.414172,0.401356,0.412456,0.405948,0.415824,0.411129,0.396711,0.433144,0.421128,0.395991,0.417739,0.404485,0.417308,0.40766,0.396003,0.417688,0.429713,0.398671,0.4216,0.420308,0.407944,0.431366,0.407945,0.416221,0.430278,0.407305,0.402661,0.419581,0.426567,0.419612,0.408203,0.433018,0.425027,0.40727,0.433712,0.418453,0.43478,0.411034,0.427107,0.434098,0.411238,0.423814,0.431693,0.422745,0.405581,0.411712,0.436405,0.419388,0.413865,0.438863,0.409521,0.425421,0.428772,0.408847,0.433578,0.423784,0.404594,0.416478,0.425626,0.413815,0.424633,0.404852,0.4299,0.443331,0.407547,0.418863,0.426985,0.414818,0.423289,0.411228,0.42322,0.400847,0.411721,0.420841,0.39188,0.407705,0.428369,0.394066,0.408007,0.397493,0.412702,0.409764,0.394893,0.421071,0.402578,0.394562,0.430438,0.410383,0.386824,0.411457,0.41004,0.392163,0.394023,0.40327,0.371137,0.394227,0.391493,0.385883,0.389081,0.392076,0.394503,0.364896,0.37174,0.384885,0.37406,0.380028,0.369972,0.365775,0.383254,0.36308,0.369883,0.391909,0.839106,0.911532,0.889205,0.307084,0.209405,0.22315,0.21853,0.208048,0.216005,0.222616,0.203764,0.207738,0.195819,0.196071,0.20046,0.205901,0.18556,0.19415,0.176722,0.209914,0.202813,0.190107,0.182816,0.197547,0.201124,0.160503,0.183398,0.170346,0.170439,0.17984,0.149216,0.153151,0.186844,0.165881,0.153971,0.17431,0.152426,0.148627,0.146555,0.153555,0.14324,0.142104,0.157194,0.122773,0.144165,0.138478,0.125864,0.148943,0.125743,0.114688,0.0845041
0.114937,0.125956,0.140844,0.0830377,0.125937,0.121775,0.111599,0.106741,0.150425,0.107799,0.138756,0.137032,0.139482,0.136837,0.139819,0.141433,0.155818,0.141995,0.15226,0.149353,0.160495,0.142953,0.194833,0.155831,0.167264,0.197483,0.177258,0.175068,0.161395,0.170332,0.17582,0.176171,0.162592,0.205195,0.174044,0.168705,0.182867,0.180154,0.210726,0.183564,0.198375,0.18641,0.216665,0.198879,0.20467,0.226074,0.199693,0.194378,0.265987,0.853331,0.889742,0.863181,0.402713,0.342764,0.359779,0.363982,0.342524,0.372054,0.371423,0.349485,0.37089,0.359568,0.372807,0.360479,0.369378,0.362321,0.371609,0.35995,0.376408,0.382353,0.370595,0.382819,0.379979,0.379232,0.393679,0.389067,0.381935,0.371203,0.376135,0.413946,0.384457,0.398746,0.418884,0.406166,0.388438,0.414704,0.384079,0.402465,0.378175,0.413155,0.405734,0.385044,0.404874,0.407179,0.399051,0.421609,0.398055,0.404628,0.414662,0.426597,0.403276,0.398065,0.419128,0.417977,0.411308,0.410936,0.391969,0.411653,0.418614,0.419063,0.410119,0.411228,0.418682,0.43169,0.400263,0.409382,0.423286,0.409483,0.418739,0.411469,0.418293,0.430835,0.416515,0.416792,0.425201,0.436973,0.412988,0.401902,0.433522,0.404744,0.415056,0.439008,0.427062,0.41904,0.422084,0.435192,0.420378,0.414681,0.425565,0.415907,0.425824,0.417079,0.407276,0.436446,0.422763,0.419693,0.4182,0.42521,0.429178,0.418396,0.398485,0.418161,0.422176,0.423712,0.430376,0.406176,0.413681,0.434651,0.425717,0.411199,0.409455,0.428142,0.408821,0.419881,0.414238,0.396932,0.418705,0.424023,0.40104,0.418038,0.406426,0.433785,0.410327,0.416086,0.431692,0.408851,0.396251,0.422063,0.386025,0.384491,0.394324,0.399857,0.404359,0.392735,0.394274,0.390516,0.380863,0.396741,0.384847,0.373687,0.383652,0.376001,0.380183,0.373248,0.390102,0.37066,0.382165,0.359093,0.38411,0.38598,0.353841,0.373888,0.368033,0.353353,0.417611,0.873891,0.904092,0.85863,0.279666,0.205281,0.207733,0.239293,0.21347,0.205927,0.224793,0.198098,0.205774,0.194595,0.219169,0.188515,0.188953,0.179249,0.182585,0.213315,0.170204,0.188352,0.184983,0.17882,0.171865,0.181502,0.18322,0.204843,0.172494,0.162096,0.19791,0.154438,0.167569,0.152373,0.16233,0.150193,0.157378,0.145715,0.140776,0.141064,0.149073,0.139518,0.144161,0.12115,0.158685,0.112057,0.118475,0.125325,0.128863,0.0882338,0.151328,0.132572
0.116952,0.102236,0.107474,0.145697,0.132447,0.0955766,0.148129,0.12072,0.136529,0.113779,0.150277,0.105134,0.162027,0.138369,0.151663,0.153151,0.127196,0.147122,0.151433,0.143858,0.161006,0.158484,0.154107,0.143988,0.169302,0.172125,0.157416,0.16655,0.174303,0.200962,0.165133,0.178392,0.183706,0.162971,0.180236,0.189769,0.212436,0.193355,0.20911,0.205919,0.194126,0.221211,0.224777,0.204679,0.213935,0.202252,0.208973,0.204872,0.262852,0.812207,0.888291,0.886405,0.819871,0.387463,0.350922,0.35573,0.338317,0.357884,0.356011,0.355875,0.362352,0.349494,0.367562,0.350262,0.362026,0.376904,0.37383,0.367249,0.388258,0.374838,0.389791,0.360607,0.392333,0.398144,0.390353,0.389346,0.399129,0.387816,0.407268,0.395491,0.380352,0.398386,0.375394,0.394056,0.406246,0.391831,0.390952,0.407722,0.386775,0.394097,0.379082,0.414849,0.39346,0.396852,0.426615,0.403804,0.397752,0.399833,0.40934,0.403827,0.403722,0.423125,0.41315,0.400139,0.42119,0.402999,0.415962,0.423615,0.410578,0.408838,0.42078,0.412545,0.434238,0.411355,0.409008,0.420388,0.427994,0.425715,0.413283,0.423876,0.437006,0.406252,0.421427,0.410347,0.42267,0.404946,0.41569,0.440993,0.408419,0.439258,0.423472,0.407962,0.420695,0.416581,0.424301,0.410521,0.441483,0.423608,0.420267,0.429495,0.433689,0.429314,0.414633,0.417092,0.440871,0.421854,0.425623,0.418378,0.420257,0.433499,0.420423,0.41221,0.430222,0.410785,0.419208,0.433537,0.411346,0.413003,0.418926,0.408251,0.408579,0.409258,0.438512,0.406566,0.404062,0.427093,0.388539,0.407726,0.394382,0.423268,0.39965,0.402474,0.418726,0.403203,0.387048,0.409423,0.390601,0.407216,0.41748,0.403834,0.409722,0.404476,0.39936,0.409598,0.401828,0.376895,0.402264,0.385976,0.401896,0.380682,0.385342,0.386446,0.375173,0.36445,0.375722,0.362066,0.37308,0.371782,0.367945,0.369335,0.351594,0.368184,0.365905,0.398767,0.826243,0.898767,0.900493,0.824663,0.273918,0.211609,0.220614,0.209071,0.225612,0.215099,0.23621,0.230028,0.206135,0.210788,0.217428,0.203615,0.224677,0.198075,0.190629,0.172798,0.195107,0.182155,0.175211,0.206103,0.182966,0.175734,0.167471,0.180451,0.176765,0.155535,0.161792,0.165039,0.17469,0.148569,0.157897,0.158089,0.135872,0.163708,0.161554,0.142372,0.172825,0.115075,0.153531,0.113174,0.144103,0.127632,0.154095,0.107319,0.142048,0.150879,0.113944,0.110767
0.0819855,0.156515,0.100185,0.117775,0.089168,0.149952,0.118711,0.122894,0.141684,0.141774,0.122011,0.150476,0.126654,0.124363,0.135756,0.149105,0.147118,0.171372,0.148475,0.154754,0.152622,0.165104,0.15409,0.151308,0.170302,0.163278,0.193664,0.145553,0.179704,0.181795,0.16807,0.15664,0.189663,0.209089,0.189973,0.20565,0.178812,0.188526,0.190005,0.169805,0.193221,0.199788,0.200563,0.189633,0.218982,0.193183,0.184548,0.215988,0.214535,0.29618,0.830409,0.877277,0.854316,0.403144,0.342013,0.354239,0.35547,0.379041,0.354624,0.354354,0.369482,0.377409,0.364992,0.367912,0.373095,0.358322,0.355343,0.383754,0.356718,0.37685,0.36937,0.373629,0.382698,0.370674,0.378355,0.384556,0.375791,0.398536,0.395205,0.373666,0.397182,0.417792,0.380881,0.415567,0.390714,0.39467,0.419796,0.400759,0.399545,0.424656,0.394437,0.416968,0.383755,0.423884,0.39515,0.390387,0.412026,0.411166,0.415483,0.412077,0.419683,0.403253,0.418548,0.423934,0.394393,0.410821,0.420795,0.410807,0.411032,0.422123,0.395849,0.427846,0.421205,0.406517,0.426935,0.400952,0.416819,0.411209,0.404892,0.427967,0.418227,0.412295,0.411879,0.415695,0.422587,0.421225,0.415014,0.420101,0.43075,0.422347,0.418696,0.421498,0.424188,0.419237,0.415453,0.417725,0.41938,0.43009,0.411071,0.41285,0.423217,0.409829,0.431962,0.412278,0.43076,0.435525,0.400875,0.427832,0.420377,0.420377,0.427782,0.417764,0.40406,0.430306,0.427811,0.412657,0.428121,0.419231,0.425319,0.422309,0.421088,0.4,0.406692,0.433279,0.395029,0.425269,0.403647,0.436871,0.409668,0.413348,0.427992,0.408597,0.398377,0.428852,0.391156,0.42994,0.409016,0.386019,0.409329,0.404648,0.387961,0.395608,0.390568,0.385172,0.394782,0.384821,0.382517,0.390013,0.368359,0.395391,0.370654,0.371171,0.385602,0.381806,0.38,0.388622,0.386814,0.36503,0.367368,0.390023,0.365485,0.3653,0.353528,0.41447,0.865191,0.887947,0.837253,0.311503,0.220076,0.228307,0.195585,0.203959,0.228521,0.197805,0.209996,0.207858,0.201642,0.181888,0.201293,0.196922,0.183559,0.214196,0.196685,0.219437,0.198435,0.166396,0.17366,0.194957,0.182031,0.154208,0.198129,0.169023,0.178514,0.154848,0.165575,0.170747,0.154715,0.167245,0.15062,0.171946,0.149785,0.150131,0.143627,0.133362,0.127168,0.156596,0.13394,0.152377,0.145442,0.129199,0.120766,0.153586,0.0920504,0.12127,0.100171,0.159674
0.134507,0.0972818,0.112434,0.151809,0.110581,0.123664,0.0937346,0.152466,0.0982168,0.13942,0.123682,0.146533,0.124999,0.153716,0.14641,0.143656,0.132517,0.152801,0.170636,0.150315,0.154833,0.155925,0.161989,0.19054,0.157777,0.124145,0.187771,0.179867,0.150153,0.190182,0.1671,0.186745,0.181575,0.175478,0.189208,0.184421,0.177899,0.170236,0.187969,0.191227,0.198362,0.210811,0.190628,0.218116,0.18166,0.17846,0.229239,0.19981,0.201991,0.258305,0.837806,0.896492,0.877433,0.425357,0.348853,0.356092,0.345649,0.348367,0.347486,0.359449,0.370983,0.364048,0.367575,0.357113,0.372544,0.37256,0.377568,0.366841,0.38656,0.388211,0.364946,0.38404,0.38472,0.37751,0.384804,0.394261,0.383359,0.398846,0.393102,0.408414,0.398118,0.378073,0.391989,0.416935,0.368607,0.416527,0.400408,0.388801,0.403998,0.384116,0.399542,0.417787,0.392866,0.415411,0.407538,0.435145,0.406785,0.408108,0.407725,0.414472,0.404187,0.404783,0.426288,0.398627,0.411062,0.416467,0.405621,0.405054,0.403733,0.410223,0.421045,0.420855,0.392189,0.432186,0.410522,0.414326,0.427226,0.400096,0.434377,0.414577,0.416327,0.428557,0.419223,0.424983,0.41577,0.403279,0.426962,0.419995,0.414599,0.424082,0.428419,0.405184,0.416193,0.428502,0.423784,0.431473,0.420017,0.417861,0.436342,0.404577,0.432556,0.422451,0.414355,0.438244,0.397663,0.427331,0.427246,0.417271,0.409614,0.415982,0.413315,0.42505,0.418502,0.406756,0.433419,0.415059,0.410882,0.425603,0.416003,0.420312,0.412525,0.448479,0.417101,0.422379,0.40412,0.423685,0.413368,0.392764,0.417552,0.398844,0.413488,0.427314,0.379629,0.430234,0.401676,0.391883,0.409118,0.416958,0.407783,0.40591,0.398619,0.407751,0.397638,0.385338,0.400059,0.395358,0.37463,0.400738,0.401631,0.378606,0.388193,0.386546,0.38554,0.365785,0.380422,0.37769,0.379893,0.370963,0.359811,0.361355,0.356645,0.368676,0.356142,0.439692,0.890256,0.903794,0.854156,0.263109,0.216495,0.209781,0.232298,0.189657,0.191176,0.228413,0.202263,0.222647,0.205132,0.198155,0.197149,0.178289,0.192319,0.194745,0.197654,0.181471,0.18799,0.195753,0.177531,0.196051,0.162544,0.185819,0.197916,0.133544,0.16784,0.19897,0.162685,0.165337,0.158589,0.151587,0.181912,0.161874,0.141896,0.151295,0.147135,0.162395,0.139369,0.147506,0.127747,0.14247,0.0981027,0.156291,0.102923,0.127882,0.116248,0.161529,0.123478,0.10588
0.120181,0.0984231,0.130023,0.102639,0.125396,0.127299,0.118939,0.132013,0.12153,0.144682,0.125486,0.151471,0.120178,0.142491,0.149529,0.135829,0.159779,0.143391,0.112786,0.140072,0.161731,0.162847,0.135088,0.159649,0.169273,0.179161,0.157937,0.158024,0.181423,0.175655,0.197821,0.163193,0.194226,0.174316,0.202172,0.188191,0.165115,0.214739,0.182802,0.202393,0.198987,0.19245,0.209995,0.215384,0.193179,0.184737,0.205477,0.203424,0.19959,0.249459,0.789021,0.912902,0.903676,0.818593,0.369135,0.369508,0.341733,0.362325,0.357565,0.365611,0.36285,0.368633,0.358581,0.377619,0.361648,0.350361,0.358736,0.37888,0.350535,0.376358,0.367983,0.383089,0.38151,0.374901,0.384581,0.371691,0.397671,0.401177,0.385545,0.38709,0.401905,0.395089,0.400646,0.383114,0.386739,0.40945,0.369674,0.41452,0.392401,0.40049,0.400968,0.390043,0.413034,0.398664,0.415267,0.405961,0.403254,0.41413,0.402794,0.397044,0.403132,0.413757,0.393437,0.412803,0.420497,0.394841,0.413258,0.410725,0.417801,0.427369,0.415744,0.41006,0.426586,0.41921,0.416482,0.418444,0.420274,0.421508,0.431205,0.393364,0.430667,0.401597,0.427636,0.41615,0.411382,0.436336,0.407394,0.430236,0.406535,0.432885,0.413653,0.437299,0.410976,0.422418,0.430426,0.402349,0.440458,0.393559,0.43356,0.423211,0.430082,0.423073,0.423265,0.426542,0.432066,0.415647,0.425002,0.435763,0.423354,0.419161,0.424717,0.403059,0.428916,0.42169,0.399914,0.42102,0.415441,0.405446,0.414443,0.422327,0.414518,0.41724,0.423332,0.411194,0.419252,0.402509,0.409624,0.410928,0.405012,0.422998,0.381101,0.419621,0.398187,0.393917,0.410996,0.406133,0.410093,0.4022,0.391258,0.418174,0.405852,0.384423,0.393788,0.390625,0.390486,0.397265,0.380881,0.389282,0.358986,0.393791,0.370216,0.360574,0.375517,0.391965,0.369811,0.383723,0.378204,0.379722,0.368814,0.374794,0.354189,0.38114,0.382432,0.826759,0.912007,0.924607,0.799808,0.259312,0.208354,0.212367,0.221928,0.191758,0.203551,0.22359,0.216394,0.203193,0.209657,0.212118,0.190138,0.22429,0.168416,0.195388,0.210244,0.185854,0.201571,0.169785,0.206246,0.180359,0.188325,0.166064,0.162517,0.1854,0.172523,0.168972,0.140595,0.16634,0.175947,0.14294,0.114755,0.151257,0.160145,0.147042,0.162741,0.142679,0.125902,0.160994,0.124418,0.151411,0.131374,0.133112,0.126212,0.139895,0.129625,0.104669,0.133739,0.0986029
0.115438,0.108431,0.144262,0.124153,0.141332,0.067039,0.154073,0.10888,0.127847,0.121963,0.143691,0.113459,0.146182,0.131291,0.123521,0.131095,0.165004,0.126368,0.158173,0.141903,0.159025,0.143284,0.171899,0.177389,0.147957,0.17498,0.175686,0.179051,0.191113,0.161973,0.181232,0.175935,0.154125,0.176385,0.181207,0.195944,0.184819,0.183988,0.171234,0.196851,0.186429,0.213356,0.202793,0.223001,0.164361,0.224843,0.208271,0.212582,0.211637,0.200164,0.299126,0.871175,0.912537,0.864178,0.400789,0.359508,0.358076,0.355065,0.345546,0.348597,0.36061,0.357066,0.355143,0.361678,0.358616,0.370497,0.369429,0.379054,0.377526,0.375136,0.366653,0.406808,0.372249,0.374614,0.392587,0.387777,0.385711,0.388778,0.386162,0.409623,0.393621,0.406185,0.40309,0.394622,0.421575,0.400602,0.398551,0.423246,0.368251,0.429814,0.396075,0.403026,0.396787,0.405282,0.418181,0.391815,0.404825,0.402095,0.42701,0.406028,0.417689,0.407329,0.419107,0.424077,0.396303,0.433376,0.419115,0.402039,0.415272,0.418639,0.416472,0.42078,0.410196,0.411138,0.425192,0.40324,0.417238,0.435109,0.403949,0.408653,0.423161,0.420707,0.418454,0.406013,0.442352,0.430911,0.395199,0.428441,0.411122,0.429312,0.399579,0.431511,0.44463,0.409746,0.424138,0.421754,0.429882,0.411966,0.402713,0.438516,0.425686,0.408891,0.430466,0.420397,0.414621,0.428246,0.422035,0.428077,0.421588,0.409179,0.429748,0.440545,0.406542,0.433004,0.425542,0.417569,0.424511,0.415025,0.43955,0.409823,0.414876,0.403496,0.427121,0.417041,0.406737,0.412993,0.404438,0.439436,0.375453,0.434189,0.406976,0.411605,0.430746,0.404105,0.414423,0.419094,0.407977,0.422952,0.398009,0.399732,0.394294,0.403137,0.403102,0.386466,0.384593,0.416606,0.38042,0.386927,0.390102,0.390471,0.386088,0.385074,0.368024,0.374042,0.369811,0.367498,0.369192,0.358237,0.356133,0.367759,0.370156,0.366694,0.415694,0.8752,0.922319,0.883683,0.303399,0.21523,0.221162,0.219339,0.215866,0.235367,0.172898,0.234774,0.216162,0.219136,0.19606,0.207514,0.179457,0.193631,0.196404,0.203734,0.19162,0.183821,0.163099,0.18274,0.188908,0.173052,0.194336,0.188387,0.185925,0.179965,0.154133,0.179907,0.182514,0.150513,0.16172,0.154439,0.163548,0.132475,0.17861,0.130556,0.128425,0.140491,0.142137,0.119004,0.15235,0.12733,0.133925,0.120127,0.153013,0.0677696,0.149075,0.129933,0.148772,0.113646
0.0679352,0.130686,0.131271,0.106323,0.127309,0.120204,0.132215,0.062906,0.169526,0.107359,0.136094,0.130509,0.149042,0.117641,0.155956,0.154035,0.151462,0.146979,0.155763,0.174142,0.145032,0.141927,0.155495,0.148474,0.161533,0.190278,0.130935,0.175235,0.163647,0.160698,0.164891,0.176352,0.182528,0.155937,0.185061,0.150637,0.200483,0.203083,0.182146,0.218106,0.187856,0.205176,0.189367,0.200179,0.199303,0.205303,0.201654,0.192543,0.220972,0.190171,0.237098,0.821447,0.898451,0.892391,0.832849,0.389906,0.339842,0.363259,0.354404,0.376275,0.364044,0.365328,0.362156,0.389598,0.371164,0.374049,0.360043,0.365194,0.364632,0.365346,0.375503,0.366387,0.372172,0.387571,0.383215,0.381413,0.397094,0.378746,0.384756,0.390162,0.378222,0.388719,0.386292,0.388722,0.398276,0.380233,0.405027,0.386817,0.383365,0.412775,0.384061,0.407551,0.398949,0.405993,0.392132,0.432645,0.410557,0.40451,0.4132,0.390764,0.413547,0.378029,0.414459,0.402721,0.416925,0.414475,0.39117,0.420134,0.421062,0.383487,0.416709,0.409034,0.41887,0.408874,0.403148,0.416699,0.422073,0.415236,0.426886,0.421045,0.41551,0.43368,0.391169,0.428536,0.414895,0.424144,0.425795,0.40945,0.455457,0.413419,0.42533,0.424845,0.417682,0.432418,0.393658,0.437743,0.420524,0.423543,0.427188,0.417847,0.43126,0.421434,0.408504,0.413318,0.42657,0.418238,0.420983,0.395034,0.427431,0.427295,0.397123,0.421524,0.425972,0.415877,0.419579,0.386819,0.419732,0.404107,0.423196,0.414164,0.422303,0.439532,0.405717,0.413773,0.410206,0.415422,0.392832,0.422466,0.391495,0.399395,0.41507,0.39086,0.409845,0.403836,0.398236,0.401005,0.391006,0.397483,0.396829,0.387532,0.411931,0.39106,0.394525,0.397787,0.382615,0.380557,0.386328,0.378374,0.377701,0.378192,0.368004,0.385422,0.385378,0.401176,0.371195,0.377426,0.37976,0.389286,0.367341,0.374713,0.351222,0.404837,0.840904,0.901939,0.91081,0.830517,0.250834,0.196593,0.230825,0.206706,0.209787,0.213977,0.210107,0.20712,0.198357,0.214258,0.194856,0.224437,0.192455,0.205762,0.209222,0.160564,0.194098,0.162154,0.191828,0.184956,0.169919,0.166051,0.171708,0.18086,0.137778,0.195451,0.172576,0.156771,0.157861,0.148605,0.150073,0.181296,0.165729,0.150143,0.156397,0.163886,0.159904,0.123181,0.162761,0.133397,0.144975,0.117233,0.171633,0.0708898,0.146709,0.119645,0.130679,0.112189,0.139127,0.14086
0.119179,0.140357,0.0646027,0.159356,0.0930821,0.115922,0.105979,0.165088,0.118336,0.119101,0.15783,0.135177,0.136537,0.156578,0.14709,0.155496,0.147669,0.159239,0.137036,0.144203,0.13198,0.181962,0.15919,0.139782,0.16969,0.163161,0.150669,0.164907,0.174476,0.151794,0.170392,0.196035,0.181291,0.166235,0.177066,0.211223,0.194352,0.174504,0.183836,0.183813,0.193182,0.175952,0.191571,0.195557,0.173408,0.198249,0.200111,0.227666,0.200158,0.193247,0.237372,0.317283,0.847149,0.885955,0.860169,0.414158,0.351843,0.346311,0.351409,0.356338,0.343045,0.343689,0.361703,0.359926,0.350185,0.361249,0.357146,0.381069,0.364102,0.380132,0.373927,0.3771,0.384278,0.394383,0.375373,0.385481,0.394347,0.386892,0.391943,0.375024,0.400882,0.403263,0.390045,0.410988,0.394643,0.41331,0.408129,0.400487,0.418775,0.403714,0.409349,0.407384,0.396978,0.412652,0.411016,0.407356,0.385266,0.420381,0.406247,0.391917,0.397343,0.418723,0.420433,0.395908,0.407063,0.418922,0.420024,0.417858,0.386542,0.420937,0.422094,0.414428,0.420937,0.409729,0.425671,0.425116,0.398173,0.419382,0.412218,0.425237,0.421165,0.413287,0.422565,0.411923,0.427754,0.414888,0.421958,0.417796,0.421299,0.418738,0.424458,0.41214,0.428616,0.418258,0.422842,0.416826,0.427795,0.42837,0.410425,0.426305,0.403783,0.430852,0.430349,0.412852,0.432061,0.420316,0.430243,0.427176,0.39355,0.42534,0.429541,0.424519,0.417385,0.403405,0.432367,0.425043,0.406054,0.4035,0.4154,0.432752,0.391928,0.417301,0.419662,0.420242,0.407845,0.418802,0.418923,0.413422,0.431127,0.407237,0.421913,0.419332,0.410826,0.417776,0.401742,0.411346,0.413085,0.386009,0.406459,0.396644,0.405488,0.39976,0.381989,0.407326,0.396366,0.38753,0.388275,0.390038,0.377562,0.391648,0.370361,0.377151,0.362391,0.371094,0.375429,0.355923,0.352147,0.366253,0.361557,0.355703,0.363897,0.424594,0.869768,0.898528,0.857897,0.324001,0.249492,0.201529,0.211344,0.234076,0.210245,0.206606,0.181952,0.208593,0.198405,0.188684,0.205071,0.190586,0.189356,0.189537,0.200782,0.219944,0.182668,0.178076,0.18383,0.203936,0.180469,0.159399,0.183117,0.171492,0.156378,0.171915,0.170878,0.149115,0.165231,0.190918,0.14092,0.145346,0.143248,0.168851,0.147339,0.159397,0.155252,0.161038,0.141228,0.145975,0.156536,0.129878,0.129959,0.164245,0.107359,0.123766,0.0952699,0.160183,0.0723459,0.141819
0.0942598,0.121348,0.149865,0.124829,0.0762192,0.150152,0.0899651,0.128977,0.107943,0.179718,0.0865294,0.12617,0.135113,0.126107,0.126662,0.135075,0.100646,0.141542,0.133631,0.155208,0.15719,0.142395,0.159018,0.160589,0.172804,0.141916,0.162267,0.178082,0.185326,0.16969,0.161309,0.176565,0.161867,0.167419,0.182053,0.161862,0.1977,0.180793,0.189567,0.193783,0.19205,0.237737,0.194479,0.217656,0.191894,0.217937,0.209616,0.213558,0.200306,0.196176,0.22393,0.263449,0.80311,0.875121,0.880394,0.440666,0.356681,0.356791,0.362905,0.358607,0.347273,0.374121,0.377918,0.364512,0.368963,0.366713,0.368064,0.368453,0.373354,0.357137,0.363865,0.367662,0.371559,0.368124,0.376562,0.403319,0.36352,0.384031,0.399308,0.396969,0.390763,0.374947,0.390943,0.392823,0.384708,0.390462,0.372102,0.397413,0.401323,0.378206,0.406449,0.388708,0.400679,0.415756,0.399855,0.384375,0.427765,0.391654,0.398897,0.408612,0.40597,0.410381,0.426494,0.41407,0.413651,0.404641,0.406479,0.423615,0.414893,0.42547,0.402217,0.445948,0.419063,0.403305,0.431753,0.400963,0.41542,0.397515,0.4233,0.437318,0.414866,0.418465,0.435838,0.416705,0.405527,0.417823,0.425106,0.42955,0.405387,0.42965,0.424804,0.416796,0.406723,0.421128,0.436854,0.422855,0.421876,0.439363,0.422377,0.40565,0.422785,0.403127,0.437165,0.408208,0.429042,0.449953,0.410585,0.432613,0.420457,0.433563,0.416258,0.414329,0.419199,0.422194,0.437344,0.418724,0.415466,0.41949,0.406499,0.402503,0.438205,0.392349,0.408764,0.426685,0.412695,0.401035,0.417537,0.388139,0.409884,0.406292,0.379349,0.40322,0.390855,0.405463,0.401302,0.391175,0.400709,0.409952,0.411052,0.394228,0.374044,0.414648,0.390766,0.378337,0.382705,0.381157,0.373926,0.370923,0.384309,0.381307,0.382135,0.374022,0.378454,0.376157,0.390619,0.385563,0.359542,0.37055,0.374818,0.368581,0.370244,0.448511,0.894165,0.884295,0.811438,0.278363,0.230022,0.208514,0.207934,0.223871,0.220299,0.226523,0.199324,0.225774,0.202398,0.244936,0.197544,0.20422,0.196828,0.188209,0.207292,0.171435,0.192871,0.171833,0.170957,0.18143,0.168229,0.175524,0.190542,0.18923,0.166757,0.147894,0.182379,0.169273,0.169617,0.146571,0.162716,0.167607,0.136322,0.147729,0.115204,0.140587,0.130877,0.133748,0.141644,0.127774,0.092551,0.177911,0.11152,0.142194,0.0934761,0.158033,0.0913189,0.130548,0.150434,0.127717
0.15475,0.0844674,0.130783,0.102567,0.149637,0.127104,0.0996484,0.167807,0.105914,0.112709,0.10572,0.156395,0.105193,0.144447,0.111117,0.149234,0.149621,0.158678,0.153943,0.142103,0.158414,0.149804,0.141715,0.147298,0.155525,0.160899,0.186937,0.152144,0.154685,0.150934,0.17357,0.173828,0.182599,0.192099,0.163,0.185395,0.184335,0.190533,0.194631,0.188122,0.202332,0.171905,0.194004,0.174309,0.17441,0.1934,0.21835,0.199089,0.18322,0.214597,0.225211,0.199589,0.288483,0.853521,0.898961,0.833125,0.380799,0.351177,0.362479,0.341769,0.35817,0.366118,0.353154,0.366454,0.354634,0.364091,0.381769,0.376491,0.373288,0.375894,0.379296,0.367789,0.385945,0.376628,0.389426,0.384308,0.390836,0.396186,0.385368,0.386536,0.407561,0.383872,0.392891,0.393533,0.389544,0.410612,0.398284,0.38935,0.391617,0.396112,0.397132,0.398586,0.396849,0.404509,0.408669,0.397461,0.42386,0.392646,0.432985,0.412222,0.395259,0.414036,0.406802,0.391531,0.421406,0.419116,0.426477,0.398524,0.406928,0.413953,0.423199,0.400173,0.399177,0.410223,0.419439,0.409392,0.410655,0.413537,0.446807,0.4293,0.39388,0.432495,0.386293,0.430363,0.414051,0.416583,0.444524,0.401043,0.430818,0.403882,0.439117,0.418249,0.416092,0.431581,0.389695,0.433621,0.403619,0.429648,0.450706,0.418706,0.417955,0.411475,0.424367,0.419825,0.404935,0.405727,0.431685,0.422599,0.412773,0.406773,0.435623,0.428731,0.425962,0.398103,0.418358,0.421193,0.410326,0.415613,0.444637,0.398253,0.434399,0.40663,0.419801,0.412884,0.410157,0.408371,0.408485,0.407743,0.39884,0.401681,0.405636,0.422337,0.398131,0.405785,0.404713,0.39713,0.416162,0.398934,0.392168,0.408865,0.40334,0.394819,0.398644,0.389824,0.399031,0.375702,0.392638,0.388269,0.385345,0.38962,0.391733,0.375873,0.367882,0.379755,0.364936,0.377435,0.369834,0.352515,0.371485,0.362924,0.386751,0.844787,0.90816,0.865171,0.29961,0.210948,0.232773,0.225175,0.192515,0.207202,0.226794,0.202338,0.186348,0.180766,0.207748,0.180722,0.215276,0.193324,0.205944,0.193792,0.195864,0.188915,0.169384,0.200044,0.192116,0.181244,0.177606,0.164388,0.156814,0.157651,0.196753,0.167838,0.161525,0.150267,0.146969,0.157903,0.159234,0.152999,0.160709,0.15876,0.154005,0.157042,0.118048,0.151524,0.107644,0.165352,0.118021,0.119432,0.10738,0.171854,0.112514,0.126866,0.148853,0.105465,0.136363,0.0916556
0.100592,0.101137,0.149559,0.0669519,0.134362,0.0848069,0.158295,0.108118,0.145904,0.133311,0.133519,0.136483,0.15449,0.164119,0.162006,0.146362,0.149548,0.141638,0.156894,0.139547,0.163474,0.128801,0.166735,0.156769,0.161874,0.146112,0.160216,0.152977,0.171362,0.184965,0.165077,0.173619,0.160233,0.193115,0.150549,0.149317,0.199151,0.173067,0.185162,0.16937,0.189613,0.17781,0.183886,0.194241,0.187778,0.2039,0.195137,0.173831,0.207734,0.201841,0.201308,0.201483,0.258718,0.844696,0.917231,0.847376,0.416871,0.36934,0.373828,0.351049,0.367347,0.357,0.363271,0.359667,0.382913,0.355421,0.369029,0.357087,0.368621,0.353511,0.358521,0.368514,0.360634,0.368123,0.381317,0.369636,0.380337,0.385809,0.382245,0.396331,0.391276,0.406478,0.403989,0.396648,0.414281,0.394527,0.382515,0.424399,0.416927,0.403409,0.40653,0.410918,0.404216,0.410772,0.406109,0.410765,0.405456,0.391125,0.400974,0.384565,0.427527,0.40298,0.401952,0.425274,0.404036,0.404856,0.401395,0.403219,0.410487,0.415481,0.403853,0.412978,0.412148,0.421412,0.403518,0.429104,0.410457,0.431666,0.409034,0.40937,0.416736,0.405323,0.420946,0.428633,0.426096,0.435956,0.420075,0.409498,0.409127,0.408206,0.420239,0.434446,0.429695,0.430161,0.420857,0.409688,0.424525,0.409705,0.414496,0.435697,0.417747,0.429533,0.411874,0.429476,0.418767,0.418942,0.41194,0.42145,0.420917,0.41107,0.407438,0.413342,0.412377,0.431942,0.411774,0.412023,0.437488,0.393496,0.410265,0.39944,0.416233,0.422489,0.416892,0.421229,0.414058,0.420239,0.417237,0.413083,0.424842,0.436702,0.394244,0.40397,0.424477,0.40766,0.416548,0.415124,0.402125,0.406362,0.396876,0.396331,0.389163,0.38282,0.39323,0.378678,0.372621,0.382411,0.368898,0.368296,0.379053,0.367428,0.381498,0.367825,0.395361,0.369574,0.372131,0.368305,0.377364,0.364417,0.386541,0.378739,0.4271,0.85995,0.924516,0.855033,0.271556,0.205951,0.218567,0.207731,0.216684,0.187343,0.200399,0.21331,0.19631,0.20177,0.189648,0.185237,0.195022,0.178564,0.196035,0.186792,0.203077,0.159856,0.154823,0.203676,0.163297,0.181165,0.172057,0.18713,0.184619,0.156417,0.166814,0.157607,0.170023,0.168281,0.169249,0.13702,0.173292,0.137474,0.168499,0.149129,0.151735,0.151213,0.166911,0.169751,0.157785,0.138547,0.136401,0.141018,0.154733,0.11213,0.162118,0.0925917,0.137845,0.074212,0.157394,0.105545
0.0913908,0.0987562,0.0933354,0.110537,0.161086,0.0862395,0.142275,0.107518,0.16158,0.0769723,0.160247,0.116608,0.134904,0.10493,0.149541,0.123278,0.15471,0.11819,0.1283,0.130171,0.15494,0.157459,0.144691,0.168746,0.141634,0.15678,0.180273,0.167666,0.156962,0.155305,0.175452,0.147122,0.18463,0.178045,0.177433,0.192473,0.172907,0.174192,0.183621,0.197213,0.193986,0.182274,0.218984,0.176492,0.205567,0.199547,0.21409,0.193453,0.19132,0.199828,0.218703,0.201214,0.240577,0.804824,0.908039,0.891307,0.810555,0.390757,0.360654,0.351901,0.364271,0.340215,0.355066,0.360671,0.350047,0.361146,0.377366,0.345986,0.375995,0.365191,0.38671,0.394399,0.373541,0.377544,0.376623,0.390222,0.393908,0.365481,0.388225,0.380734,0.376376,0.383194,0.373603,0.39283,0.386714,0.374461,0.418963,0.375841,0.383056,0.39913,0.382147,0.390473,0.40733,0.392136,0.404869,0.404303,0.38868,0.430696,0.396916,0.400151,0.408987,0.39591,0.422459,0.422341,0.389362,0.442975,0.412271,0.402573,0.418029,0.417311,0.420451,0.418339,0.401702,0.414816,0.411748,0.413163,0.422887,0.40521,0.411547,0.417393,0.422705,0.416287,0.4373,0.405473,0.41555,0.411456,0.40573,0.433574,0.424195,0.43055,0.407851,0.411439,0.419588,0.407299,0.435477,0.418515,0.429467,0.420369,0.41369,0.413857,0.4276,0.417404,0.418191,0.422875,0.405025,0.42645,0.425049,0.426327,0.427448,0.409795,0.41428,0.452077,0.398807,0.43202,0.428444,0.406536,0.413695,0.411917,0.403943,0.438898,0.397059,0.415552,0.414086,0.401354,0.417282,0.402055,0.395091,0.408501,0.396191,0.38628,0.429413,0.382945,0.396485,0.402894,0.384856,0.393191,0.387531,0.393036,0.398057,0.378337,0.404581,0.399748,0.389337,0.389729,0.386078,0.404304,0.400858,0.372488,0.387925,0.360827,0.385478,0.37471,0.358915,0.373435,0.368151,0.348828,0.375338,0.361636,0.37263,0.398846,0.823949,0.898574,0.917469,0.815967,0.248118,0.215264,0.223614,0.210895,0.200729,0.197575,0.227061,0.209149,0.209633,0.191272,0.225353,0.195833,0.198349,0.207208,0.185338,0.183971,0.178619,0.199312,0.18636,0.18464,0.193605,0.151386,0.188215,0.161648,0.163224,0.174761,0.18293,0.16234,0.148539,0.174933,0.15099,0.159415,0.161642,0.138642,0.128833,0.127648,0.161578,0.12885,0.159695,0.111947,0.145391,0.124059,0.162825,0.0803991,0.168667,0.113124,0.147515,0.0893958,0.169509,0.11544,0.0972209,0.105945
0.0840357,0.17299,0.0799708,0.149283,0.0665837,0.145907,0.141242,0.0995028,0.106373,0.122826,0.148933,0.0935047,0.160891,0.126759,0.137462,0.107834,0.151507,0.137649,0.15997,0.146612,0.134101,0.145815,0.125775,0.163047,0.152965,0.151771,0.16225,0.151508,0.169766,0.162029,0.161482,0.170831,0.177779,0.184888,0.159523,0.190739,0.16975,0.20142,0.192831,0.173464,0.193239,0.188731,0.205032,0.178774,0.197881,0.230716,0.219396,0.186694,0.193697,0.199497,0.229688,0.187169,0.193781,0.298368,0.867357,0.884496,0.871331,0.40828,0.349757,0.357698,0.377672,0.34809,0.36817,0.360077,0.372055,0.379997,0.368531,0.358721,0.366387,0.368294,0.371237,0.361532,0.358477,0.36894,0.362748,0.360396,0.390257,0.379346,0.388451,0.367865,0.394202,0.397302,0.411485,0.401192,0.391596,0.409152,0.40167,0.401771,0.420291,0.395774,0.407416,0.40342,0.407325,0.390616,0.414751,0.40199,0.400003,0.411743,0.391889,0.422387,0.414141,0.416812,0.412999,0.407453,0.400186,0.410574,0.38679,0.441087,0.422715,0.401274,0.423421,0.407778,0.416255,0.422084,0.403435,0.421347,0.43167,0.412392,0.417607,0.404458,0.410384,0.428636,0.411712,0.430783,0.410784,0.411752,0.417847,0.422284,0.436463,0.422019,0.414418,0.418684,0.412094,0.430242,0.41217,0.428915,0.416811,0.408779,0.420119,0.419156,0.43851,0.424243,0.409736,0.429713,0.421994,0.415999,0.428883,0.407805,0.430727,0.446693,0.394409,0.415904,0.41087,0.415497,0.420696,0.424636,0.420304,0.435195,0.402517,0.418748,0.411704,0.410042,0.421738,0.401089,0.41584,0.413842,0.418,0.405052,0.43426,0.410686,0.412954,0.418358,0.401564,0.412516,0.421603,0.409267,0.404997,0.377812,0.401377,0.390452,0.401949,0.372732,0.371537,0.380064,0.370785,0.372223,0.381062,0.383676,0.376288,0.368674,0.382995,0.390169,0.382819,0.368805,0.382809,0.358574,0.387598,0.366875,0.357431,0.421888,0.880146,0.894135,0.881291,0.306203,0.202573,0.199248,0.237648,0.209783,0.205306,0.195656,0.224904,0.23927,0.207382,0.183344,0.217326,0.191677,0.202997,0.185038,0.205596,0.202184,0.183277,0.192059,0.170985,0.190209,0.1866,0.175921,0.165478,0.177493,0.171438,0.160632,0.171831,0.160194,0.1589,0.166634,0.133017,0.153693,0.136846,0.155693,0.16588,0.1429,0.159757,0.112752,0.135171,0.133221,0.158991,0.10113,0.156066,0.126998,0.114401,0.103176,0.143256,0.153696,0.0707526,0.153066,0.0839754,0.174725
0.118626,0.0905305,0.0776278,0.150691,0.0921672,0.150045,0.067329,0.139557,0.139651,0.135629,0.128048,0.157289,0.136368,0.123947,0.138665,0.154517,0.120574,0.134747,0.146023,0.153083,0.125668,0.165026,0.148417,0.143812,0.14357,0.187667,0.157032,0.161535,0.14027,0.188294,0.193823,0.156334,0.170868,0.17471,0.182619,0.15686,0.16185,0.181765,0.191761,0.201242,0.18725,0.204149,0.199377,0.188611,0.204067,0.206116,0.212351,0.166202,0.18855,0.192675,0.21409,0.177935,0.206067,0.260372,0.805245,0.864328,0.896637,0.828279,0.375327,0.350927,0.366494,0.340479,0.36902,0.337643,0.367583,0.340881,0.346118,0.361773,0.379139,0.355485,0.375277,0.376301,0.375376,0.388008,0.378757,0.397453,0.37954,0.377809,0.380132,0.380426,0.38541,0.377227,0.369766,0.36816,0.388109,0.380473,0.37058,0.403459,0.381367,0.393921,0.387267,0.386567,0.41095,0.397655,0.398002,0.412626,0.405736,0.392476,0.408893,0.381818,0.390126,0.404452,0.405045,0.397753,0.416581,0.39572,0.415125,0.416462,0.392419,0.412805,0.425667,0.391701,0.431926,0.405317,0.411829,0.423766,0.408426,0.425226,0.411477,0.415366,0.418915,0.410995,0.433724,0.416866,0.420927,0.410501,0.419327,0.427361,0.425821,0.425325,0.417009,0.4166,0.42102,0.417819,0.431042,0.41553,0.422252,0.418923,0.415767,0.430737,0.414877,0.426434,0.418712,0.410571,0.435785,0.399319,0.43304,0.419536,0.398414,0.422297,0.4262,0.400382,0.426967,0.404768,0.413989,0.413578,0.397695,0.391296,0.418312,0.402733,0.41533,0.42129,0.406243,0.408976,0.41883,0.39635,0.398298,0.405342,0.388361,0.414601,0.382196,0.389182,0.399134,0.381432,0.379207,0.389593,0.395551,0.390473,0.391271,0.390609,0.386121,0.409903,0.387221,0.403141,0.38347,0.391436,0.385825,0.364213,0.392553,0.371277,0.357938,0.3498,0.379157,0.351322,0.374072,0.354446,0.378044,0.360918,0.387789,0.839231,0.904176,0.875954,0.81132,0.269898,0.218784,0.18425,0.224311,0.20234,0.193804,0.179514,0.222952,0.20862,0.21647,0.195392,0.209965,0.214194,0.198515,0.200418,0.20339,0.190188,0.165479,0.165652,0.185038,0.188303,0.177321,0.16857,0.199431,0.190466,0.150144,0.164532,0.166062,0.192648,0.148554,0.149601,0.15148,0.176336,0.132295,0.156728,0.157222,0.134747,0.126359,0.162987,0.147302,0.130404,0.14752,0.158002,0.134045,0.141887,0.140655,0.14644,0.0782403,0.154222,0.0924371,0.154679,0.081331,0.0989245
0.121758,0.0982638,0.146977,0.0872687,0.0886956,0.15721,0.1174,0.139847,0.0914329,0.160264,0.105757,0.146155,0.101636,0.165998,0.100037,0.135062,0.131436,0.172546,0.109509,0.170416,0.136823,0.157048,0.162515,0.165843,0.167104,0.127907,0.14921,0.167052,0.165498,0.173135,0.145524,0.171299,0.172087,0.181222,0.197398,0.184569,0.182884,0.211088,0.200756,0.184795,0.201267,0.188549,0.213045,0.167845,0.20823,0.190808,0.185763,0.176055,0.207953,0.221997,0.194231,0.180739,0.222351,0.229393,0.295192,0.842757,0.914027,0.857236,0.42603,0.351182,0.357976,0.347136,0.374063,0.344641,0.36102,0.371,0.378592,0.381385,0.352518,0.355776,0.365786,0.367082,0.359418,0.36615,0.381134,0.383987,0.368619,0.395393,0.383566,0.387057,0.394993,0.378976,0.407829,0.387544,0.390555,0.389613,0.399531,0.403098,0.375698,0.399917,0.399744,0.393061,0.376062,0.398431,0.401265,0.412929,0.398761,0.394933,0.405552,0.405841,0.418679,0.410975,0.400572,0.407837,0.424818,0.40059,0.413453,0.402299,0.41264,0.42471,0.412612,0.410583,0.411967,0.402478,0.429402,0.402644,0.408649,0.421661,0.400001,0.429828,0.423461,0.411297,0.416753,0.402244,0.430732,0.421795,0.407547,0.422602,0.404054,0.420548,0.408594,0.427384,0.430101,0.404252,0.414222,0.413713,0.426862,0.432623,0.403378,0.427811,0.414291,0.405809,0.437368,0.408433,0.416302,0.418558,0.417401,0.432583,0.417699,0.408615,0.423236,0.406855,0.432438,0.413179,0.410145,0.42152,0.427433,0.412202,0.413343,0.408189,0.407834,0.42302,0.409272,0.40669,0.386253,0.404936,0.406963,0.410789,0.386004,0.413315,0.412212,0.400698,0.400544,0.398113,0.417757,0.390879,0.40195,0.398707,0.394546,0.402785,0.382905,0.395698,0.3919,0.376322,0.371198,0.373524,0.377987,0.366477,0.365136,0.391354,0.390203,0.380061,0.371481,0.35769,0.384814,0.355571,0.367442,0.361296,0.436518,0.866187,0.92098,0.858419,0.303331,0.235225,0.231681,0.190328,0.203862,0.229791,0.220008,0.185122,0.192879,0.202087,0.212649,0.179901,0.216456,0.195074,0.209239,0.199827,0.200458,0.225089,0.183848,0.195721,0.201958,0.188992,0.176334,0.17684,0.158093,0.177436,0.173224,0.174746,0.154924,0.133719,0.170872,0.174856,0.171419,0.16179,0.145956,0.172839,0.112906,0.184062,0.133647,0.139478,0.107448,0.17108,0.102283,0.153352,0.107966,0.16593,0.101262,0.140214,0.120265,0.163836,0.0975989,0.0932405,0.15332,0.101013
0.145876,0.0568005,0.142662,0.0875279,0.171143,0.0925401,0.108789,0.125377,0.12229,0.130115,0.105069,0.153345,0.107831,0.130295,0.111668,0.165782,0.120376,0.14364,0.143236,0.158099,0.144513,0.147094,0.150664,0.120663,0.164542,0.164584,0.174544,0.168936,0.150921,0.167118,0.178363,0.178316,0.182511,0.16902,0.186168,0.18071,0.178477,0.175472,0.181952,0.213057,0.196854,0.184508,0.179871,0.195185,0.209287,0.216613,0.216435,0.186648,0.212624,0.196781,0.206981,0.18883,0.21117,0.203016,0.239394,0.8064,0.903535,0.865374,0.836505,0.371435,0.339512,0.364895,0.37681,0.358368,0.374775,0.336416,0.358736,0.358475,0.354918,0.380798,0.362711,0.358762,0.382781,0.389058,0.389476,0.366904,0.379908,0.382788,0.380109,0.398693,0.393477,0.374634,0.404908,0.377127,0.406351,0.388809,0.386555,0.38716,0.40827,0.415522,0.398118,0.409189,0.418357,0.409442,0.39237,0.416185,0.405985,0.401978,0.399372,0.40151,0.391655,0.418333,0.423332,0.40649,0.405395,0.422446,0.411668,0.41019,0.410837,0.418996,0.400644,0.42072,0.394847,0.420535,0.412549,0.408707,0.425807,0.407985,0.41516,0.421436,0.416511,0.419767,0.416711,0.413612,0.426368,0.412965,0.421492,0.420989,0.420027,0.421251,0.424582,0.418797,0.426382,0.413804,0.419981,0.416353,0.420546,0.424584,0.416703,0.413435,0.431865,0.409627,0.420792,0.427684,0.398737,0.427407,0.406698,0.42717,0.417381,0.416891,0.42075,0.429217,0.415078,0.411135,0.433869,0.427511,0.402278,0.406859,0.407109,0.415432,0.412651,0.428211,0.398874,0.421286,0.427631,0.419008,0.408527,0.423927,0.419375,0.399163,0.398565,0.400809,0.417338,0.389401,0.411901,0.383917,0.405257,0.406966,0.394454,0.390632,0.390009,0.375134,0.400862,0.396469,0.39619,0.3691,0.377043,0.392435,0.363971,0.367954,0.367044,0.352181,0.385301,0.363725,0.388221,0.375297,0.346974,0.384188,0.843936,0.87645,0.918141,0.809028,0.254034,0.214835,0.216735,0.198716,0.21391,0.204368,0.221996,0.193462,0.223818,0.224438,0.215995,0.204796,0.191893,0.197129,0.198129,0.222784,0.189417,0.179619,0.189164,0.184597,0.199363,0.172937,0.196109,0.181088,0.183352,0.174741,0.15535,0.181229,0.174676,0.169028,0.174004,0.128243,0.159771,0.145077,0.152242,0.167561,0.144421,0.150658,0.130657,0.168473,0.117104,0.133623,0.113075,0.161709,0.112539,0.136896,0.126934,0.133414,0.111728,0.0980837,0.174287,0.0902384,0.150739,0.0615478
0.0793762,0.131489,0.112596,0.0844361,0.12034,0.0907052,0.167158,0.0844097,0.118206,0.121953,0.156638,0.132898,0.121956,0.126569,0.162097,0.117295,0.133119,0.151862,0.124429,0.0982588,0.140367,0.12844,0.161077,0.136975,0.157711,0.16353,0.159948,0.169984,0.161758,0.183989,0.138406,0.143641,0.187038,0.16741,0.168747,0.180928,0.180745,0.185741,0.188046,0.210666,0.170272,0.190452,0.199764,0.186096,0.185946,0.199692,0.187055,0.154808,0.187258,0.221764,0.188341,0.186801,0.220917,0.204939,0.223837,0.302871,0.833244,0.896949,0.876194,0.420892,0.368707,0.352591,0.349323,0.35745,0.372555,0.34387,0.384288,0.355947,0.368826,0.358181,0.361911,0.357177,0.363637,0.345049,0.357427,0.378248,0.379769,0.390659,0.381405,0.395245,0.385225,0.383728,0.381337,0.384333,0.397624,0.38202,0.375928,0.38875,0.399736,0.375196,0.405277,0.386548,0.364987,0.389234,0.410701,0.396893,0.405404,0.403637,0.395086,0.40862,0.413251,0.399263,0.40816,0.414998,0.399444,0.403667,0.397337,0.398587,0.41175,0.419583,0.409675,0.419029,0.415555,0.412829,0.426542,0.417692,0.421675,0.406937,0.419661,0.409894,0.420893,0.43631,0.397897,0.429555,0.401386,0.420699,0.42988,0.395378,0.425355,0.397859,0.433312,0.423861,0.402588,0.428255,0.406445,0.433588,0.423856,0.415747,0.419844,0.410895,0.426156,0.42288,0.430021,0.417863,0.420303,0.424106,0.414033,0.427884,0.416164,0.408344,0.400355,0.413513,0.406994,0.422779,0.414835,0.407093,0.421327,0.416899,0.404162,0.411353,0.416727,0.405445,0.422613,0.397195,0.373385,0.396162,0.414203,0.386696,0.409937,0.399119,0.387816,0.392366,0.408965,0.392809,0.395174,0.394872,0.396186,0.403707,0.38982,0.399283,0.390646,0.386449,0.371854,0.357627,0.373065,0.371027,0.367351,0.368995,0.377088,0.370359,0.39667,0.350972,0.383747,0.367966,0.36186,0.361916,0.379847,0.428862,0.883543,0.902881,0.84314,0.311859,0.234471,0.214091,0.229513,0.1974,0.198444,0.22776,0.200657,0.163208,0.194825,0.206021,0.196582,0.192304,0.204817,0.196947,0.18447,0.210445,0.202396,0.184914,0.189651,0.186491,0.176796,0.172788,0.191788,0.155819,0.142781,0.194216,0.164923,0.173713,0.173565,0.168072,0.164929,0.141022,0.165699,0.139607,0.140941,0.107061,0.137363,0.153506,0.136073,0.123924,0.16403,0.136004,0.131862,0.137908,0.157078,0.123205,0.124131,0.0963845,0.1731,0.0908511,0.127037,0.0873766,0.11755,0.128218
0.0687873,0.144035,0.0642969,0.116601,0.133529,0.103828,0.0967032,0.102244,0.176876,0.115112,0.128622,0.0705296,0.141788,0.11891,0.131994,0.114931,0.158593,0.0970076,0.162848,0.124171,0.172366,0.127635,0.159061,0.147149,0.15374,0.144054,0.136895,0.137247,0.170178,0.154572,0.160679,0.177364,0.14936,0.138612,0.193342,0.178607,0.165295,0.176933,0.18864,0.176018,0.180846,0.183176,0.183479,0.174985,0.201745,0.198787,0.179224,0.173309,0.222893,0.191387,0.190144,0.202741,0.208872,0.198419,0.200769,0.253811,0.809632,0.890465,0.890704,0.806848,0.39581,0.353295,0.339033,0.365026,0.362994,0.360497,0.361012,0.352417,0.365252,0.359792,0.36296,0.377381,0.369735,0.369119,0.392114,0.39383,0.36509,0.373662,0.385664,0.360999,0.364797,0.393707,0.38973,0.418517,0.382618,0.400331,0.392955,0.405056,0.399181,0.407578,0.410549,0.388608,0.414995,0.409833,0.397664,0.394916,0.400266,0.395802,0.401607,0.405127,0.393059,0.393727,0.427321,0.392755,0.38546,0.407595,0.412191,0.413595,0.426322,0.407015,0.397631,0.409466,0.418309,0.412361,0.40713,0.399466,0.419849,0.423893,0.409809,0.424132,0.407847,0.405929,0.415107,0.421716,0.417745,0.413011,0.405715,0.415697,0.430893,0.41835,0.410914,0.411068,0.418753,0.422868,0.423506,0.405989,0.411974,0.428597,0.41301,0.427347,0.423562,0.405412,0.410657,0.416947,0.425632,0.411671,0.403299,0.416909,0.431698,0.42164,0.41794,0.415909,0.392844,0.400697,0.436084,0.398402,0.406365,0.409138,0.415628,0.396629,0.409467,0.40969,0.406205,0.419156,0.423062,0.397358,0.424297,0.41471,0.40753,0.415353,0.402465,0.41097,0.399301,0.42801,0.398496,0.403826,0.369892,0.372686,0.393355,0.384638,0.376541,0.407422,0.398373,0.379743,0.377086,0.387223,0.375197,0.370717,0.377256,0.361406,0.371341,0.371399,0.369826,0.37657,0.344713,0.364211,0.407951,0.814501,0.903058,0.904592,0.813344,0.263455,0.210361,0.207849,0.218424,0.2066,0.197722,0.202247,0.226958,0.184204,0.185333,0.203853,0.211643,0.180542,0.201349,0.188563,0.190033,0.185334,0.193174,0.188562,0.170467,0.18939,0.196728,0.151566,0.149596,0.188284,0.164732,0.156859,0.181917,0.138029,0.14396,0.152742,0.160084,0.153229,0.15957,0.134541,0.181764,0.12517,0.168983,0.102972,0.165131,0.123128,0.135824,0.120703,0.146575,0.0760055,0.13983,0.123602,0.17972,0.104739,0.101018,0.112535,0.136463,0.120462,0.0688027,0.156793
0.103938,0.143427,0.0977625,0.166801,0.0829954,0.126696,0.1416,0.116821,0.109785,0.0800616,0.16248,0.112167,0.142606,0.119588,0.162555,0.124582,0.164101,0.129148,0.18388,0.111649,0.164425,0.153928,0.156614,0.160988,0.141781,0.162356,0.138935,0.167047,0.169545,0.135356,0.160189,0.193525,0.162644,0.176669,0.181928,0.163662,0.158286,0.164132,0.19945,0.192171,0.183347,0.185244,0.18648,0.191562,0.214999,0.209848,0.185103,0.180584,0.206045,0.185011,0.193755,0.21266,0.216292,0.208787,0.199297,0.214081,0.324537,0.852235,0.872644,0.874296,0.435375,0.345668,0.342932,0.368904,0.35723,0.357666,0.362836,0.358396,0.376816,0.370774,0.378447,0.361778,0.354861,0.375568,0.366131,0.37073,0.369245,0.377883,0.377304,0.375807,0.403152,0.368509,0.378808,0.378616,0.356044,0.393052,0.37209,0.375041,0.376106,0.400229,0.380165,0.400573,0.40517,0.38346,0.405062,0.409178,0.402685,0.402664,0.398004,0.413266,0.419579,0.399588,0.412392,0.42088,0.425074,0.409592,0.403836,0.436678,0.407784,0.413058,0.409765,0.400142,0.407871,0.410306,0.416592,0.412126,0.418366,0.406803,0.426453,0.407315,0.399864,0.422683,0.415054,0.423775,0.412209,0.411377,0.411305,0.421462,0.421521,0.42378,0.415552,0.410692,0.410022,0.42996,0.422634,0.419351,0.407045,0.409895,0.427499,0.41251,0.420764,0.416327,0.422122,0.414021,0.41213,0.402613,0.415366,0.416288,0.415423,0.440155,0.412268,0.417064,0.428957,0.429359,0.419517,0.405545,0.426754,0.421547,0.406748,0.408147,0.412064,0.419151,0.416592,0.387714,0.416056,0.411473,0.386194,0.413083,0.382608,0.385839,0.383884,0.407009,0.363153,0.389733,0.388761,0.38114,0.412875,0.388449,0.382835,0.391385,0.375006,0.378746,0.379054,0.385096,0.369058,0.371213,0.387789,0.379455,0.386969,0.36742,0.37262,0.367517,0.366712,0.38049,0.352935,0.359478,0.443428,0.882759,0.881402,0.859632,0.33425,0.224975,0.205059,0.216708,0.22786,0.224211,0.198639,0.194854,0.217439,0.188473,0.192823,0.219179,0.218491,0.19869,0.186817,0.192764,0.187413,0.203471,0.199448,0.175183,0.163645,0.176272,0.186659,0.179926,0.177815,0.195038,0.173576,0.139309,0.176459,0.176907,0.143473,0.171791,0.144664,0.163444,0.167202,0.157521,0.170334,0.118023,0.189499,0.136889,0.168105,0.127256,0.173618,0.123321,0.145072,0.117553,0.167216,0.092129,0.114908,0.116276,0.148452,0.132475,0.0872204,0.17228,0.102437,0.141418
0.159831,0.100648,0.0662664,0.120065,0.0981484,0.164253,0.0827581,0.121341,0.118628,0.145993,0.0914438,0.104598,0.127367,0.135669,0.122635,0.10868,0.136889,0.122964,0.124359,0.137708,0.151387,0.143394,0.102006,0.169836,0.155468,0.167986,0.151983,0.155744,0.17252,0.129525,0.186059,0.16809,0.173174,0.156493,0.169946,0.171544,0.174372,0.178466,0.179951,0.223174,0.208993,0.166919,0.177308,0.182081,0.214891,0.195062,0.16439,0.198999,0.208106,0.20604,0.190743,0.208257,0.209496,0.181524,0.21075,0.217171,0.246131,0.794415,0.88249,0.908178,0.830907,0.392721,0.358689,0.357283,0.327328,0.366988,0.366772,0.352425,0.35813,0.343745,0.364203,0.367029,0.381873,0.380031,0.368191,0.380941,0.375831,0.391899,0.368433,0.380147,0.378086,0.376574,0.389479,0.392678,0.401704,0.38446,0.404915,0.404059,0.396981,0.397839,0.379091,0.408628,0.390702,0.379051,0.396155,0.37879,0.388748,0.414524,0.401946,0.381735,0.404184,0.41786,0.409101,0.395806,0.420213,0.39772,0.411026,0.419985,0.39169,0.408771,0.409792,0.398757,0.43344,0.414714,0.431131,0.406851,0.399814,0.407872,0.403606,0.417244,0.431127,0.415874,0.398475,0.415789,0.410111,0.429889,0.426414,0.404062,0.416418,0.408933,0.424559,0.434031,0.40658,0.420332,0.407668,0.409669,0.438995,0.423007,0.401257,0.414555,0.402195,0.411014,0.433608,0.422565,0.43429,0.405885,0.414023,0.412302,0.39865,0.42763,0.41741,0.406009,0.42272,0.40842,0.415141,0.425395,0.410395,0.391105,0.413614,0.421249,0.398894,0.382813,0.40707,0.390361,0.400992,0.417459,0.385109,0.410857,0.403343,0.418782,0.409719,0.39531,0.413416,0.403934,0.402198,0.388603,0.386229,0.388119,0.376883,0.397343,0.391046,0.391593,0.378816,0.388845,0.389045,0.3753,0.374988,0.356108,0.367752,0.362518,0.375604,0.375788,0.341488,0.364771,0.367569,0.399389,0.837927,0.921643,0.891417,0.800063,0.257216,0.222889,0.222929,0.189723,0.213237,0.216999,0.203129,0.212966,0.21728,0.206558,0.171354,0.205409,0.222689,0.197064,0.184272,0.181152,0.211194,0.229684,0.188712,0.179223,0.18497,0.173728,0.183262,0.15689,0.180671,0.170016,0.191041,0.139753,0.17433,0.163542,0.156879,0.17051,0.165959,0.173489,0.10652,0.147649,0.156462,0.147309,0.125313,0.127125,0.144183,0.113415,0.123486,0.146465,0.134216,0.109557,0.0941934,0.144876,0.131202,0.136594,0.085532,0.16915,0.100427,0.122671,0.075828,0.105023
0.111401,0.0625837,0.143253,0.0960856,0.0954123,0.114618,0.0914491,0.149385,0.0904667,0.136683,0.101524,0.165257,0.117257,0.116582,0.111426,0.140767,0.111862,0.142885,0.105463,0.157859,0.0901132,0.160841,0.13979,0.158226,0.119668,0.146704,0.154089,0.15074,0.181547,0.1459,0.152698,0.173276,0.160383,0.177385,0.160195,0.17833,0.17991,0.14873,0.160745,0.176965,0.165632,0.173377,0.185412,0.200764,0.203283,0.200736,0.187652,0.208281,0.196718,0.190919,0.188899,0.186958,0.182522,0.203517,0.199081,0.224606,0.219318,0.300504,0.827985,0.893522,0.872747,0.847909,0.398959,0.351731,0.3525,0.366035,0.347066,0.369498,0.367605,0.373754,0.387658,0.363,0.366781,0.371217,0.380161,0.392437,0.3576,0.39163,0.374453,0.408352,0.372796,0.390066,0.379527,0.374035,0.395888,0.391981,0.406532,0.380479,0.38499,0.400778,0.410808,0.415198,0.390102,0.403471,0.405936,0.406825,0.417324,0.408424,0.383548,0.404827,0.415468,0.39736,0.395929,0.406429,0.397137,0.393982,0.405331,0.408552,0.388965,0.413838,0.419185,0.416955,0.412071,0.395066,0.430019,0.409924,0.399665,0.42725,0.399823,0.430027,0.402899,0.403137,0.423376,0.397422,0.424686,0.411441,0.416118,0.426018,0.382344,0.426974,0.415994,0.411571,0.425171,0.398011,0.4309,0.40395,0.414436,0.43665,0.399083,0.431066,0.404368,0.411254,0.431923,0.405174,0.411457,0.422642,0.426504,0.41676,0.396409,0.414405,0.417097,0.393033,0.409489,0.411178,0.407002,0.401776,0.423505,0.411392,0.389123,0.421422,0.420116,0.414723,0.416485,0.414487,0.39643,0.421364,0.420689,0.409881,0.397891,0.384158,0.41466,0.402797,0.408824,0.38538,0.391314,0.397193,0.385658,0.41433,0.388536,0.399859,0.366193,0.401689,0.386236,0.380053,0.379687,0.375066,0.395649,0.384334,0.375991,0.374474,0.359904,0.374653,0.360469,0.361845,0.411992,0.859019,0.8801,0.905166,0.834211,0.309154,0.227389,0.228297,0.204927,0.213993,0.191077,0.190752,0.196861,0.199225,0.209866,0.214426,0.193512,0.203436,0.212593,0.201294,0.194712,0.176764,0.18164,0.180897,0.174109,0.15595,0.190515,0.180578,0.164283,0.191153,0.161407,0.187229,0.152449,0.158346,0.188935,0.15507,0.161403,0.148387,0.123118,0.161738,0.149605,0.168937,0.0943639,0.160175,0.115618,0.144776,0.117464,0.150913,0.114026,0.115033,0.123647,0.175434,0.108895,0.138203,0.0938331,0.155149,0.0983952,0.122118,0.101639,0.101414,0.141888,0.0675508
0.127897,0.0973652,0.1252,0.0763729,0.149722,0.116282,0.0977588,0.109949,0.106129,0.15158,0.0883852,0.124735,0.103142,0.161103,0.116419,0.151808,0.11178,0.175848,0.115691,0.168502,0.126889,0.15925,0.116996,0.156426,0.136176,0.146283,0.150939,0.123746,0.160195,0.158921,0.177145,0.156285,0.142694,0.156042,0.171723,0.170345,0.170352,0.159534,0.183651,0.224308,0.196314,0.193331,0.175235,0.188754,0.20945,0.208869,0.191172,0.19126,0.194491,0.183227,0.202622,0.206406,0.206515,0.216159,0.20044,0.216176,0.195855,0.197639,0.302325,0.862589,0.879443,0.873991,0.424854,0.332359,0.355387,0.356379,0.351004,0.359835,0.344884,0.347111,0.361724,0.360263,0.381116,0.36084,0.388449,0.350308,0.381493,0.374228,0.358679,0.379411,0.343806,0.38953,0.382609,0.389779,0.399634,0.376239,0.393864,0.385613,0.3817,0.389977,0.384629,0.372185,0.405507,0.38409,0.390444,0.404074,0.405221,0.397042,0.411677,0.412446,0.370922,0.419079,0.408078,0.402755,0.400612,0.415745,0.4053,0.42656,0.420865,0.416244,0.391468,0.420032,0.415898,0.39697,0.411023,0.41476,0.425353,0.41251,0.409569,0.410277,0.419575,0.40919,0.420074,0.404053,0.4191,0.41715,0.411782,0.429078,0.401235,0.423681,0.413356,0.416758,0.422022,0.40554,0.431239,0.468554,0.485027,0.424884,0.411362,0.41584,0.429683,0.417823,0.411971,0.407759,0.414393,0.427188,0.396526,0.417462,0.426251,0.430208,0.41189,0.417393,0.411809,0.40649,0.41557,0.427515,0.380986,0.419776,0.417742,0.409423,0.41053,0.410195,0.400329,0.392028,0.416354,0.379157,0.399795,0.391668,0.39459,0.389059,0.407127,0.384098,0.408843,0.397076,0.39597,0.399289,0.358502,0.384366,0.366723,0.384963,0.386877,0.362742,0.395109,0.37385,0.387002,0.367267,0.376582,0.350493,0.355997,0.370298,0.361558,0.366427,0.366041,0.343483,0.429671,0.880225,0.896276,0.867616,0.311973,0.210285,0.204435,0.225712,0.209273,0.221869,0.21525,0.213582,0.20994,0.189367,0.198409,0.200821,0.201139,0.214053,0.221759,0.195809,0.187717,0.194026,0.202131,0.226708,0.189172,0.16903,0.174475,0.182684,0.171786,0.164382,0.147429,0.162663,0.184233,0.158586,0.173952,0.126885,0.158583,0.152043,0.140268,0.16623,0.11813,0.166108,0.133676,0.172267,0.124532,0.184853,0.111471,0.156786,0.125627,0.171487,0.107497,0.126532,0.0938808,0.16215,0.108942,0.108965,0.104699,0.122237,0.154749,0.0821004,0.129036,0.100485
0.0824791,0.103263,0.14711,0.120564,0.150285,0.067875,0.16166,0.143471,0.125826,0.106524,0.112474,0.143516,0.111171,0.123391,0.0971343,0.166122,0.100368,0.153126,0.105199,0.15873,0.129228,0.144185,0.156201,0.147933,0.150795,0.120034,0.173216,0.172938,0.149874,0.124722,0.148715,0.167093,0.162164,0.180095,0.166282,0.181084,0.153186,0.167937,0.19153,0.179468,0.186524,0.153189,0.19537,0.190627,0.223666,0.185892,0.171094,0.200105,0.206551,0.214394,0.207474,0.213241,0.188359,0.185761,0.203121,0.218943,0.19524,0.205802,0.246445,0.806096,0.897972,0.905822,0.817532,0.399586,0.365011,0.349014,0.366828,0.355758,0.36731,0.368073,0.360237,0.370222,0.351429,0.366549,0.361608,0.359123,0.39539,0.354717,0.386196,0.390492,0.370576,0.386717,0.371212,0.379596,0.385608,0.387248,0.389425,0.407346,0.395824,0.39133,0.411497,0.401246,0.396349,0.393622,0.404465,0.388745,0.403998,0.396991,0.401852,0.402531,0.400739,0.412443,0.403043,0.408307,0.42627,0.403954,0.418065,0.408007,0.411667,0.401627,0.41515,0.404374,0.428936,0.405202,0.414566,0.399857,0.411897,0.416315,0.404887,0.409095,0.414728,0.426695,0.408152,0.403628,0.415144,0.41563,0.424914,0.415021,0.406218,0.409878,0.422246,0.423791,0.414493,0.408859,0.467251,0.494574,0.49059,0.470367,0.41604,0.422318,0.412578,0.402948,0.417614,0.411737,0.427778,0.416921,0.412937,0.410385,0.416445,0.415823,0.42056,0.413049,0.434803,0.413211,0.409788,0.419268,0.412067,0.404097,0.413391,0.4034,0.413043,0.397205,0.412115,0.397207,0.410556,0.410544,0.417596,0.39894,0.406196,0.417774,0.39609,0.395665,0.394007,0.391459,0.383412,0.396357,0.376363,0.404584,0.389147,0.366231,0.404294,0.369352,0.367002,0.372773,0.36246,0.379464,0.367943,0.380381,0.37437,0.368275,0.373865,0.358849,0.370894,0.406454,0.830802,0.914114,0.906636,0.813103,0.257422,0.213325,0.202049,0.229786,0.213463,0.192832,0.198209,0.222339,0.211298,0.2286,0.214464,0.207739,0.173886,0.197089,0.223391,0.201181,0.198978,0.170955,0.187412,0.193451,0.193556,0.179825,0.15535,0.187003,0.174695,0.183521,0.172421,0.169009,0.162914,0.128288,0.149969,0.179083,0.175327,0.126459,0.158412,0.154489,0.163165,0.147356,0.137261,0.164232,0.106223,0.15875,0.110519,0.167544,0.0996914,0.132513,0.114662,0.149218,0.116773,0.110359,0.136242,0.149708,0.164371,0.0725328,0.154589,0.132999,0.153436,0.105441
0.073464,0.148617,0.0858502,0.0819314,0.115071,0.0753276,0.150557,0.0725416,0.141769,0.0844353,0.152453,0.10312,0.132278,0.113589,0.140502,0.131492,0.0977303,0.126689,0.156151,0.129445,0.139956,0.135359,0.165404,0.125621,0.172817,0.143262,0.180888,0.140282,0.143596,0.183359,0.148023,0.190188,0.174599,0.144715,0.155251,0.192401,0.172357,0.157219,0.168829,0.193429,0.163315,0.176842,0.1818,0.19822,0.200411,0.190273,0.177187,0.200204,0.187748,0.179348,0.177414,0.188971,0.198789,0.202041,0.192571,0.19634,0.193863,0.207541,0.208658,0.285521,0.850846,0.892969,0.848496,0.435805,0.365418,0.335228,0.371068,0.353081,0.348557,0.346998,0.358466,0.361633,0.358783,0.367544,0.369837,0.371785,0.371541,0.348778,0.364607,0.361301,0.342477,0.380018,0.373307,0.384942,0.388611,0.360381,0.375777,0.390022,0.368738,0.387359,0.371617,0.385541,0.397846,0.403533,0.383213,0.395174,0.404847,0.403665,0.399592,0.400667,0.389778,0.404337,0.41309,0.393808,0.39404,0.393959,0.412543,0.3901,0.413765,0.420043,0.400852,0.416709,0.415623,0.401989,0.402769,0.421163,0.419132,0.434744,0.405155,0.424829,0.413186,0.408854,0.419011,0.411945,0.42868,0.406198,0.411287,0.426215,0.409585,0.421555,0.410814,0.414109,0.426947,0.417055,0.48199,0.474394,0.481549,0.489564,0.461449,0.437737,0.421109,0.414466,0.413313,0.404601,0.415304,0.428627,0.39782,0.429186,0.418629,0.395738,0.417952,0.39922,0.40128,0.396693,0.420363,0.411526,0.394071,0.41077,0.408031,0.408479,0.416898,0.402463,0.388729,0.411624,0.405946,0.396031,0.376662,0.397966,0.37612,0.40122,0.378546,0.376753,0.391239,0.397924,0.378541,0.394357,0.350808,0.368834,0.37636,0.354548,0.381002,0.379388,0.377008,0.378215,0.367413,0.371111,0.364968,0.354829,0.354967,0.3663,0.37761,0.344474,0.380018,0.442884,0.852176,0.90646,0.852645,0.294956,0.218106,0.214742,0.203665,0.203084,0.199689,0.211003,0.202897,0.20049,0.186217,0.180804,0.197562,0.210789,0.181269,0.200696,0.208964,0.210098,0.181485,0.181945,0.170666,0.198105,0.175897,0.161433,0.184844,0.194568,0.166483,0.147514,0.180108,0.196129,0.150794,0.199628,0.146172,0.148595,0.187481,0.147139,0.180441,0.128193,0.172935,0.14088,0.14542,0.139815,0.160096,0.131152,0.104206,0.144586,0.146277,0.111089,0.13547,0.110537,0.15997,0.0858181,0.139723,0.0766823,0.158936,0.0800808,0.117758,0.0809121,0.09136,0.152787
0.0799174,0.135296,0.113379,0.156772,0.0846717,0.112962,0.106579,0.0999671,0.122491,0.0910643,0.136792,0.0931988,0.161046,0.0961483,0.131716,0.107471,0.172681,0.120984,0.146783,0.0879983,0.138065,0.109938,0.161928,0.105568,0.141028,0.11426,0.153035,0.167342,0.155154,0.183597,0.135807,0.150828,0.166573,0.156776,0.173352,0.161536,0.140874,0.156318,0.163885,0.201187,0.194462,0.166214,0.173135,0.185278,0.203932,0.174119,0.170617,0.203842,0.188251,0.183918,0.202659,0.212525,0.19852,0.206267,0.198814,0.208013,0.20758,0.214932,0.201265,0.254627,0.813566,0.902525,0.897915,0.830006,0.421657,0.35998,0.373893,0.348438,0.370209,0.377277,0.368819,0.357824,0.365014,0.386158,0.349592,0.372562,0.349687,0.37676,0.387455,0.367498,0.403449,0.378549,0.378951,0.368792,0.395025,0.38951,0.404459,0.391148,0.404494,0.388413,0.38905,0.418004,0.379515,0.399287,0.378949,0.404748,0.411138,0.412772,0.397529,0.409769,0.400335,0.410972,0.406514,0.38631,0.39207,0.400936,0.405518,0.411374,0.39983,0.40471,0.391561,0.415734,0.389941,0.415353,0.42855,0.472474,0.476404,0.473472,0.471809,0.475358,0.481079,0.469447,0.423682,0.409786,0.426253,0.410663,0.410013,0.486818,0.470629,0.484803,0.411247,0.414478,0.42402,0.416846,0.479575,0.479753,0.483432,0.482296,0.473753,0.414509,0.423081,0.41053,0.43038,0.411906,0.390459,0.424226,0.391795,0.412499,0.405492,0.417509,0.410106,0.411053,0.396551,0.392752,0.414184,0.418024,0.403119,0.422896,0.399102,0.419015,0.419468,0.41541,0.385864,0.406114,0.384396,0.429259,0.396906,0.397229,0.409703,0.400592,0.410711,0.400522,0.402256,0.377222,0.389704,0.387838,0.415042,0.375187,0.397015,0.382562,0.360478,0.379446,0.360607,0.393743,0.368775,0.369167,0.373107,0.387137,0.382079,0.354743,0.387064,0.365619,0.429384,0.839855,0.908426,0.91204,0.819501,0.267214,0.208127,0.217707,0.218369,0.2155,0.204733,0.216738,0.207572,0.21393,0.215174,0.191648,0.197028,0.20567,0.184332,0.172954,0.213604,0.188966,0.190976,0.169494,0.205013,0.206924,0.178256,0.156378,0.147902,0.166213,0.179489,0.167136,0.17035,0.161438,0.139875,0.182557,0.161479,0.169185,0.164417,0.121201,0.144599,0.110951,0.166412,0.115657,0.137615,0.0889798,0.160235,0.122706,0.176945,0.108594,0.139519,0.10679,0.164005,0.0981734,0.143204,0.100753,0.129872,0.103516,0.108326,0.118028,0.0921849,0.162572,0.116153,0.143389
0.151427,0.112128,0.0469004,0.11541,0.0820254,0.186568,0.117773,0.127837,0.0964528,0.119093,0.132217,0.108945,0.120078,0.117743,0.173648,0.0888347,0.158242,0.0938859,0.175843,0.110158,0.149715,0.100785,0.144316,0.12292,0.149449,0.157285,0.157539,0.150839,0.122953,0.170269,0.146046,0.159784,0.153532,0.153521,0.171415,0.173985,0.174548,0.178135,0.160595,0.191575,0.183392,0.159848,0.160751,0.200158,0.209221,0.172085,0.179049,0.207817,0.172052,0.193272,0.202798,0.184611,0.177422,0.205481,0.197835,0.198243,0.197349,0.210749,0.196494,0.190485,0.290142,0.794306,0.891294,0.886007,0.828045,0.395227,0.355201,0.32968,0.378404,0.356762,0.34256,0.358587,0.360905,0.363042,0.352336,0.394625,0.363719,0.387141,0.344139,0.376362,0.381082,0.368452,0.390582,0.37984,0.398741,0.365653,0.389159,0.35869,0.392163,0.381611,0.393615,0.403959,0.385307,0.38556,0.407383,0.383573,0.380671,0.404052,0.388314,0.375194,0.409857,0.41625,0.39685,0.398229,0.414855,0.400968,0.418019,0.415667,0.381518,0.41215,0.406628,0.404435,0.419123,0.466085,0.476974,0.47429,0.489129,0.459292,0.488438,0.49009,0.47374,0.479672,0.468644,0.430498,0.413831,0.414819,0.467103,0.479629,0.487626,0.484254,0.468564,0.416317,0.417173,0.483299,0.475945,0.483496,0.468156,0.493895,0.48304,0.399517,0.424721,0.409935,0.419249,0.410482,0.413493,0.412171,0.407222,0.423065,0.382412,0.423295,0.422076,0.409533,0.416775,0.406704,0.402452,0.421197,0.415866,0.384491,0.392638,0.411409,0.387655,0.392289,0.414713,0.39532,0.389038,0.4142,0.401912,0.38838,0.397557,0.365603,0.401156,0.369053,0.408443,0.385787,0.403445,0.375781,0.391926,0.382145,0.354131,0.395308,0.371993,0.4025,0.356067,0.37209,0.37014,0.363341,0.353037,0.365948,0.385816,0.33598,0.363125,0.408802,0.83371,0.89792,0.900888,0.799932,0.299276,0.197631,0.205536,0.225534,0.203144,0.206768,0.209073,0.210511,0.186109,0.19605,0.204988,0.198192,0.182221,0.214016,0.183854,0.182945,0.219026,0.200595,0.165455,0.163724,0.191421,0.193611,0.16703,0.189967,0.177194,0.18366,0.173281,0.162854,0.154901,0.168443,0.153404,0.175456,0.134112,0.150985,0.159689,0.164308,0.153087,0.129199,0.15083,0.107561,0.159217,0.114048,0.180782,0.101626,0.160415,0.0928834,0.174552,0.121108,0.130485,0.108729,0.134276,0.122754,0.0989292,0.134266,0.119507,0.193884,0.0848309,0.118278,0.0506767,0.115558
0.131546,0.0827126,0.127977,0.10399,0.101192,0.115131,0.0792593,0.144164,0.113403,0.163971,0.111929,0.116353,0.117096,0.111293,0.118358,0.0955408,0.154987,0.11396,0.152449,0.111494,0.173784,0.151252,0.173551,0.137407,0.151205,0.146496,0.130549,0.175212,0.115664,0.167537,0.147466,0.157412,0.165261,0.169067,0.173815,0.158602,0.148412,0.159323,0.179939,0.179426,0.189402,0.167928,0.184215,0.180219,0.211587,0.167764,0.174408,0.18492,0.17723,0.179257,0.185452,0.17914,0.19439,0.224823,0.188158,0.184886,0.188817,0.198244,0.204971,0.211454,0.211724,0.291833,0.862183,0.914665,0.852136,0.430651,0.357271,0.374384,0.369917,0.345444,0.37861,0.372394,0.373786,0.376971,0.365225,0.384974,0.345816,0.379062,0.373069,0.385113,0.381479,0.369991,0.372315,0.377022,0.361367,0.394528,0.396902,0.373437,0.387804,0.389296,0.384304,0.395692,0.375698,0.386445,0.413375,0.388357,0.43042,0.399532,0.383425,0.401448,0.419197,0.383937,0.413625,0.404767,0.399767,0.402722,0.430483,0.393534,0.401567,0.421747,0.41308,0.414183,0.480358,0.469424,0.484571,0.46618,0.47146,0.482939,0.476283,0.492137,0.474912,0.477329,0.473253,0.471014,0.419684,0.416184,0.485084,0.480957,0.462377,0.487702,0.485527,0.414177,0.422084,0.475235,0.476936,0.478098,0.472878,0.499481,0.467218,0.425511,0.404747,0.40114,0.422416,0.400709,0.430197,0.411647,0.418476,0.429499,0.402453,0.399387,0.436918,0.407956,0.404582,0.413835,0.420501,0.389887,0.427753,0.406947,0.38897,0.40928,0.433555,0.396184,0.423559,0.393326,0.379541,0.405276,0.39403,0.394274,0.400379,0.374519,0.40868,0.398262,0.373664,0.382923,0.381648,0.376681,0.389769,0.398233,0.377534,0.387837,0.353219,0.391111,0.377666,0.382615,0.384115,0.38157,0.384931,0.353867,0.381665,0.3815,0.364586,0.439125,0.860353,0.921538,0.872381,0.294086,0.227142,0.218424,0.207399,0.207681,0.195875,0.192342,0.195319,0.231532,0.201631,0.18832,0.191202,0.189348,0.180503,0.195569,0.177092,0.173981,0.21785,0.192769,0.187794,0.178298,0.190708,0.192298,0.181727,0.167637,0.148199,0.167772,0.180176,0.17083,0.179423,0.158002,0.154409,0.170942,0.122211,0.187221,0.135561,0.150414,0.156102,0.141044,0.174137,0.156965,0.181635,0.118841,0.153019,0.121805,0.163633,0.10064,0.123278,0.117641,0.129669,0.121035,0.110233,0.166769,0.121151,0.143863,0.0905925,0.117495,0.100184,0.114544,0.132397,0.0811814
0.11063,0.0503109,0.161988,0.0829592,0.149601,0.124716,0.101157,0.120403,0.0636493,0.116035,0.0884623,0.146669,0.122074,0.119537,0.093842,0.154958,0.113291,0.127136,0.120467,0.129847,0.118073,0.143921,0.123406,0.143406,0.132051,0.178731,0.141501,0.151971,0.121406,0.162758,0.167152,0.148317,0.141863,0.127152,0.16266,0.175644,0.168024,0.16138,0.154196,0.178088,0.177357,0.167016,0.158382,0.170866,0.180089,0.163076,0.174663,0.187635,0.183525,0.193964,0.17349,0.188559,0.191542,0.192503,0.174579,0.196248,0.224301,0.191359,0.207073,0.198207,0.195143,0.234286,0.825697,0.868253,0.891873,0.829725,0.411238,0.356229,0.336212,0.3547,0.38056,0.335759,0.343703,0.359224,0.364293,0.353229,0.362992,0.39007,0.359637,0.358944,0.361291,0.395165,0.374363,0.380235,0.378393,0.384678,0.378503,0.369871,0.379912,0.413575,0.374523,0.403726,0.383735,0.380447,0.385374,0.388046,0.389063,0.379538,0.413258,0.412092,0.404275,0.405912,0.401769,0.389698,0.403973,0.40356,0.387473,0.414103,0.412559,0.399322,0.415698,0.428289,0.445033,0.477225,0.487148,0.479207,0.482842,0.481874,0.460027,0.483235,0.467589,0.474056,0.498726,0.45667,0.424712,0.414131,0.465317,0.489853,0.463997,0.495043,0.4631,0.413492,0.429075,0.457129,0.503159,0.474426,0.466344,0.489744,0.449777,0.422125,0.418032,0.408191,0.430822,0.403559,0.398228,0.42343,0.421612,0.404622,0.415336,0.417422,0.393812,0.409105,0.408445,0.397949,0.406755,0.411906,0.413297,0.413543,0.421673,0.387669,0.394258,0.392783,0.394335,0.386633,0.390594,0.410779,0.384435,0.419738,0.390874,0.371608,0.386003,0.397122,0.382167,0.387248,0.382485,0.405198,0.368522,0.370352,0.368712,0.397112,0.375486,0.360172,0.373535,0.363893,0.352718,0.343108,0.392671,0.363609,0.339739,0.366384,0.418971,0.834605,0.903612,0.877083,0.832243,0.243583,0.197251,0.206696,0.21533,0.197285,0.228732,0.203074,0.182961,0.196092,0.20213,0.197084,0.176843,0.202595,0.188429,0.197186,0.17872,0.174941,0.18355,0.18163,0.161553,0.17922,0.180916,0.18826,0.161445,0.169943,0.180955,0.177215,0.17366,0.134102,0.145455,0.153735,0.175786,0.169513,0.122301,0.159121,0.146951,0.183231,0.138328,0.152992,0.130826,0.14746,0.119108,0.137045,0.125754,0.125088,0.117829,0.162486,0.0990482,0.124591,0.116881,0.156947,0.0969124,0.121806,0.0675993,0.126339,0.101158,0.130858,0.155779,0.0835979,0.170122,0.0589313
0.0742705,0.106128,0.133113,0.0999418,0.119225,0.080627,0.0977206,0.116126,0.137646,0.123519,0.0744437,0.106338,0.0944552,0.150575,0.0944065,0.148827,0.11397,0.156462,0.0838107,0.138803,0.0978531,0.153069,0.130438,0.151595,0.0973848,0.173555,0.14439,0.166917,0.154018,0.150808,0.150561,0.125325,0.169854,0.164718,0.166046,0.184767,0.154252,0.139187,0.148555,0.197506,0.180333,0.155151,0.176314,0.196068,0.208413,0.186153,0.19792,0.180141,0.165729,0.180083,0.189422,0.19298,0.210033,0.187337,0.199833,0.208728,0.205222,0.18658,0.200791,0.21242,0.211462,0.201784,0.282936,0.797379,0.898767,0.916264,0.816645,0.40521,0.337978,0.370517,0.345341,0.340763,0.378551,0.376142,0.363068,0.338889,0.369578,0.365741,0.364834,0.357647,0.380743,0.361644,0.355197,0.377966,0.359094,0.395391,0.382806,0.384666,0.398041,0.375513,0.370358,0.416328,0.384147,0.393149,0.400237,0.410374,0.400536,0.39344,0.401477,0.390826,0.381134,0.40724,0.400982,0.394158,0.413673,0.4035,0.400529,0.407684,0.407725,0.38981,0.409102,0.394566,0.428984,0.482937,0.46216,0.471007,0.478936,0.472495,0.474239,0.473024,0.480608,0.491994,0.465746,0.405467,0.420084,0.409518,0.478845,0.486777,0.4586,0.487075,0.475179,0.411043,0.429838,0.4521,0.475601,0.49953,0.475855,0.486913,0.458041,0.419759,0.412421,0.404191,0.405307,0.424406,0.426653,0.398095,0.412188,0.394736,0.410696,0.411032,0.404959,0.407809,0.417356,0.400479,0.402638,0.416036,0.387428,0.392612,0.412237,0.398118,0.408291,0.416278,0.408789,0.399364,0.389951,0.421936,0.378628,0.385004,0.402276,0.395086,0.385142,0.404322,0.366254,0.385988,0.362739,0.370455,0.386907,0.368302,0.374076,0.372727,0.380811,0.342935,0.372974,0.3819,0.388787,0.350781,0.350443,0.378779,0.347219,0.412257,0.826808,0.926483,0.907493,0.802694,0.285565,0.216153,0.217067,0.217705,0.210457,0.193402,0.216695,0.21263,0.209023,0.193954,0.215606,0.198225,0.201981,0.185769,0.176074,0.182083,0.207339,0.188848,0.217432,0.201665,0.184133,0.154418,0.192053,0.197355,0.157456,0.133909,0.1637,0.190176,0.172085,0.167048,0.175184,0.131508,0.150959,0.162489,0.16249,0.169954,0.15139,0.180472,0.100606,0.155434,0.140448,0.160373,0.105746,0.141186,0.0905736,0.167569,0.117355,0.153421,0.102822,0.150798,0.0991016,0.112633,0.0779698,0.123604,0.14821,0.122376,0.103781,0.0838255,0.122729,0.10317,0.136189,0.116196
0.0781016,0.144281,0.0772613,0.0626798,0.106274,0.082623,0.160441,0.109463,0.0995684,0.0763073,0.124569,0.165667,0.0949757,0.126664,0.0843015,0.145788,0.100292,0.159414,0.0901175,0.173629,0.130591,0.166095,0.0999097,0.160697,0.101229,0.155799,0.11656,0.130337,0.139167,0.12021,0.189758,0.156688,0.172305,0.166686,0.123433,0.162424,0.183226,0.156638,0.160118,0.171089,0.163111,0.173344,0.16062,0.199285,0.178419,0.154162,0.180078,0.182357,0.188114,0.18214,0.18947,0.178883,0.191896,0.165275,0.192033,0.191623,0.191702,0.188106,0.202512,0.187394,0.208305,0.197316,0.216818,0.305077,0.875254,0.873748,0.859707,0.417281,0.348839,0.348844,0.334829,0.364929,0.365081,0.3346,0.35563,0.375227,0.374706,0.342553,0.376838,0.360571,0.376372,0.371446,0.40023,0.387094,0.376399,0.360494,0.391016,0.38906,0.367649,0.386262,0.387741,0.394973,0.379497,0.372176,0.38616,0.397355,0.398135,0.385596,0.409296,0.393159,0.388561,0.401359,0.395459,0.40562,0.412327,0.399255,0.412826,0.39538,0.388449,0.410405,0.408649,0.403313,0.408835,0.400317,0.409061,0.470919,0.45546,0.478554,0.487447,0.453724,0.47246,0.420504,0.392513,0.430973,0.402389,0.410574,0.42246,0.45929,0.502411,0.456639,0.419131,0.414152,0.409324,0.435022,0.452873,0.482829,0.480553,0.468276,0.48171,0.429967,0.397343,0.411492,0.406745,0.396782,0.413352,0.405039,0.414857,0.410951,0.392742,0.400208,0.416116,0.404643,0.418706,0.407268,0.402403,0.406324,0.393113,0.398875,0.416792,0.389684,0.406562,0.402622,0.391671,0.37797,0.388854,0.398004,0.391516,0.396439,0.375198,0.397162,0.392981,0.370767,0.385811,0.396465,0.407533,0.375436,0.389887,0.364595,0.383724,0.351804,0.382464,0.384626,0.361424,0.34706,0.368485,0.374163,0.346674,0.35158,0.357408,0.426564,0.865297,0.87878,0.88441,0.312014,0.224859,0.207976,0.212037,0.199348,0.209965,0.191856,0.196832,0.202417,0.196432,0.173549,0.201765,0.185832,0.193054,0.186704,0.202016,0.18576,0.188955,0.157328,0.185934,0.199455,0.174143,0.173676,0.170965,0.176108,0.170295,0.160188,0.185596,0.173485,0.128176,0.177859,0.176989,0.165544,0.19649,0.119453,0.148926,0.135051,0.118875,0.165405,0.109914,0.16485,0.101315,0.170155,0.131699,0.179717,0.0950808,0.160166,0.10709,0.14817,0.0851211,0.138174,0.100448,0.166908,0.126191,0.0858086,0.096918,0.115484,0.167511,0.0869087,0.112879,0.0711983,0.0768463,0.146618
0.0639399,0.128496,0.0842555,0.130653,0.119363,0.0801178,0.104115,0.071906,0.123522,0.115538,0.144739,0.073593,0.100582,0.127338,0.133174,0.174195,0.0882055,0.130476,0.107615,0.168783,0.105929,0.141722,0.100073,0.163938,0.124509,0.140818,0.122134,0.146284,0.154885,0.14043,0.174892,0.110056,0.163155,0.173198,0.171945,0.178985,0.164808,0.15748,0.164924,0.159188,0.178509,0.175119,0.156291,0.184463,0.182865,0.156698,0.213315,0.183492,0.189102,0.181698,0.162686,0.195591,0.193681,0.179796,0.19742,0.186571,0.204978,0.208119,0.229214,0.192313,0.203175,0.217784,0.219338,0.257567,0.817004,0.895619,0.910748,0.847243,0.400512,0.365288,0.342644,0.378441,0.34123,0.367606,0.364219,0.362093,0.343109,0.348636,0.396534,0.366145,0.376037,0.35668,0.384354,0.352164,0.361142,0.373715,0.402018,0.38329,0.374457,0.363682,0.39323,0.38855,0.390559,0.407632,0.392261,0.375214,0.411818,0.364614,0.4003,0.399186,0.396947,0.415607,0.406125,0.394497,0.39186,0.397039,0.403163,0.385332,0.408504,0.420908,0.403578,0.408267,0.397252,0.393516,0.415674,0.42469,0.400909,0.405592,0.397691,0.427252,0.408125,0.408189,0.416861,0.402448,0.397625,0.411094,0.419766,0.410485,0.412024,0.409747,0.417701,0.414638,0.397287,0.405987,0.483429,0.474056,0.473541,0.494721,0.450556,0.416107,0.39625,0.42611,0.420192,0.393431,0.40559,0.404966,0.413777,0.419861,0.414513,0.388965,0.405799,0.401322,0.396552,0.396773,0.41088,0.421077,0.400623,0.40752,0.404712,0.36839,0.419896,0.38111,0.392154,0.422478,0.395082,0.394194,0.400208,0.373571,0.3816,0.391169,0.411142,0.378205,0.372651,0.35636,0.393818,0.363342,0.383528,0.376181,0.403066,0.359632,0.351534,0.371545,0.36662,0.377095,0.354392,0.382491,0.347164,0.374844,0.406725,0.851694,0.921834,0.906731,0.819261,0.264697,0.230162,0.22262,0.211622,0.196639,0.23552,0.219234,0.209743,0.19239,0.203572,0.184893,0.199236,0.203256,0.170647,0.187201,0.191778,0.191924,0.216805,0.165484,0.191844,0.188483,0.16014,0.189568,0.182023,0.165956,0.16667,0.175696,0.164719,0.186864,0.173352,0.176663,0.166763,0.11525,0.186565,0.145042,0.154361,0.154403,0.127753,0.141717,0.131006,0.171682,0.107683,0.145768,0.115483,0.173691,0.111157,0.135506,0.0945047,0.176628,0.136222,0.134723,0.105821,0.0807694,0.1465,0.11998,0.132216,0.0743636,0.109394,0.0854416,0.118433,0.135593,0.0927158,0.131091
0.134358,0.119543,0.079743,0.145396,0.0869813,0.150627,0.122415,0.103653,0.107218,0.0519351,0.139755,0.0859948,0.165225,0.104587,0.117775,0.089424,0.136737,0.119541,0.120138,0.133826,0.125716,0.14922,0.123508,0.128415,0.164294,0.161002,0.173404,0.114718,0.164631,0.119296,0.16737,0.151908,0.152688,0.155587,0.13389,0.176305,0.162311,0.155929,0.179964,0.148065,0.168336,0.151293,0.149346,0.160633,0.178845,0.180735,0.197703,0.184211,0.198814,0.170191,0.194471,0.197339,0.188224,0.179246,0.191431,0.200115,0.208979,0.180759,0.17702,0.176821,0.220929,0.217127,0.200167,0.195012,0.296304,0.812378,0.905978,0.877093,0.85334,0.425206,0.362396,0.336624,0.360965,0.388988,0.35538,0.376763,0.371492,0.401739,0.365847,0.358103,0.369517,0.374057,0.386805,0.358157,0.398136,0.357889,0.372512,0.378557,0.373454,0.379588,0.396637,0.386763,0.380764,0.368542,0.380437,0.402632,0.407684,0.385373,0.396345,0.386225,0.393098,0.397565,0.391715,0.401455,0.404391,0.397536,0.414447,0.412326,0.394192,0.406549,0.395561,0.408913,0.394246,0.412455,0.411082,0.390213,0.412065,0.393606,0.403717,0.419565,0.401218,0.40743,0.408571,0.413341,0.415397,0.398695,0.410537,0.415625,0.385494,0.420097,0.411549,0.397551,0.415945,0.415468,0.471883,0.47092,0.472204,0.480552,0.410838,0.40764,0.405202,0.402692,0.412975,0.410417,0.406199,0.403146,0.402298,0.410342,0.394035,0.422788,0.414797,0.403519,0.410274,0.405362,0.397875,0.401292,0.398214,0.392601,0.400428,0.391573,0.417657,0.408655,0.386411,0.377221,0.387987,0.396679,0.403227,0.38215,0.386456,0.386513,0.376881,0.363348,0.405227,0.368234,0.394828,0.378902,0.378365,0.365936,0.37513,0.409265,0.375024,0.386487,0.361563,0.393867,0.367839,0.342332,0.366499,0.432168,0.862629,0.88649,0.909267,0.822335,0.303238,0.202431,0.211206,0.218679,0.23056,0.187798,0.178411,0.187993,0.218657,0.207287,0.198943,0.188834,0.195557,0.201914,0.197405,0.181677,0.200574,0.194888,0.202859,0.188262,0.183326,0.173876,0.147353,0.160279,0.175503,0.156186,0.177787,0.161749,0.17331,0.178752,0.142917,0.162458,0.16203,0.150316,0.17258,0.129038,0.172778,0.121363,0.182911,0.171174,0.16521,0.131324,0.128914,0.156389,0.129419,0.140316,0.125061,0.123084,0.140123,0.100121,0.123887,0.10214,0.170715,0.0893198,0.142158,0.061085,0.111863,0.107896,0.122957,0.158759,0.0942345,0.147072,0.0807231,0.124119
0.127114,0.0864303,0.0889024,0.121121,0.0764112,0.128796,0.0724471,0.112492,0.109305,0.134871,0.114649,0.0827584,0.141873,0.0859003,0.151045,0.109825,0.160107,0.0785499,0.142409,0.103754,0.141785,0.12819,0.152495,0.120633,0.13444,0.116527,0.166423,0.107645,0.183779,0.125899,0.16361,0.153059,0.134375,0.147971,0.152441,0.171445,0.134514,0.145965,0.155014,0.177676,0.190919,0.165314,0.159478,0.171154,0.184198,0.167914,0.185968,0.183893,0.202421,0.181708,0.179026,0.189979,0.163343,0.188197,0.195337,0.178308,0.201453,0.171877,0.216727,0.208816,0.215832,0.176761,0.198523,0.223325,0.21469,0.313049,0.823281,0.911647,0.925669,0.835719,0.408594,0.373596,0.374993,0.36727,0.34134,0.348404,0.35335,0.34907,0.339999,0.387146,0.375191,0.369239,0.352399,0.370741,0.376484,0.37437,0.374397,0.393247,0.367831,0.361656,0.378125,0.382327,0.384205,0.392723,0.380316,0.38137,0.409901,0.380248,0.384007,0.414865,0.379382,0.40488,0.384856,0.389932,0.406052,0.41116,0.396863,0.389072,0.391897,0.414902,0.388682,0.411762,0.407012,0.411375,0.399776,0.403621,0.403846,0.399436,0.415056,0.401726,0.401689,0.403341,0.420489,0.406908,0.403062,0.418066,0.403694,0.401595,0.405646,0.409297,0.408224,0.414298,0.404393,0.406765,0.429949,0.463023,0.461249,0.415921,0.412469,0.409211,0.398061,0.416462,0.397854,0.414495,0.414271,0.412962,0.394782,0.419195,0.39754,0.392928,0.403507,0.412816,0.411886,0.395418,0.390683,0.407859,0.387647,0.421995,0.386106,0.390929,0.411346,0.390817,0.386947,0.396173,0.39032,0.393107,0.376673,0.368771,0.379729,0.396166,0.381069,0.380892,0.38098,0.379372,0.35682,0.376851,0.382732,0.396334,0.34389,0.36131,0.361519,0.351762,0.349033,0.374117,0.379399,0.381533,0.41397,0.844816,0.928935,0.920287,0.833727,0.315944,0.22065,0.232497,0.20369,0.182692,0.224348,0.213195,0.22527,0.181644,0.205791,0.187166,0.203661,0.190183,0.17408,0.201642,0.182118,0.189933,0.20734,0.192281,0.187728,0.180798,0.18356,0.180152,0.16805,0.169862,0.194495,0.182724,0.163812,0.150173,0.142184,0.172685,0.159563,0.149066,0.143399,0.16429,0.163923,0.130922,0.186077,0.113012,0.169378,0.117896,0.142953,0.127907,0.156642,0.130071,0.146339,0.107092,0.146558,0.084687,0.166513,0.112625,0.162982,0.0861575,0.143659,0.0938853,0.120925,0.133543,0.115568,0.117585,0.0769221,0.130387,0.0789672,0.123808,0.0931492,0.0907892
0.120218,0.0679364,0.137325,0.0723196,0.0862612,0.094307,0.0828685,0.137101,0.100222,0.119419,0.106735,0.118388,0.146691,0.114964,0.151844,0.0752385,0.152322,0.0999164,0.178151,0.125294,0.15555,0.0618148,0.148592,0.110092,0.137159,0.112668,0.181964,0.124482,0.167897,0.137805,0.157859,0.145597,0.135272,0.158901,0.124716,0.154871,0.181727,0.169106,0.168273,0.171688,0.16386,0.140368,0.141626,0.171509,0.158381,0.164477,0.194456,0.183787,0.179385,0.161851,0.169071,0.181737,0.209752,0.188956,0.202468,0.163809,0.20871,0.171822,0.202063,0.185095,0.190222,0.194371,0.223141,0.221323,0.185193,0.209569,0.306153,0.844798,0.902935,0.8862,0.844785,0.384066,0.36986,0.336191,0.36933,0.364596,0.356826,0.387091,0.35022,0.388421,0.346521,0.340142,0.369419,0.375221,0.374413,0.382695,0.352019,0.381597,0.378267,0.391267,0.381862,0.396712,0.383837,0.385597,0.37211,0.399666,0.392648,0.38097,0.356165,0.392893,0.405689,0.390536,0.39305,0.408839,0.402575,0.373996,0.411554,0.39767,0.40507,0.423342,0.4035,0.38919,0.393801,0.389556,0.414212,0.396592,0.411161,0.40975,0.382922,0.414343,0.414982,0.414895,0.408156,0.396894,0.404343,0.401858,0.407736,0.415197,0.412082,0.416442,0.410921,0.401173,0.408389,0.394301,0.407323,0.42178,0.417104,0.417286,0.383781,0.409937,0.41304,0.40171,0.412481,0.398475,0.398097,0.391884,0.411866,0.423381,0.41339,0.398266,0.419054,0.377216,0.406154,0.418471,0.39797,0.396716,0.412606,0.394615,0.364138,0.382191,0.399998,0.403192,0.38257,0.385331,0.392609,0.402223,0.386065,0.398985,0.379887,0.392748,0.358527,0.387067,0.377027,0.387748,0.373813,0.350756,0.351615,0.395559,0.36183,0.393948,0.363697,0.37204,0.374506,0.344606,0.374831,0.390853,0.850026,0.897372,0.911441,0.848793,0.314758,0.21264,0.191829,0.229975,0.227087,0.20475,0.192869,0.194531,0.206926,0.179473,0.217189,0.166744,0.216071,0.191269,0.215325,0.182383,0.181466,0.16262,0.192588,0.184572,0.205132,0.164462,0.170515,0.167142,0.152963,0.143134,0.173616,0.170133,0.181978,0.169041,0.189728,0.161758,0.127573,0.168262,0.13381,0.151092,0.164789,0.144668,0.177505,0.135575,0.186358,0.118767,0.142356,0.112709,0.160744,0.0699778,0.155969,0.130035,0.186035,0.104104,0.158389,0.0732821,0.152801,0.126844,0.148854,0.11522,0.113324,0.126593,0.101983,0.141603,0.0872157,0.0977811,0.0926125,0.0786765,0.136931,0.0756642
0.086221,0.0545297,0.115951,0.120301,0.13416,0.109918,0.0751143,0.115737,0.0882266,0.147944,0.114435,0.137292,0.0845097,0.0912452,0.139517,0.118744,0.154994,0.091906,0.131488,0.0645247,0.16133,0.104377,0.175016,0.116669,0.182061,0.0948314,0.152115,0.0998591,0.136952,0.149211,0.141674,0.133462,0.144938,0.15046,0.15462,0.164087,0.182049,0.130007,0.123642,0.162601,0.177904,0.168753,0.159792,0.162428,0.168786,0.161703,0.187236,0.175667,0.173716,0.187953,0.206905,0.198179,0.191522,0.179593,0.171218,0.196581,0.197917,0.188754,0.209072,0.196879,0.204222,0.195474,0.191698,0.188763,0.200391,0.237838,0.252928,0.791711,0.876393,0.909063,0.850491,0.422005,0.351318,0.348213,0.374435,0.330478,0.349263,0.343453,0.372975,0.342864,0.372768,0.367446,0.379063,0.3825,0.36793,0.396655,0.357885,0.383463,0.386354,0.359429,0.3622,0.383234,0.391468,0.384035,0.374694,0.383691,0.392369,0.388888,0.3982,0.404585,0.388909,0.393115,0.382238,0.396184,0.406304,0.402235,0.390084,0.40413,0.392251,0.400108,0.385231,0.398584,0.402469,0.395928,0.418396,0.392214,0.400662,0.40359,0.411011,0.414963,0.404474,0.399704,0.396076,0.404671,0.423183,0.408245,0.398887,0.405763,0.422376,0.40324,0.398923,0.410256,0.428377,0.402081,0.394401,0.398528,0.404507,0.415892,0.412561,0.403329,0.40437,0.394144,0.416138,0.407855,0.397195,0.407636,0.387571,0.400603,0.399346,0.407607,0.394319,0.409786,0.410613,0.399713,0.389588,0.396216,0.392645,0.410327,0.403426,0.394716,0.396719,0.389604,0.379818,0.390785,0.3986,0.388468,0.369988,0.366149,0.387734,0.394595,0.365825,0.399619,0.375756,0.390722,0.384084,0.376392,0.382133,0.350083,0.379604,0.350229,0.356451,0.335969,0.377741,0.356957,0.355892,0.428628,0.862608,0.911411,0.8814,0.799558,0.257828,0.243993,0.21053,0.196377,0.190728,0.2106,0.208005,0.202467,0.218714,0.194083,0.203877,0.204849,0.170157,0.189897,0.198476,0.203693,0.216947,0.189899,0.180941,0.178555,0.1968,0.165332,0.17702,0.169485,0.16701,0.174167,0.185125,0.168953,0.126781,0.142597,0.179553,0.176125,0.162092,0.156425,0.153093,0.138139,0.144014,0.155236,0.143316,0.0972192,0.162939,0.100729,0.186734,0.122787,0.170563,0.108543,0.172042,0.0668064,0.134707,0.0957569,0.164519,0.125076,0.139946,0.0973587,0.0963921,0.134734,0.116054,0.15269,0.0950537,0.115388,0.0820533,0.112313,0.134277,0.1216,0.118594,0.0523123
0.0947958,0.137571,0.12235,0.0747609,0.0972109,0.0685323,0.131297,0.121513,0.104787,0.114929,0.087219,0.141919,0.0818221,0.147736,0.09866,0.121408,0.0866178,0.102338,0.1385,0.106912,0.133437,0.0925813,0.126029,0.108944,0.165274,0.11364,0.148825,0.135815,0.136052,0.141118,0.111098,0.179707,0.137825,0.168883,0.164836,0.14874,0.187634,0.14218,0.171027,0.152075,0.193696,0.153823,0.137317,0.16616,0.169327,0.170933,0.176462,0.168665,0.187135,0.181601,0.19651,0.167066,0.178632,0.181535,0.199006,0.175643,0.183518,0.159324,0.200424,0.187312,0.195672,0.185048,0.193416,0.203499,0.211961,0.201117,0.169332,0.282431,0.821755,0.901828,0.896812,0.835442,0.428238,0.348546,0.354929,0.34632,0.376636,0.386689,0.369288,0.347116,0.361354,0.353512,0.380474,0.358737,0.377725,0.353827,0.350097,0.376547,0.380688,0.370429,0.3876,0.386348,0.370631,0.363503,0.388301,0.378108,0.383524,0.394327,0.378645,0.376326,0.403848,0.395282,0.373308,0.398846,0.414511,0.393633,0.401892,0.402553,0.394209,0.390303,0.405852,0.399901,0.418286,0.389289,0.406319,0.402826,0.398704,0.411343,0.396365,0.39364,0.407525,0.420328,0.421305,0.397221,0.398646,0.406309,0.415501,0.401049,0.399652,0.397666,0.416689,0.407199,0.400057,0.398327,0.422275,0.419315,0.405962,0.394771,0.396362,0.416555,0.399815,0.406581,0.407483,0.394478,0.41387,0.407735,0.402903,0.395159,0.396489,0.406345,0.406663,0.394103,0.424054,0.398937,0.381352,0.399408,0.408925,0.380396,0.384449,0.39752,0.390994,0.383601,0.395356,0.369993,0.374274,0.392776,0.39642,0.37096,0.387801,0.385916,0.355412,0.363533,0.379236,0.364746,0.394172,0.357464,0.367975,0.354653,0.373659,0.395337,0.381304,0.350668,0.362277,0.3551,0.437057,0.841242,0.903911,0.90516,0.831409,0.288089,0.176223,0.209224,0.214716,0.214063,0.199144,0.189358,0.205035,0.192522,0.20449,0.167304,0.188931,0.186781,0.199139,0.190392,0.18546,0.17182,0.198433,0.191473,0.191162,0.176647,0.183543,0.176407,0.172902,0.177067,0.141531,0.160284,0.194712,0.164444,0.174368,0.146102,0.191772,0.151426,0.165558,0.173706,0.142028,0.184531,0.120471,0.143833,0.13815,0.142653,0.149781,0.117672,0.174351,0.116411,0.13321,0.0972808,0.139936,0.116984,0.14376,0.105769,0.0872166,0.132619,0.105566,0.142381,0.0851562,0.155736,0.0860245,0.119471,0.111085,0.125206,0.131938,0.077013,0.102563,0.0796279,0.131347,0.139972
0.0442778,0.120778,0.103284,0.111482,0.123337,0.100899,0.136939,0.0756094,0.0875863,0.103165,0.0950672,0.135768,0.0847753,0.158038,0.079716,0.133477,0.0941008,0.143533,0.126879,0.113432,0.11895,0.126483,0.140033,0.144176,0.136801,0.124133,0.141549,0.15866,0.134764,0.17465,0.129061,0.17038,0.105835,0.162139,0.151722,0.116579,0.202431,0.165764,0.158142,0.140842,0.158067,0.181277,0.15218,0.142439,0.176039,0.170607,0.16974,0.169993,0.183468,0.168202,0.179518,0.17392,0.180432,0.184535,0.171478,0.200926,0.185075,0.219338,0.201779,0.187056,0.193413,0.197552,0.197795,0.198598,0.184113,0.181921,0.200189,0.233747,0.290667,0.80379,0.873398,0.913484,0.826515,0.426721,0.357603,0.348467,0.37396,0.341226,0.356911,0.34853,0.389816,0.363509,0.385911,0.354761,0.360332,0.374748,0.373705,0.385929,0.389382,0.348395,0.390261,0.366243,0.390354,0.37917,0.376175,0.372561,0.391856,0.385838,0.401717,0.366768,0.390858,0.398726,0.390919,0.413515,0.407787,0.369035,0.37458,0.391892,0.405438,0.404025,0.395762,0.3917,0.413494,0.394818,0.399225,0.411185,0.39931,0.40335,0.407462,0.40633,0.402726,0.395819,0.406662,0.414752,0.390273,0.403936,0.417875,0.391634,0.403415,0.397258,0.420386,0.400158,0.388352,0.416963,0.408858,0.394458,0.404248,0.404928,0.402781,0.40959,0.39907,0.410172,0.407781,0.391519,0.418156,0.392394,0.393743,0.411678,0.400771,0.399226,0.379795,0.367715,0.421465,0.411424,0.396428,0.402756,0.391744,0.374337,0.406381,0.391895,0.398024,0.378547,0.38114,0.384828,0.394745,0.372039,0.394549,0.353717,0.396488,0.387367,0.382161,0.385074,0.361064,0.362486,0.393127,0.36935,0.398036,0.352278,0.364381,0.344283,0.381983,0.354312,0.366444,0.431171,0.831385,0.917978,0.881917,0.811189,0.295603,0.243163,0.200813,0.191547,0.193556,0.197258,0.2097,0.20283,0.197506,0.196625,0.209298,0.228194,0.184883,0.208142,0.180706,0.190253,0.180319,0.19011,0.17985,0.179006,0.185417,0.178312,0.172616,0.183297,0.174935,0.150813,0.156021,0.187837,0.161121,0.146573,0.159163,0.176069,0.210698,0.1223,0.164461,0.161978,0.112292,0.171706,0.13483,0.180225,0.14227,0.165572,0.151956,0.131344,0.132248,0.151451,0.148625,0.124442,0.123401,0.115024,0.130826,0.152579,0.0960107,0.135479,0.089662,0.160271,0.0821575,0.141751,0.104605,0.101313,0.0921917,0.082986,0.139724,0.102609,0.127787,0.113348,0.112547,0.133592
0.10439,0.121832,0.0655003,0.0659457,0.0576222,0.0795425,0.129255,0.113761,0.158493,0.0957934,0.0959039,0.0849585,0.0879285,0.162289,0.106134,0.14402,0.0974955,0.143794,0.0679252,0.158485,0.135287,0.13613,0.128588,0.123174,0.109607,0.166687,0.115606,0.141397,0.115884,0.14761,0.119999,0.154815,0.129621,0.171224,0.15125,0.129853,0.188076,0.150253,0.151463,0.142387,0.169278,0.176967,0.167279,0.139191,0.150245,0.171317,0.162561,0.175845,0.185285,0.188754,0.19343,0.186933,0.188915,0.1774,0.190429,0.214994,0.196971,0.189252,0.177267,0.174425,0.207325,0.191285,0.205527,0.183228,0.206201,0.194284,0.211632,0.197129,0.193785,0.308378,0.835382,0.918259,0.894477,0.85021,0.431465,0.363299,0.358001,0.365429,0.343284,0.37853,0.341409,0.361937,0.343325,0.352479,0.3737,0.364523,0.372236,0.355778,0.369395,0.387051,0.359933,0.369514,0.396409,0.369248,0.366533,0.398571,0.38964,0.376869,0.376772,0.377076,0.395049,0.393494,0.389922,0.362257,0.389113,0.399748,0.398238,0.379622,0.424448,0.39184,0.371656,0.410567,0.411919,0.395495,0.409006,0.400189,0.391475,0.410502,0.393004,0.395729,0.409091,0.392836,0.404319,0.414388,0.385625,0.409781,0.412711,0.385696,0.402663,0.385523,0.416513,0.408114,0.386005,0.411555,0.403858,0.395723,0.40895,0.393785,0.399902,0.409461,0.39079,0.401854,0.412908,0.389148,0.422339,0.405736,0.374911,0.399617,0.422372,0.389439,0.399272,0.404684,0.391627,0.362864,0.394932,0.394496,0.403441,0.380629,0.384518,0.378184,0.394213,0.403222,0.373025,0.376455,0.398084,0.375563,0.363964,0.392206,0.373783,0.357549,0.384711,0.367727,0.379188,0.356808,0.349596,0.370293,0.350446,0.377621,0.352002,0.373503,0.360693,0.371375,0.436067,0.853257,0.899641,0.927668,0.841405,0.313333,0.202617,0.202201,0.216995,0.20207,0.208249,0.191951,0.213776,0.197156,0.216696,0.17968,0.181426,0.19191,0.207401,0.216934,0.196791,0.182605,0.194142,0.194423,0.196677,0.198091,0.190829,0.181829,0.164403,0.177977,0.154921,0.144613,0.171607,0.184066,0.181437,0.145738,0.162485,0.146431,0.196751,0.134874,0.151216,0.182448,0.135569,0.162783,0.120635,0.151783,0.113591,0.147989,0.115705,0.1747,0.120996,0.12033,0.13741,0.149867,0.133752,0.162877,0.0721731,0.150221,0.107335,0.14358,0.107342,0.175687,0.090493,0.0843148,0.101655,0.0994804,0.162278,0.120795,0.132884,0.0839217,0.0661239,0.0657053,0.060702,0.124988
0.127384,0.110887,0.0866393,0.150386,0.14236,0.110809,0.0758953,0.0535574,0.107377,0.0823032,0.154909,0.100961,0.137594,0.103813,0.0839757,0.112771,0.0937614,0.181359,0.110375,0.160029,0.0812906,0.156201,0.099406,0.160887,0.12602,0.135168,0.0809676,0.163172,0.097644,0.184676,0.133957,0.171753,0.134331,0.13788,0.127359,0.112737,0.163916,0.160163,0.154273,0.169134,0.162488,0.161755,0.146443,0.130967,0.145767,0.163246,0.181896,0.182814,0.177763,0.178712,0.177726,0.16087,0.175622,0.178864,0.182096,0.211672,0.173454,0.188417,0.185822,0.215087,0.192092,0.192751,0.188413,0.213693,0.235842,0.203907,0.214074,0.195651,0.217397,0.238847,0.283442,0.79485,0.892844,0.909402,0.828161,0.42803,0.339013,0.358746,0.353738,0.361545,0.371204,0.376447,0.339087,0.384222,0.357175,0.379208,0.355578,0.390685,0.369235,0.373371,0.363926,0.367158,0.396427,0.389033,0.34584,0.387238,0.3658,0.37397,0.393652,0.383233,0.380793,0.402516,0.383592,0.368777,0.396863,0.392222,0.405761,0.401196,0.380073,0.386476,0.389989,0.395785,0.411753,0.386882,0.386573,0.391312,0.412455,0.403392,0.379832,0.410159,0.41506,0.397935,0.394436,0.399519,0.399273,0.408602,0.382991,0.390612,0.433653,0.39068,0.383878,0.409957,0.398701,0.404076,0.393908,0.396837,0.415843,0.414231,0.383636,0.402212,0.420227,0.390228,0.387429,0.393439,0.412369,0.397402,0.397156,0.385926,0.388089,0.399586,0.40992,0.396044,0.398455,0.376939,0.386909,0.408072,0.386268,0.382702,0.39953,0.376503,0.3709,0.390132,0.352347,0.391187,0.400229,0.372616,0.368997,0.380688,0.372803,0.39401,0.364363,0.384265,0.364262,0.388363,0.344691,0.38637,0.376168,0.369226,0.355948,0.361476,0.348743,0.43351,0.830769,0.919012,0.8971,0.799641,0.288262,0.246161,0.224585,0.196519,0.224691,0.209621,0.24435,0.217985,0.196371,0.198329,0.1925,0.223447,0.191888,0.193846,0.182543,0.211011,0.191074,0.182477,0.187314,0.160604,0.189989,0.173842,0.18866,0.188888,0.189963,0.162885,0.158705,0.134245,0.153065,0.16348,0.166698,0.172584,0.160209,0.16649,0.168667,0.116296,0.135109,0.135502,0.141673,0.177764,0.135897,0.189852,0.10957,0.168058,0.0867397,0.135516,0.133534,0.168589,0.0993495,0.158511,0.0889072,0.169716,0.11064,0.179905,0.101936,0.118947,0.0857546,0.108635,0.14623,0.100098,0.162272,0.0895535,0.104787,0.059523,0.0885767,0.11174,0.142324,0.16412,0.0910713,0.105953
0.124133,0.0666548,0.0466154,0.0954873,0.0658765,0.148633,0.117726,0.133927,0.130439,0.0961778,0.144627,0.0860534,0.123054,0.0719931,0.0991285,0.104516,0.125504,0.114568,0.0703319,0.166089,0.0893004,0.148551,0.0990224,0.157136,0.106931,0.145487,0.0911125,0.186272,0.120422,0.154469,0.109119,0.138616,0.144382,0.153163,0.16499,0.112263,0.180596,0.152553,0.161157,0.150409,0.145534,0.174746,0.17462,0.167233,0.144355,0.170643,0.148162,0.173055,0.174177,0.174245,0.179365,0.166303,0.200262,0.182838,0.182793,0.188052,0.177962,0.195843,0.197545,0.205547,0.185999,0.197228,0.21403,0.198127,0.218014,0.168919,0.224696,0.21568,0.225117,0.192482,0.205878,0.308277,0.880835,0.910795,0.889784,0.835815,0.409848,0.350242,0.349697,0.364124,0.325999,0.378537,0.342054,0.389504,0.379433,0.36553,0.371481,0.36795,0.343052,0.38412,0.375743,0.374038,0.360928,0.388628,0.380928,0.374694,0.394865,0.381801,0.363016,0.386977,0.393104,0.375228,0.382097,0.396493,0.39407,0.390482,0.38845,0.371069,0.3919,0.417018,0.407981,0.374396,0.411056,0.385665,0.404222,0.410419,0.392343,0.395359,0.387797,0.398354,0.402939,0.400618,0.396583,0.393977,0.415444,0.399614,0.394938,0.404981,0.388369,0.405662,0.397274,0.401255,0.416378,0.399265,0.395227,0.403388,0.402277,0.399784,0.386735,0.400283,0.39869,0.409408,0.410762,0.39027,0.40902,0.379809,0.412749,0.410894,0.407775,0.363576,0.400051,0.393215,0.397516,0.403044,0.384944,0.377514,0.400213,0.387666,0.370303,0.385003,0.400071,0.37703,0.382709,0.396439,0.364653,0.381413,0.3816,0.392562,0.345107,0.37479,0.37514,0.373903,0.383592,0.389801,0.353583,0.382231,0.336004,0.367375,0.351812,0.35755,0.416678,0.844073,0.895564,0.91103,0.887558,0.31517,0.20519,0.202516,0.233065,0.21691,0.235787,0.174809,0.220241,0.206384,0.218087,0.2026,0.195261,0.205764,0.208432,0.198019,0.184631,0.199091,0.190013,0.184663,0.20834,0.169153,0.191578,0.181665,0.173519,0.174653,0.161919,0.169548,0.150747,0.171301,0.180215,0.180187,0.154301,0.150395,0.165241,0.161019,0.181865,0.119376,0.168702,0.167182,0.140287,0.145419,0.114758,0.157217,0.121579,0.189836,0.101237,0.149302,0.109611,0.16655,0.0980384,0.152346,0.0929747,0.169929,0.082621,0.117652,0.123648,0.116621,0.103873,0.0701186,0.129812,0.090315,0.141252,0.10632,0.14058,0.130851,0.119558,0.160835,0.0626222,0.0993567,0.0575985,0.0675014
0.095537,0.06323,0.127858,0.115612,0.110143,0.0900622,0.0848473,0.0990126,0.0648592,0.0828465,0.105605,0.104049,0.177773,0.11425,0.143116,0.109942,0.0860743,0.0982319,0.107627,0.135999,0.0821701,0.146184,0.0882348,0.156616,0.109967,0.157794,0.107174,0.16285,0.107294,0.144878,0.114817,0.13203,0.120948,0.146051,0.18816,0.108885,0.168813,0.164847,0.16353,0.147666,0.142418,0.188196,0.164679,0.144016,0.166767,0.143894,0.161045,0.176567,0.175157,0.159129,0.174544,0.17366,0.17776,0.177432,0.18076,0.190161,0.188593,0.200877,0.186064,0.209601,0.173317,0.207032,0.196398,0.197078,0.201443,0.208021,0.218314,0.198572,0.204598,0.184779,0.216462,0.250885,0.795206,0.886332,0.896153,0.89003,0.845349,0.426961,0.381027,0.354761,0.349752,0.366452,0.384654,0.34333,0.347614,0.352209,0.347464,0.401169,0.357075,0.37287,0.391125,0.350866,0.37975,0.374469,0.358223,0.373956,0.389435,0.388551,0.363436,0.372536,0.404021,0.363076,0.380753,0.396028,0.379916,0.366277,0.407079,0.390555,0.387642,0.401889,0.386143,0.38658,0.388087,0.400791,0.39865,0.390737,0.375994,0.41599,0.406633,0.387071,0.418956,0.389902,0.397809,0.407963,0.375359,0.416118,0.402273,0.389438,0.412174,0.385762,0.405882,0.416337,0.378684,0.408159,0.397899,0.393532,0.417829,0.385416,0.408861,0.417689,0.378308,0.391122,0.408183,0.397668,0.396321,0.384701,0.394277,0.401505,0.394937,0.391372,0.410256,0.372195,0.379513,0.40318,0.383906,0.368385,0.410174,0.374218,0.369691,0.387185,0.402582,0.369471,0.370259,0.375775,0.387968,0.353797,0.401841,0.372361,0.369696,0.398075,0.353603,0.358845,0.352865,0.348214,0.387932,0.376197,0.354817,0.357289,0.382884,0.435014,0.853623,0.900242,0.897429,0.88759,0.800319,0.254553,0.226615,0.189785,0.210852,0.207595,0.220919,0.214936,0.207703,0.205591,0.200746,0.211435,0.181263,0.221253,0.185167,0.214404,0.186811,0.197627,0.183225,0.183931,0.190384,0.171935,0.177219,0.166323,0.183527,0.17931,0.168108,0.151012,0.171883,0.14902,0.170462,0.190988,0.147261,0.162083,0.162296,0.1729,0.174542,0.107808,0.19553,0.148061,0.132213,0.131971,0.123987,0.152021,0.108336,0.163205,0.113512,0.170028,0.1082,0.163024,0.0991113,0.14954,0.0829736,0.137184,0.11096,0.104462,0.088172,0.111492,0.152293,0.118503,0.17862,0.116287,0.109694,0.0815538,0.070222,0.109946,0.0807818,0.0974125,0.115909,0.10956,0.132969,0.0725478
0.091921,0.0623395,0.131712,0.093656,0.0832272,0.0968398,0.0696159,0.123514,0.113389,0.148947,0.0977073,0.0852933,0.0896296,0.0524446,0.119677,0.0935013,0.167882,0.142839,0.14384,0.124665,0.0884108,0.111637,0.123275,0.162689,0.100378,0.14739,0.0942757,0.124003,0.134472,0.161863,0.155533,0.144951,0.13172,0.133161,0.157178,0.102292,0.148475,0.160853,0.161425,0.127174,0.149597,0.17738,0.157257,0.161463,0.16854,0.149896,0.15074,0.196007,0.159578,0.174031,0.195742,0.168875,0.198275,0.185435,0.195342,0.169779,0.174539,0.177932,0.184292,0.208464,0.183009,0.195247,0.184274,0.186596,0.205979,0.202161,0.197277,0.191244,0.21669,0.201718,0.228813,0.192895,0.293401,0.809619,0.909786,0.89231,0.913098,0.827056,0.424333,0.341173,0.359696,0.367221,0.36584,0.34328,0.380434,0.356297,0.378544,0.344893,0.374724,0.348906,0.369074,0.373723,0.373474,0.362062,0.377099,0.375505,0.385595,0.359062,0.369772,0.378476,0.402509,0.383073,0.375472,0.379125,0.381259,0.385746,0.37932,0.39509,0.396454,0.380315,0.377079,0.405501,0.381996,0.388585,0.400317,0.382346,0.38995,0.424823,0.380189,0.388003,0.403033,0.392758,0.399065,0.388883,0.380919,0.415445,0.406475,0.386188,0.411275,0.387354,0.410008,0.415589,0.378423,0.392372,0.400233,0.396513,0.399599,0.391849,0.381273,0.426498,0.393093,0.385912,0.402547,0.39251,0.387468,0.403539,0.384029,0.381694,0.398419,0.398618,0.380531,0.38918,0.387056,0.381128,0.382933,0.387001,0.402929,0.386234,0.371199,0.365208,0.389171,0.381069,0.380321,0.36721,0.3803,0.376709,0.374568,0.356197,0.375052,0.351175,0.379174,0.369317,0.379496,0.355502,0.363813,0.379758,0.363845,0.343751,0.433501,0.827128,0.926399,0.895012,0.911549,0.817357,0.296093,0.201875,0.234306,0.211643,0.216197,0.196671,0.207614,0.199724,0.213782,0.194436,0.189525,0.204152,0.187227,0.21278,0.186862,0.185888,0.179325,0.179335,0.199465,0.192159,0.193366,0.186942,0.192272,0.18459,0.162931,0.207726,0.147276,0.164787,0.163752,0.172712,0.161466,0.184832,0.148482,0.132801,0.168322,0.161799,0.155597,0.111969,0.158235,0.137625,0.137902,0.145512,0.157674,0.167569,0.146865,0.132571,0.0901723,0.155136,0.107374,0.160636,0.12645,0.118198,0.100316,0.126735,0.143051,0.15626,0.173731,0.091173,0.126232,0.0583881,0.0937336,0.0847007,0.106482,0.153137,0.114715,0.127084,0.0778269,0.0980455,0.0926489,0.0944849,0.126217,0.0705165
0.0664117,0.110168,0.102494,0.10728,0.140551,0.117066,0.0974842,0.105331,0.0714792,0.115928,0.0973712,0.121775,0.115261,0.0946554,0.142877,0.0714433,0.145231,0.0907022,0.139739,0.0793467,0.149521,0.127685,0.11966,0.134427,0.119712,0.12492,0.115121,0.114885,0.133088,0.128989,0.125197,0.130171,0.147448,0.117486,0.186122,0.137577,0.147534,0.163356,0.162027,0.147744,0.149284,0.150734,0.147691,0.146268,0.179885,0.156042,0.160781,0.170527,0.160394,0.171857,0.174261,0.175058,0.17959,0.162194,0.153975,0.172812,0.177275,0.201696,0.202283,0.194087,0.169073,0.184138,0.166929,0.218245,0.195543,0.197806,0.173161,0.193494,0.181065,0.201516,0.182924,0.19857,0.216549,0.294126,0.824631,0.904544,0.922731,0.899386,0.841106,0.41022,0.374229,0.352208,0.348886,0.346064,0.358687,0.346899,0.380965,0.373,0.361695,0.363982,0.369986,0.36581,0.391583,0.370512,0.366039,0.374102,0.34774,0.396848,0.377817,0.3479,0.400109,0.380883,0.366964,0.395041,0.383413,0.37858,0.375884,0.391038,0.383483,0.378285,0.396148,0.404517,0.372753,0.375732,0.402327,0.389802,0.388928,0.393495,0.384862,0.404127,0.385974,0.407917,0.389662,0.391386,0.417379,0.392956,0.385336,0.386115,0.393602,0.387436,0.3885,0.395936,0.417131,0.395378,0.388651,0.409789,0.3876,0.409672,0.383729,0.399069,0.392199,0.39516,0.406114,0.380138,0.375293,0.40268,0.402926,0.376895,0.387394,0.394747,0.379906,0.381567,0.38913,0.396415,0.370912,0.387383,0.400782,0.354148,0.381064,0.397408,0.358177,0.376374,0.37313,0.37365,0.397486,0.369455,0.373425,0.367446,0.368517,0.37814,0.383434,0.354235,0.366679,0.345869,0.356041,0.356179,0.386821,0.410652,0.847295,0.90173,0.930753,0.910348,0.827103,0.301834,0.217118,0.207307,0.188063,0.208757,0.181393,0.20118,0.177889,0.204515,0.201686,0.222611,0.173754,0.1853,0.172075,0.202924,0.210649,0.204841,0.182801,0.179333,0.157345,0.177489,0.176162,0.182271,0.182887,0.176242,0.161332,0.178058,0.163088,0.162535,0.19088,0.146017,0.150972,0.160783,0.154355,0.150299,0.172436,0.165924,0.148486,0.142801,0.193399,0.118813,0.157437,0.141682,0.128613,0.127706,0.131941,0.123808,0.121023,0.127578,0.131189,0.137436,0.126534,0.130603,0.142631,0.0928386,0.145167,0.080026,0.158696,0.0792029,0.139346,0.10678,0.119449,0.124493,0.0995693,0.120362,0.0728797,0.112749,0.102355,0.110963,0.147674,0.119774,0.110168,0.108574
0.0795517,0.10862,0.0955645,0.0403206,0.0862315,0.061579,0.104527,0.09653,0.10619,0.151457,0.0841021,0.146317,0.0619359,0.106405,0.101532,0.0944885,0.146274,0.0867377,0.15595,0.0901851,0.15524,0.100029,0.129499,0.101136,0.13812,0.112468,0.13302,0.123314,0.16073,0.115664,0.164845,0.136988,0.165248,0.111813,0.181759,0.133591,0.100804,0.140616,0.162826,0.155358,0.145632,0.190042,0.1705,0.161086,0.159479,0.151476,0.129625,0.178076,0.17389,0.178891,0.165099,0.176837,0.170136,0.163963,0.195886,0.185417,0.19428,0.17667,0.173258,0.151999,0.169442,0.177603,0.200339,0.215508,0.158344,0.165617,0.181571,0.207824,0.208305,0.2132,0.205613,0.207879,0.197179,0.203192,0.299884,0.808677,0.893077,0.880789,0.901803,0.84737,0.4125,0.352985,0.356948,0.369246,0.359686,0.368453,0.367075,0.354021,0.338483,0.385026,0.366484,0.382152,0.344195,0.386098,0.345915,0.382906,0.367822,0.3697,0.381943,0.376066,0.379585,0.376931,0.367005,0.386562,0.390761,0.369864,0.37582,0.393066,0.396967,0.385599,0.373898,0.40285,0.37774,0.384999,0.390946,0.411327,0.381306,0.388672,0.399394,0.399969,0.383894,0.387922,0.396847,0.388715,0.382343,0.400056,0.392369,0.395379,0.41331,0.3951,0.391746,0.402885,0.38351,0.389726,0.394006,0.392311,0.383084,0.406136,0.396607,0.401805,0.379225,0.415485,0.395333,0.388347,0.377824,0.407716,0.376878,0.389698,0.402837,0.389511,0.383971,0.366795,0.397181,0.392874,0.366636,0.382488,0.379959,0.377443,0.388825,0.371619,0.373342,0.387455,0.352029,0.385506,0.354603,0.376303,0.378597,0.385049,0.348224,0.35516,0.374541,0.368165,0.370714,0.369789,0.367044,0.355819,0.422337,0.849074,0.897761,0.89595,0.894399,0.820395,0.297212,0.205762,0.209002,0.208461,0.218593,0.21445,0.213125,0.221447,0.179501,0.173611,0.164208,0.220062,0.200233,0.192573,0.174876,0.149089,0.185302,0.178721,0.204498,0.186903,0.195541,0.169481,0.17998,0.178598,0.170744,0.184096,0.177375,0.184781,0.136666,0.151704,0.169128,0.168555,0.174055,0.189599,0.154854,0.1562,0.166814,0.149411,0.108596,0.135178,0.187103,0.114349,0.166402,0.143834,0.168552,0.127137,0.161888,0.128156,0.144312,0.108684,0.141755,0.112909,0.127476,0.104794,0.166321,0.0866236,0.167194,0.0925092,0.143414,0.102471,0.108273,0.106292,0.0711903,0.147014,0.0875928,0.158782,0.110158,0.0923627,0.116608,0.0714776,0.0794609,0.0430395,0.101218,0.111942
0.0937704,0.138751,0.0970407,0.120478,0.111337,0.0927418,0.107737,0.0907613,0.095724,0.0730867,0.0729062,0.11332,0.083014,0.138264,0.127563,0.125075,0.117137,0.0628307,0.0985389,0.0676291,0.137912,0.115529,0.160102,0.130678,0.169198,0.0809084,0.140003,0.113759,0.13945,0.107446,0.146362,0.135744,0.173512,0.0863836,0.175726,0.149096,0.117123,0.151229,0.149891,0.174628,0.13495,0.188852,0.157396,0.142177,0.18792,0.152477,0.171219,0.193976,0.156784,0.166085,0.151849,0.182048,0.15649,0.187531,0.175453,0.170948,0.171372,0.17513,0.192035,0.166695,0.191802,0.186884,0.178742,0.188259,0.163972,0.234978,0.206157,0.219024,0.176989,0.19372,0.178235,0.212008,0.202828,0.23782,0.217939,0.297609,0.799632,0.901384,0.901096,0.903198,0.817493,0.427854,0.369011,0.347029,0.347515,0.37599,0.351873,0.367233,0.340191,0.381642,0.341602,0.366653,0.374383,0.377431,0.377257,0.371306,0.362054,0.374131,0.364288,0.372512,0.386324,0.375116,0.38929,0.372803,0.358768,0.399954,0.391102,0.377208,0.399247,0.377066,0.366204,0.410129,0.387082,0.373479,0.389847,0.385188,0.367382,0.393941,0.394773,0.377778,0.386315,0.394456,0.392598,0.389977,0.390928,0.404276,0.392394,0.384854,0.401608,0.386579,0.389776,0.406417,0.386968,0.390323,0.393588,0.39551,0.380416,0.381431,0.394106,0.398769,0.366799,0.393289,0.391516,0.38141,0.390099,0.415376,0.367137,0.381797,0.398652,0.379342,0.398028,0.398896,0.366596,0.371036,0.392897,0.373503,0.392406,0.373037,0.371704,0.379954,0.361959,0.379769,0.375384,0.387525,0.374843,0.373635,0.343424,0.391216,0.345887,0.369586,0.357981,0.381191,0.351711,0.352875,0.373432,0.434778,0.817152,0.914154,0.901585,0.911335,0.806737,0.296093,0.224375,0.244925,0.209051,0.217634,0.185086,0.200871,0.182004,0.224595,0.210966,0.239577,0.172353,0.192561,0.183296,0.189196,0.199664,0.175472,0.19618,0.17627,0.176336,0.176895,0.187777,0.184865,0.168026,0.180823,0.158762,0.169435,0.167955,0.194254,0.184823,0.153196,0.188135,0.149057,0.167423,0.189813,0.144064,0.181572,0.151149,0.152194,0.125225,0.151845,0.18151,0.097284,0.1729,0.139346,0.151341,0.112098,0.148543,0.109567,0.147113,0.0912923,0.169171,0.131844,0.165664,0.121886,0.140737,0.0686515,0.106293,0.0685943,0.116535,0.13672,0.131855,0.13662,0.0907373,0.123128,0.0695914,0.0754198,0.103723,0.0896949,0.108007,0.105785,0.121655,0.117338,0.105293,0.141831
0.0965738,0.0764974,0.0739064,0.100689,0.0593002,0.0641358,0.101744,0.106274,0.163652,0.126622,0.0975963,0.104781,0.0869448,0.11319,0.0746716,0.108502,0.107649,0.122538,0.141604,0.114778,0.142551,0.077586,0.132349,0.0833468,0.145402,0.0939221,0.157046,0.105179,0.168775,0.117118,0.149225,0.113779,0.153391,0.0854701,0.162652,0.166282,0.156289,0.159655,0.127774,0.146662,0.126138,0.178244,0.168587,0.157793,0.171669,0.142843,0.149753,0.178602,0.1311,0.194508,0.178796,0.182889,0.175673,0.170739,0.169193,0.161121,0.192221,0.158319,0.207232,0.163332,0.198649,0.180592,0.199423,0.186212,0.196849,0.202819,0.172055,0.18441,0.193415,0.199257,0.210302,0.206172,0.192769,0.200366,0.192047,0.18957,0.290813,0.836449,0.905072,0.91542,0.909506,0.851326,0.420647,0.355454,0.334838,0.38051,0.340846,0.351062,0.37037,0.353585,0.367871,0.379612,0.367517,0.339267,0.380973,0.357196,0.371291,0.342424,0.376651,0.3582,0.385523,0.388916,0.357155,0.385038,0.376068,0.376622,0.373803,0.381164,0.38293,0.386923,0.375197,0.38436,0.379965,0.369272,0.384024,0.391743,0.398396,0.371911,0.386661,0.405244,0.385764,0.383479,0.388687,0.385093,0.393113,0.397888,0.381787,0.382291,0.409027,0.384166,0.383053,0.396607,0.39204,0.387602,0.389497,0.386498,0.384084,0.412733,0.379012,0.383806,0.392153,0.400477,0.380297,0.381976,0.376092,0.390383,0.377744,0.388124,0.387543,0.383324,0.37785,0.377802,0.376789,0.384431,0.362553,0.388178,0.394759,0.356646,0.382713,0.3487,0.372036,0.367493,0.376593,0.35224,0.363705,0.393468,0.362944,0.365131,0.368574,0.359791,0.344887,0.384679,0.339723,0.358578,0.424776,0.857672,0.914932,0.921718,0.912501,0.835502,0.29939,0.191528,0.198376,0.204356,0.194438,0.221034,0.208293,0.207717,0.198485,0.190103,0.175791,0.207795,0.198948,0.19097,0.210624,0.183142,0.203654,0.164289,0.212998,0.16388,0.200334,0.15874,0.183804,0.169687,0.185428,0.187733,0.186011,0.19321,0.143258,0.174538,0.155078,0.151542,0.17963,0.156622,0.175438,0.18379,0.123984,0.15708,0.13282,0.166355,0.158243,0.173272,0.163988,0.0915394,0.159919,0.121461,0.153426,0.115135,0.175692,0.110881,0.158864,0.100305,0.151672,0.0889401,0.137591,0.0746742,0.154114,0.113286,0.141725,0.134871,0.111437,0.101623,0.0894581,0.117295,0.0803324,0.112876,0.105771,0.122451,0.169971,0.117041,0.0974309,0.0654572,0.0680464,0.104977,0.0762825,0.0885145
0.094162,0.109273,0.0830487,0.119483,0.114685,0.0991427,0.110675,0.0913248,0.112627,0.0560015,0.11307,0.0686701,0.0690954,0.132526,0.115507,0.177728,0.109396,0.141824,0.0938011,0.0921278,0.117405,0.067465,0.153062,0.110412,0.135193,0.0900706,0.170348,0.0884914,0.142328,0.118684,0.132309,0.104187,0.173826,0.0982034,0.15032,0.153547,0.138343,0.133642,0.121866,0.154097,0.136109,0.1822,0.168743,0.151074,0.164272,0.14127,0.161157,0.17592,0.143332,0.208593,0.161466,0.172332,0.146797,0.170293,0.160566,0.190685,0.163632,0.163694,0.203353,0.173138,0.182696,0.177882,0.194859,0.192045,0.185223,0.186884,0.195209,0.216714,0.200451,0.198138,0.178612,0.207877,0.191437,0.211143,0.204804,0.215256,0.205673,0.299127,0.79233,0.856771,0.894808,0.892403,0.843001,0.440244,0.39309,0.347682,0.356836,0.351393,0.357782,0.342658,0.358344,0.364735,0.37581,0.351937,0.391154,0.342335,0.355242,0.388157,0.360395,0.371393,0.368731,0.383581,0.367091,0.384818,0.368916,0.370104,0.386409,0.366048,0.376875,0.38403,0.382844,0.373198,0.377674,0.386378,0.382348,0.371334,0.387776,0.389314,0.380347,0.386393,0.387502,0.380272,0.37928,0.383049,0.388278,0.370286,0.398124,0.406088,0.368996,0.406251,0.394941,0.376355,0.388994,0.38611,0.377604,0.388471,0.381472,0.39648,0.374029,0.402731,0.380247,0.380728,0.380867,0.392726,0.377676,0.375903,0.384685,0.386111,0.378888,0.367207,0.389107,0.371116,0.374506,0.383662,0.373876,0.379396,0.378838,0.366843,0.369724,0.391937,0.354717,0.350843,0.389467,0.360263,0.376481,0.371859,0.355988,0.350301,0.36325,0.353699,0.364881,0.348744,0.400145,0.443083,0.849065,0.898896,0.90328,0.857533,0.794148,0.305779,0.211118,0.219973,0.210681,0.218384,0.193772,0.21503,0.18923,0.197945,0.211549,0.217358,0.194348,0.202135,0.189682,0.197859,0.197428,0.183798,0.187837,0.181835,0.202904,0.173856,0.169142,0.192878,0.165352,0.1771,0.147975,0.178029,0.168195,0.214425,0.147423,0.184973,0.160377,0.147682,0.166457,0.161533,0.170332,0.189498,0.139096,0.156933,0.12683,0.138782,0.144356,0.158134,0.154676,0.103334,0.176768,0.105421,0.139613,0.124641,0.149743,0.0950201,0.168578,0.0973277,0.135338,0.111884,0.161865,0.0698816,0.11854,0.106786,0.0870822,0.14551,0.120294,0.177366,0.114939,0.149209,0.0693458,0.069007,0.118096,0.0625264,0.114008,0.095222,0.114508,0.101007,0.122579,0.119976,0.0782844,0.112003
0.0972176,0.0719854,0.0915027,0.076736,0.0807354,0.116562,0.130049,0.095553,0.109434,0.0921235,0.135547,0.100307,0.114042,0.106456,0.0762307,0.0988487,0.0685582,0.127951,0.0677896,0.112205,0.128546,0.104695,0.151464,0.119035,0.125312,0.0975263,0.133109,0.101245,0.171447,0.110675,0.151469,0.0992919,0.169274,0.112438,0.115718,0.158788,0.132528,0.138952,0.134987,0.161321,0.143132,0.158807,0.160145,0.144782,0.153237,0.156077,0.169387,0.159658,0.135297,0.173992,0.162261,0.160836,0.178963,0.191793,0.180998,0.15104,0.160029,0.151801,0.194574,0.153231,0.199428,0.178565,0.205053,0.193914,0.192453,0.184313,0.214124,0.19149,0.202091,0.179919,0.208542,0.18776,0.199206,0.170661,0.209894,0.202527,0.209062,0.218202,0.264116,0.307755,0.82867,0.901461,0.906551,0.873187,0.823965,0.397668,0.379844,0.353398,0.352141,0.371659,0.370853,0.344821,0.366547,0.371978,0.35548,0.381014,0.364924,0.379309,0.356047,0.375087,0.380777,0.372431,0.364944,0.384126,0.382672,0.35985,0.384261,0.369136,0.369552,0.392234,0.365067,0.375363,0.389727,0.392505,0.37747,0.381776,0.374968,0.386009,0.388222,0.373474,0.395681,0.381176,0.396359,0.387587,0.373808,0.402959,0.373182,0.373616,0.392375,0.371754,0.370951,0.402314,0.367347,0.392484,0.393605,0.388446,0.38741,0.383434,0.382233,0.396891,0.374154,0.388346,0.380092,0.398061,0.390397,0.377956,0.361177,0.398886,0.364909,0.379737,0.383854,0.363916,0.388595,0.380307,0.375476,0.367338,0.392856,0.373377,0.360625,0.382956,0.370961,0.382998,0.363437,0.367065,0.374354,0.349117,0.382075,0.367562,0.363621,0.354503,0.382259,0.404115,0.824104,0.8825,0.908418,0.908476,0.832067,0.31255,0.268498,0.225447,0.213245,0.2078,0.215435,0.171591,0.205156,0.195619,0.216823,0.17466,0.207646,0.19654,0.227127,0.184016,0.197006,0.19598,0.215156,0.180965,0.200364,0.166834,0.194707,0.16095,0.159262,0.161959,0.177405,0.205371,0.176734,0.172739,0.161617,0.182149,0.132457,0.174961,0.174079,0.160772,0.161078,0.14743,0.165556,0.162728,0.149661,0.163072,0.140626,0.145454,0.131398,0.166262,0.12013,0.116404,0.179457,0.101138,0.156283,0.114929,0.164455,0.114471,0.138323,0.0993023,0.138537,0.115325,0.157909,0.111543,0.123268,0.11842,0.0824216,0.118048,0.0766861,0.111337,0.0701066,0.107863,0.120858,0.100863,0.142777,0.0985066,0.107518,0.100924,0.138611,0.11957,0.0809676,0.0892417,0.0907072,0.071523
0.0933468,0.0921983,0.0971229,0.104574,0.0815712,0.124879,0.0706168,0.127261,0.0615856,0.0587496,0.0879451,0.0718906,0.0947832,0.107181,0.102224,0.123922,0.107319,0.13845,0.129019,0.158584,0.0981134,0.10303,0.106284,0.0928075,0.123606,0.114315,0.15534,0.104112,0.127317,0.113472,0.152817,0.0742658,0.156756,0.132599,0.125464,0.162654,0.134109,0.163472,0.103445,0.155674,0.114332,0.156111,0.162687,0.140435,0.199138,0.145009,0.170684,0.151017,0.142262,0.199703,0.165845,0.211877,0.154123,0.176475,0.138212,0.167894,0.183471,0.191564,0.186225,0.186911,0.205688,0.181209,0.194443,0.190574,0.19939,0.176817,0.201448,0.168585,0.202049,0.182228,0.192173,0.188932,0.194844,0.2144,0.226529,0.210435,0.19503,0.203628,0.195136,0.195588,0.297726,0.825124,0.915061,0.896266,0.925088,0.820294,0.427796,0.345283,0.341785,0.363573,0.35479,0.361571,0.356853,0.388585,0.332092,0.371144,0.363915,0.353461,0.36473,0.378921,0.364191,0.364087,0.392372,0.357686,0.36567,0.36963,0.376868,0.376995,0.376367,0.36387,0.376124,0.388467,0.378809,0.367047,0.396094,0.362869,0.382412,0.411764,0.35125,0.382299,0.389365,0.368722,0.378962,0.378353,0.37756,0.389544,0.386637,0.379061,0.380731,0.378828,0.380375,0.39002,0.371282,0.38174,0.375506,0.37421,0.386273,0.38731,0.347467,0.42004,0.377444,0.370705,0.392963,0.372917,0.375427,0.395075,0.37189,0.37203,0.377496,0.379604,0.383456,0.366609,0.374208,0.357606,0.400382,0.362956,0.367262,0.382596,0.370561,0.357748,0.368941,0.367889,0.342559,0.381637,0.371032,0.357151,0.369027,0.358756,0.353874,0.346109,0.431028,0.830307,0.922583,0.908717,0.913878,0.831621,0.302125,0.200872,0.197754,0.209421,0.19964,0.213816,0.231697,0.218616,0.203653,0.191663,0.194211,0.18882,0.20753,0.171046,0.206392,0.183595,0.206955,0.187146,0.201437,0.187123,0.212336,0.187423,0.192931,0.192071,0.186096,0.182949,0.137788,0.181782,0.160599,0.215824,0.167938,0.211386,0.141846,0.1552,0.174946,0.148234,0.200113,0.148304,0.16409,0.164929,0.116792,0.159135,0.109738,0.168606,0.144735,0.160715,0.134164,0.126915,0.163894,0.0855525,0.152289,0.12537,0.132923,0.104575,0.165077,0.10919,0.131727,0.106737,0.09834,0.114894,0.103299,0.153812,0.132691,0.148177,0.104452,0.133716,0.106042,0.106817,0.102742,0.0779512,0.0868756,0.0639814,0.0682135,0.121525,0.0755822,0.130695,0.0807311,0.105927,0.112852,0.0918668
0.0729408,0.0685728,0.101229,0.116167,0.0912628,0.118321,0.0951805,0.108283,0.0908218,0.117,0.117743,0.0942299,0.143764,0.103201,0.110498,0.0934617,0.0975295,0.105278,0.0690554,0.145449,0.10064,0.168149,0.11564,0.123019,0.134691,0.112002,0.0966005,0.109015,0.110363,0.0987934,0.142699,0.0947024,0.140332,0.135324,0.0964124,0.143736,0.159724,0.150002,0.11516,0.156201,0.130795,0.179327,0.163437,0.123573,0.144864,0.12899,0.158962,0.172061,0.145905,0.184342,0.141961,0.159869,0.160233,0.163928,0.187716,0.195998,0.193896,0.16289,0.18983,0.189371,0.182417,0.169468,0.185798,0.178831,0.188714,0.169903,0.197672,0.176577,0.216399,0.174358,0.182593,0.197196,0.219021,0.186749,0.207721,0.178788,0.229463,0.193491,0.21373,0.198918,0.229015,0.291777,0.808581,0.875781,0.913338,0.908554,0.836241,0.447413,0.377422,0.354443,0.351211,0.364976,0.348592,0.346903,0.352862,0.385064,0.365214,0.357544,0.35668,0.358854,0.379859,0.35578,0.379893,0.358633,0.380146,0.384664,0.353447,0.382046,0.371447,0.360962,0.372058,0.384828,0.36342,0.355983,0.400001,0.360496,0.377827,0.376036,0.391015,0.380132,0.383383,0.380086,0.383955,0.396953,0.367332,0.381675,0.387941,0.371301,0.38078,0.372833,0.384217,0.386499,0.366475,0.400095,0.383001,0.383797,0.379979,0.388762,0.382462,0.387973,0.370709,0.368751,0.395377,0.360173,0.36167,0.390504,0.369356,0.366586,0.372464,0.384406,0.359071,0.387572,0.383938,0.35887,0.381548,0.360832,0.379391,0.368896,0.357101,0.357843,0.37252,0.380933,0.36543,0.341833,0.359142,0.363633,0.362568,0.352177,0.387479,0.451565,0.837772,0.913896,0.916772,0.878921,0.815346,0.293932,0.234521,0.203513,0.218804,0.200942,0.228517,0.189812,0.211403,0.184461,0.231823,0.205017,0.17869,0.179254,0.221415,0.184621,0.205393,0.166169,0.194993,0.190823,0.18748,0.177569,0.185883,0.191616,0.197161,0.171522,0.194436,0.200483,0.190724,0.171237,0.163595,0.165117,0.141575,0.195519,0.148874,0.173692,0.165255,0.136409,0.150014,0.127381,0.170149,0.181719,0.138305,0.158406,0.118098,0.15094,0.164541,0.151256,0.0999806,0.147191,0.138511,0.0986805,0.147924,0.10174,0.121406,0.10431,0.105454,0.121218,0.131894,0.129091,0.120579,0.173537,0.107733,0.144878,0.0756902,0.109691,0.0960846,0.0971531,0.115507,0.099413,0.149666,0.101087,0.120135,0.119799,0.102344,0.110392,0.0932539,0.128536,0.0969419,0.108322,0.106203,0.0764586
0.0901967,0.0978212,0.115019,0.121255,0.133525,0.0931707,0.0962603,0.0954089,0.103336,0.0913977,0.0876184,0.0826639,0.137764,0.0808173,0.151858,0.104034,0.117371,0.100932,0.08784,0.123652,0.0709589,0.161828,0.0912381,0.0984049,0.0908408,0.116231,0.100332,0.129021,0.13379,0.136867,0.168087,0.112215,0.133349,0.163376,0.122496,0.128575,0.124363,0.157307,0.10401,0.175102,0.09155,0.168117,0.152278,0.134075,0.160575,0.142901,0.190384,0.164058,0.150284,0.18919,0.129727,0.167056,0.161138,0.183835,0.167505,0.197964,0.16328,0.190101,0.180918,0.191875,0.179408,0.208703,0.189884,0.192647,0.175009,0.166882,0.189307,0.170433,0.180227,0.190081,0.204993,0.208701,0.20668,0.185934,0.194468,0.19404,0.197828,0.189506,0.195974,0.209589,0.208921,0.219428,0.299589,0.825969,0.907442,0.906213,0.900994,0.865523,0.817637,0.411939,0.365808,0.36858,0.347858,0.365196,0.361819,0.343744,0.368758,0.370029,0.376856,0.348812,0.370256,0.355263,0.356572,0.385694,0.363866,0.367832,0.371024,0.375261,0.363999,0.36717,0.381402,0.366678,0.372794,0.387653,0.372493,0.374875,0.372922,0.386788,0.387617,0.358971,0.382091,0.387806,0.3841,0.362359,0.387688,0.390114,0.367842,0.376129,0.390636,0.379615,0.365202,0.392441,0.386325,0.366712,0.380628,0.397769,0.375562,0.372845,0.37948,0.39963,0.363363,0.385525,0.36739,0.39352,0.372902,0.368747,0.381555,0.368084,0.370043,0.377372,0.375168,0.370757,0.359455,0.393659,0.352575,0.368357,0.361812,0.36067,0.37322,0.376196,0.368512,0.344168,0.367861,0.36818,0.353224,0.371806,0.367493,0.418122,0.821025,0.869253,0.906351,0.90681,0.915416,0.823515,0.314403,0.214603,0.217438,0.214513,0.199346,0.195073,0.19991,0.199016,0.202411,0.190474,0.207431,0.214729,0.207914,0.194744,0.187068,0.169974,0.19568,0.17169,0.17526,0.200897,0.193113,0.207488,0.191426,0.189802,0.187889,0.194228,0.170825,0.199835,0.17722,0.182543,0.16662,0.174032,0.136386,0.182678,0.165031,0.163367,0.198826,0.145574,0.167807,0.132758,0.158409,0.169213,0.0967064,0.18439,0.107356,0.161844,0.127854,0.130977,0.125978,0.169647,0.138938,0.118434,0.172129,0.140309,0.140692,0.133932,0.104314,0.126607,0.0871119,0.110226,0.0961445,0.152062,0.0853191,0.129866,0.084262,0.115215,0.120351,0.10213,0.163723,0.0860939,0.131944,0.0901903,0.0960223,0.0869443,0.101882,0.1043,0.0960226,0.096517,0.145755,0.123136,0.111165,0.112216
0.0783361,0.117687,0.135715,0.06288,0.102826,0.0600354,0.0878948,0.0555111,0.0877491,0.112647,0.072662,0.0928012,0.118466,0.0892528,0.132521,0.100848,0.0938683,0.0848036,0.0689107,0.0952409,0.0993242,0.132124,0.100931,0.176738,0.122382,0.151621,0.0938689,0.146931,0.118716,0.0993184,0.12599,0.112534,0.0849913,0.164093,0.115427,0.131092,0.122028,0.154227,0.124593,0.166001,0.107977,0.17329,0.148426,0.141257,0.147586,0.12599,0.159841,0.15297,0.145409,0.17491,0.147716,0.203586,0.169836,0.170347,0.17466,0.179841,0.143917,0.184783,0.165967,0.185257,0.174248,0.188737,0.157056,0.174421,0.152092,0.177381,0.186089,0.198783,0.179809,0.194568,0.186832,0.186936,0.190022,0.194312,0.191824,0.175031,0.189529,0.2088,0.215167,0.208727,0.184346,0.208392,0.192258,0.301491,0.804453,0.871944,0.895692,0.905824,0.906639,0.836247,0.444908,0.366896,0.365754,0.351819,0.363866,0.343096,0.368457,0.379712,0.353668,0.369522,0.387776,0.357218,0.359512,0.365672,0.379242,0.35443,0.38746,0.375337,0.368266,0.351419,0.367884,0.380431,0.364242,0.369549,0.352278,0.380378,0.384796,0.351654,0.386206,0.384922,0.375732,0.372162,0.375672,0.381558,0.383631,0.376023,0.385891,0.386444,0.384391,0.386816,0.379345,0.38089,0.377205,0.387249,0.373007,0.382503,0.371194,0.39734,0.380182,0.361325,0.385173,0.385014,0.35244,0.372188,0.364278,0.383702,0.368281,0.357405,0.370146,0.380401,0.386409,0.360207,0.374307,0.376181,0.355494,0.369944,0.379943,0.38051,0.351762,0.382287,0.370621,0.348088,0.365545,0.362983,0.362231,0.377772,0.448497,0.839236,0.906483,0.914039,0.894581,0.874115,0.815791,0.296183,0.206644,0.206102,0.187572,0.215377,0.218841,0.210052,0.198161,0.179837,0.194933,0.192636,0.204519,0.188867,0.187112,0.202809,0.187287,0.202004,0.187954,0.185786,0.155285,0.182937,0.163358,0.187056,0.183378,0.192238,0.174208,0.18201,0.156206,0.175178,0.191276,0.169357,0.180142,0.200684,0.162616,0.169772,0.161708,0.153707,0.159964,0.131542,0.148491,0.148894,0.152895,0.17977,0.108027,0.169488,0.131754,0.155912,0.130612,0.138697,0.114257,0.169729,0.0894241,0.116392,0.136229,0.0932016,0.130149,0.152452,0.0887143,0.161406,0.131018,0.174002,0.11454,0.135519,0.0951383,0.110184,0.0664473,0.0871023,0.104185,0.0999013,0.131808,0.0980261,0.121411,0.0921173,0.0830696,0.117017,0.088812,0.064751,0.0914682,0.053132,0.103112,0.0752562,0.136058,0.117182
0.0899891,0.119212,0.0847511,0.089207,0.110707,0.100655,0.0924868,0.123106,0.0806678,0.123611,0.108841,0.160869,0.0851493,0.0854162,0.086146,0.0690684,0.124262,0.120918,0.121465,0.124705,0.0999336,0.134489,0.098158,0.143636,0.0827333,0.152375,0.090788,0.141471,0.10588,0.104826,0.139486,0.170725,0.0959987,0.150685,0.138258,0.160977,0.101092,0.166263,0.111545,0.183542,0.109147,0.149322,0.134764,0.11566,0.148112,0.107484,0.175212,0.152064,0.170349,0.168982,0.14048,0.194854,0.131304,0.168645,0.172603,0.17057,0.156541,0.181317,0.178164,0.190427,0.173597,0.177935,0.163396,0.165438,0.163518,0.185868,0.191026,0.203971,0.184929,0.203106,0.183407,0.201104,0.185451,0.201609,0.162904,0.196947,0.209499,0.224089,0.183924,0.223435,0.183531,0.222061,0.196147,0.204466,0.268709,0.299116,0.806123,0.891208,0.930805,0.915444,0.849857,0.408345,0.392822,0.352623,0.372366,0.368771,0.364227,0.358098,0.344429,0.364232,0.376937,0.3737,0.365687,0.359704,0.35003,0.368454,0.377481,0.364369,0.358663,0.384586,0.38099,0.375715,0.367051,0.373491,0.381879,0.366549,0.378301,0.372961,0.374382,0.387919,0.387044,0.364556,0.381064,0.391795,0.371717,0.352582,0.3787,0.377745,0.331265,0.37979,0.375731,0.35567,0.370417,0.398312,0.376682,0.374044,0.382323,0.398542,0.367754,0.382031,0.375883,0.373406,0.377321,0.378902,0.364819,0.384989,0.37969,0.391705,0.354737,0.371512,0.37423,0.379864,0.342372,0.371524,0.360498,0.38477,0.378319,0.366527,0.343727,0.363027,0.366954,0.377979,0.371843,0.361761,0.395004,0.417737,0.84853,0.921544,0.928239,0.89973,0.805702,0.30562,0.274553,0.208802,0.197029,0.233561,0.178196,0.23346,0.189429,0.223398,0.215095,0.200799,0.16931,0.200245,0.194287,0.200608,0.188372,0.208049,0.190148,0.208025,0.191691,0.197789,0.162426,0.166858,0.169137,0.186104,0.177117,0.191237,0.182669,0.184313,0.168341,0.167817,0.175192,0.175847,0.136895,0.195798,0.146002,0.177636,0.161828,0.166532,0.177361,0.110242,0.157504,0.115638,0.136709,0.153419,0.116686,0.184841,0.117379,0.172809,0.0942456,0.171943,0.144818,0.153039,0.103639,0.165892,0.151669,0.109121,0.103132,0.155408,0.0926704,0.153308,0.0958588,0.137519,0.0999257,0.149449,0.0954946,0.130954,0.133938,0.11326,0.135928,0.0761072,0.0830186,0.0955923,0.0930952,0.15501,0.108001,0.132714,0.0817399,0.126792,0.103574,0.10687,0.106699,0.0965568,0.0901616,0.119211
0.103369,0.104144,0.064392,0.107765,0.0762035,0.0467457,0.07178,0.0831861,0.0701747,0.0762633,0.092857,0.131929,0.108171,0.118685,0.105634,0.0784777,0.123786,0.0806262,0.129318,0.090276,0.0811453,0.0994003,0.0837083,0.149238,0.0683193,0.144446,0.0986431,0.152107,0.129796,0.128735,0.123492,0.155829,0.080254,0.141445,0.111797,0.15397,0.0891053,0.14356,0.10732,0.168296,0.117601,0.181975,0.141582,0.146696,0.168536,0.146773,0.168213,0.127215,0.122517,0.14067,0.140084,0.164816,0.155502,0.156455,0.190691,0.154959,0.173511,0.193615,0.161213,0.183013,0.130197,0.159276,0.131119,0.19564,0.174968,0.211059,0.182062,0.199035,0.169856,0.208588,0.175776,0.205656,0.161627,0.193377,0.184237,0.197325,0.212524,0.184112,0.18214,0.207963,0.197362,0.197383,0.213488,0.210341,0.231308,0.206254,0.262795,0.81797,0.873354,0.899364,0.905847,0.879834,0.838407,0.422339,0.386164,0.364993,0.333496,0.364712,0.358512,0.356919,0.36399,0.355562,0.355264,0.348092,0.387408,0.351385,0.351278,0.354342,0.375923,0.3697,0.356761,0.350571,0.377576,0.34827,0.376153,0.355236,0.347339,0.383355,0.360988,0.352106,0.373298,0.373844,0.36312,0.363965,0.386635,0.36114,0.364732,0.382716,0.369762,0.385524,0.365969,0.366213,0.387535,0.373077,0.358391,0.383823,0.368378,0.360317,0.356429,0.387438,0.343617,0.360191,0.373326,0.354792,0.377569,0.354475,0.354404,0.377075,0.371233,0.365573,0.34419,0.361677,0.380099,0.363381,0.354251,0.360329,0.362804,0.35992,0.362851,0.368777,0.340516,0.368775,0.387818,0.433735,0.833767,0.886171,0.910979,0.901346,0.87099,0.829479,0.261389,0.214835,0.22824,0.220458,0.207717,0.210717,0.193343,0.215407,0.18667,0.186503,0.215462,0.207273,0.179424,0.20236,0.168183,0.209076,0.178218,0.218302,0.173006,0.204695,0.182716,0.216385,0.183331,0.19821,0.130898,0.170364,0.129341,0.192186,0.164378,0.194082,0.175521,0.169667,0.19033,0.159076,0.15989,0.167909,0.142078,0.148128,0.128285,0.131193,0.17706,0.146775,0.172676,0.154915,0.143816,0.18895,0.121098,0.170888,0.106918,0.154735,0.095461,0.155328,0.119408,0.138597,0.0871966,0.160808,0.122321,0.142883,0.123987,0.154753,0.110503,0.138502,0.0765836,0.162493,0.0771193,0.107743,0.088459,0.0894156,0.137245,0.0881648,0.116772,0.0917823,0.109256,0.116797,0.123404,0.135851,0.0933158,0.0841771,0.0742497,0.0792347,0.0758489,0.053589,0.0769203,0.106243,0.0780357,0.107778
0.084038,0.0786532,0.097748,0.1033,0.0843908,0.0839023,0.0929411,0.0848495,0.124728,0.100145,0.110532,0.113057,0.0836748,0.128835,0.086953,0.0773019,0.084227,0.0497004,0.100267,0.108191,0.12326,0.119715,0.112979,0.122268,0.092571,0.121248,0.113918,0.129719,0.126209,0.156186,0.0876228,0.152077,0.108262,0.133875,0.125894,0.165476,0.0829392,0.172683,0.094083,0.16604,0.106568,0.181471,0.153135,0.146704,0.173658,0.106711,0.161844,0.116082,0.164689,0.164892,0.162848,0.188566,0.1562,0.14637,0.167074,0.136389,0.144302,0.161201,0.12847,0.149383,0.160769,0.181958,0.20264,0.214246,0.179499,0.172233,0.186368,0.177458,0.17397,0.15652,0.17769,0.197784,0.190693,0.194182,0.195549,0.195945,0.208118,0.194204,0.183388,0.226175,0.196877,0.186689,0.217203,0.181283,0.182485,0.209463,0.222363,0.258172,0.314206,0.792894,0.923412,0.902202,0.902115,0.881625,0.813672,0.436558,0.370728,0.377811,0.361339,0.35101,0.355459,0.359068,0.349317,0.365593,0.359206,0.359473,0.356334,0.381715,0.353918,0.354493,0.362871,0.360838,0.361864,0.369808,0.346923,0.36146,0.380132,0.369763,0.368386,0.36244,0.393619,0.348237,0.373764,0.383999,0.365599,0.377363,0.374157,0.369078,0.408008,0.371976,0.371742,0.384577,0.363234,0.394621,0.369368,0.364469,0.383778,0.376976,0.359125,0.378686,0.373206,0.369572,0.341483,0.371834,0.363006,0.364046,0.362775,0.360843,0.349321,0.386756,0.351285,0.370234,0.357683,0.37286,0.351318,0.352627,0.365065,0.347494,0.369317,0.379589,0.373797,0.442522,0.812647,0.886227,0.907141,0.899309,0.927659,0.795721,0.312749,0.263551,0.227947,0.212614,0.184312,0.186111,0.219988,0.194773,0.196435,0.230726,0.190534,0.196218,0.209965,0.20876,0.187831,0.205118,0.194186,0.19963,0.181534,0.16487,0.170574,0.185818,0.1926,0.175843,0.180411,0.222692,0.203626,0.193312,0.154194,0.155764,0.133313,0.171132,0.139732,0.146132,0.171398,0.151075,0.157075,0.201839,0.160278,0.175573,0.16235,0.118926,0.170428,0.113076,0.170843,0.156049,0.153629,0.184446,0.111496,0.173685,0.0964354,0.173656,0.0958933,0.159927,0.133339,0.138796,0.115094,0.155884,0.0848552,0.162499,0.136681,0.126918,0.120917,0.125865,0.0869543,0.132883,0.1152,0.119841,0.134818,0.102632,0.107622,0.0564614,0.0800838,0.0840204,0.0958102,0.122046,0.0818054,0.12533,0.106745,0.0992424,0.136257,0.0907243,0.0902443,0.0926093,0.0872113,0.104515,0.0977204,0.0894536
0.0885661,0.08519,0.0636816,0.0785661,0.0743718,0.076845,0.143052,0.0753605,0.106892,0.11713,0.100863,0.10001,0.100385,0.126317,0.0996045,0.131644,0.118349,0.0800173,0.134425,0.100708,0.134522,0.114524,0.0980259,0.109135,0.105494,0.0936219,0.115863,0.105637,0.0999321,0.172204,0.0785653,0.158912,0.140158,0.145995,0.113545,0.169846,0.100273,0.140467,0.0791426,0.161011,0.122513,0.169326,0.105931,0.157715,0.145795,0.116744,0.192638,0.129392,0.207579,0.149453,0.161192,0.153862,0.152503,0.13398,0.180713,0.14018,0.174638,0.164971,0.158163,0.183391,0.191912,0.189791,0.177683,0.178691,0.155917,0.195279,0.179753,0.182798,0.165738,0.183244,0.209072,0.21983,0.181196,0.191453,0.192639,0.202336,0.211611,0.197439,0.173161,0.19179,0.205132,0.183549,0.22714,0.171147,0.204105,0.222955,0.207142,0.203042,0.206496,0.307808,0.810665,0.883248,0.899729,0.904858,0.900299,0.864604,0.849712,0.417643,0.38003,0.360489,0.35645,0.370701,0.358259,0.356595,0.348722,0.356941,0.366614,0.364582,0.360217,0.358487,0.370196,0.371642,0.358224,0.36628,0.367905,0.361382,0.369058,0.352405,0.3847,0.354048,0.365414,0.37956,0.364917,0.377292,0.371856,0.358091,0.378404,0.362245,0.358019,0.364277,0.376974,0.364467,0.368681,0.388326,0.360081,0.393727,0.360023,0.364571,0.381384,0.359981,0.369811,0.361882,0.372742,0.363349,0.36153,0.376715,0.365404,0.36418,0.351297,0.372231,0.362521,0.364608,0.352051,0.351417,0.366249,0.362156,0.366438,0.358857,0.386702,0.419982,0.856921,0.861152,0.903377,0.907487,0.906122,0.878815,0.818477,0.306237,0.21335,0.202695,0.215855,0.220181,0.213322,0.169842,0.234663,0.183932,0.21409,0.18947,0.182346,0.201133,0.21314,0.211026,0.197976,0.190137,0.194415,0.216894,0.214952,0.190676,0.167675,0.186256,0.187085,0.195318,0.164667,0.181178,0.17752,0.200344,0.194032,0.189209,0.159551,0.177026,0.174348,0.144165,0.185795,0.140044,0.154743,0.163488,0.159758,0.156364,0.213138,0.13353,0.189776,0.125292,0.151142,0.155824,0.117919,0.170231,0.1245,0.170879,0.0825747,0.14125,0.103709,0.174505,0.118488,0.151544,0.134324,0.172512,0.0799077,0.17512,0.105048,0.103362,0.123437,0.101603,0.106887,0.111864,0.104814,0.113779,0.1398,0.110912,0.123269,0.0960381,0.122752,0.125138,0.114755,0.131125,0.0995947,0.105904,0.110805,0.112673,0.112134,0.0773458,0.140545,0.0765769,0.0884456,0.0750145,0.0635693,0.0949662
0.0910897,0.075791,0.0917429,0.0758049,0.0851275,0.127707,0.0738049,0.104161,0.109787,0.0873492,0.110167,0.0918282,0.089906,0.125864,0.0869815,0.104683,0.0802965,0.0981001,0.110043,0.0621868,0.125485,0.0908411,0.124567,0.12512,0.136475,0.135195,0.131695,0.117741,0.0813835,0.173682,0.0775124,0.132026,0.130189,0.137624,0.0979064,0.141774,0.104664,0.154169,0.0661534,0.163871,0.119066,0.169846,0.135223,0.145431,0.156238,0.138206,0.172639,0.116612,0.162817,0.123371,0.123393,0.152304,0.13903,0.14232,0.141444,0.145252,0.188684,0.15067,0.183095,0.189619,0.167524,0.170294,0.18682,0.182037,0.181747,0.166912,0.15511,0.161063,0.200906,0.183433,0.207966,0.181623,0.199681,0.186164,0.203139,0.156674,0.190269,0.181959,0.192658,0.188781,0.208942,0.190696,0.203614,0.209941,0.187967,0.219006,0.19235,0.205683,0.214377,0.202515,0.242826,0.318725,0.808996,0.906845,0.88253,0.933021,0.89424,0.873836,0.833716,0.434406,0.382977,0.355204,0.369895,0.355248,0.334811,0.374966,0.359817,0.339267,0.360525,0.366867,0.357281,0.365388,0.364399,0.371523,0.354371,0.346777,0.355767,0.372225,0.357151,0.351525,0.357357,0.376758,0.362061,0.364592,0.373275,0.344603,0.380102,0.377993,0.357692,0.382532,0.380529,0.34923,0.375054,0.369779,0.360748,0.381743,0.354081,0.355145,0.358276,0.375191,0.361246,0.347042,0.362957,0.37474,0.362763,0.37045,0.352656,0.371355,0.358025,0.341833,0.36341,0.37192,0.344925,0.349309,0.378004,0.348211,0.393137,0.43472,0.841284,0.870195,0.896768,0.937116,0.885302,0.904569,0.821117,0.312023,0.248984,0.203906,0.221451,0.205358,0.200846,0.21638,0.201491,0.206187,0.214773,0.188983,0.215804,0.19071,0.200282,0.18376,0.197593,0.155976,0.213671,0.183973,0.208259,0.179207,0.218227,0.181135,0.208756,0.15995,0.167801,0.161874,0.187915,0.186807,0.193647,0.165735,0.175218,0.200063,0.180513,0.15517,0.195605,0.148268,0.143628,0.151136,0.136736,0.155206,0.129547,0.121012,0.172008,0.119285,0.176378,0.142244,0.160239,0.149416,0.138088,0.178307,0.122411,0.159907,0.0741761,0.154886,0.110451,0.149007,0.0962726,0.142154,0.131194,0.137845,0.0851327,0.170801,0.090026,0.122178,0.129295,0.145191,0.139327,0.127628,0.134389,0.0877973,0.129445,0.0694252,0.107319,0.0992882,0.0928871,0.100808,0.083772,0.139139,0.087379,0.0897428,0.122464,0.0924184,0.109369,0.1158,0.0778196,0.1311,0.0863188,0.0846001,0.0820459,0.0745752
0.0792587,0.0835485,0.0617379,0.0959575,0.0711097,0.088538,0.0931389,0.0685426,0.0958474,0.109874,0.076191,0.0763706,0.11542,0.0941718,0.0878306,0.133715,0.123939,0.118659,0.11415,0.0804741,0.14587,0.0894721,0.139742,0.0978675,0.13022,0.0914325,0.080618,0.118135,0.0618134,0.149936,0.0756589,0.135933,0.111241,0.161289,0.0984254,0.154219,0.127756,0.14814,0.0796771,0.14471,0.100999,0.175164,0.1122,0.157726,0.129965,0.137221,0.15905,0.093476,0.167056,0.122076,0.175026,0.112846,0.149396,0.140813,0.159851,0.158727,0.204419,0.127355,0.17775,0.184772,0.145939,0.185819,0.188527,0.155288,0.161107,0.170331,0.185002,0.192974,0.209924,0.157241,0.178925,0.199369,0.183828,0.179134,0.185375,0.16865,0.196737,0.198596,0.180775,0.191712,0.209265,0.176663,0.189462,0.203175,0.180687,0.214789,0.196368,0.20179,0.193702,0.211494,0.218483,0.208158,0.265082,0.814972,0.877575,0.896626,0.901193,0.909201,0.909459,0.876172,0.831288,0.434168,0.388831,0.366097,0.362526,0.365937,0.347912,0.358502,0.358289,0.365484,0.340401,0.370156,0.362463,0.341366,0.362955,0.359005,0.350672,0.365012,0.370042,0.350542,0.371953,0.358911,0.359769,0.370285,0.343849,0.347806,0.363425,0.349124,0.358192,0.351783,0.363497,0.351884,0.344234,0.378631,0.355648,0.36648,0.366292,0.351975,0.365803,0.372614,0.351874,0.365556,0.362746,0.347711,0.357032,0.377334,0.338239,0.367409,0.359833,0.357614,0.359414,0.361775,0.371892,0.357814,0.396646,0.434151,0.838773,0.87744,0.910907,0.909586,0.903545,0.898613,0.885334,0.812018,0.276171,0.206479,0.221497,0.214026,0.201673,0.202937,0.200031,0.216629,0.187632,0.201349,0.192555,0.182532,0.210496,0.194798,0.185195,0.199392,0.203255,0.169416,0.187594,0.1881,0.179745,0.205,0.182577,0.163543,0.213142,0.191217,0.197187,0.173207,0.16228,0.158787,0.199452,0.184386,0.153392,0.192224,0.171605,0.139723,0.204421,0.161572,0.159789,0.151947,0.152002,0.112964,0.186577,0.120033,0.174528,0.0986398,0.166059,0.137118,0.137822,0.160092,0.111848,0.180814,0.108504,0.147144,0.0892753,0.147884,0.127724,0.158387,0.102662,0.169771,0.117147,0.127612,0.0864535,0.150689,0.0691305,0.124199,0.0770748,0.0998473,0.13567,0.0961633,0.146959,0.101389,0.137505,0.0944503,0.122008,0.110829,0.136024,0.137691,0.0880033,0.0989027,0.122878,0.0767922,0.0801622,0.1155,0.0890499,0.0677804,0.106669,0.0860146,0.0796274,0.109232,0.072572,0.0790436
0.0743183,0.0801409,0.110574,0.128113,0.114886,0.112717,0.0800372,0.124881,0.122314,0.0589796,0.123616,0.0920128,0.110247,0.0796424,0.0738178,0.0889147,0.090389,0.101548,0.0802664,0.0800245,0.100308,0.0767248,0.133084,0.0763445,0.129125,0.122541,0.100163,0.1359,0.104992,0.144184,0.127086,0.119252,0.0914405,0.171957,0.114404,0.142357,0.0895141,0.139122,0.0851569,0.14977,0.0878214,0.13226,0.128994,0.149187,0.111609,0.155114,0.170488,0.120748,0.171731,0.123314,0.180407,0.137646,0.179732,0.15746,0.151096,0.144763,0.172865,0.112727,0.168894,0.158517,0.157021,0.159933,0.19087,0.129296,0.20429,0.166335,0.20324,0.156179,0.201583,0.166115,0.20703,0.199393,0.183028,0.171705,0.221619,0.175205,0.191724,0.181568,0.185492,0.188405,0.205223,0.169767,0.193588,0.212642,0.189774,0.207401,0.193916,0.207721,0.200621,0.209095,0.214003,0.195354,0.216841,0.254903,0.29439,0.794782,0.883835,0.911706,0.905035,0.885799,0.920629,0.857048,0.848328,0.430969,0.383844,0.351866,0.364932,0.367286,0.348125,0.353553,0.3765,0.361755,0.372454,0.364014,0.354855,0.354869,0.367532,0.352826,0.351923,0.375561,0.35286,0.350664,0.382091,0.375314,0.344328,0.371551,0.383543,0.351362,0.370792,0.35239,0.381221,0.375484,0.343295,0.38255,0.379027,0.358011,0.347468,0.379668,0.346654,0.360874,0.370732,0.354602,0.355723,0.363299,0.370712,0.36199,0.378115,0.347782,0.357412,0.364833,0.377294,0.347163,0.391588,0.427083,0.858331,0.857926,0.92458,0.885095,0.908708,0.915933,0.883503,0.797791,0.301596,0.25061,0.221661,0.191982,0.216737,0.213807,0.201201,0.217484,0.194743,0.213245,0.18836,0.219688,0.191371,0.182751,0.202909,0.195599,0.187553,0.183001,0.199033,0.185409,0.211559,0.188302,0.175328,0.211228,0.207598,0.168645,0.20712,0.164136,0.196599,0.175324,0.208469,0.129802,0.194778,0.163214,0.162588,0.156609,0.180883,0.109763,0.178746,0.153862,0.152999,0.156135,0.190601,0.13644,0.188014,0.129386,0.170859,0.125477,0.173664,0.157594,0.116506,0.155682,0.134521,0.126976,0.0930638,0.155594,0.0849577,0.152106,0.0871622,0.148927,0.114885,0.17605,0.0972175,0.124937,0.132974,0.15098,0.0955786,0.149775,0.107012,0.119233,0.141991,0.0759867,0.137007,0.0867291,0.100782,0.0789558,0.0937398,0.100556,0.08594,0.107871,0.0637976,0.0806324,0.123754,0.0882353,0.123604,0.0756387,0.13086,0.119622,0.0815391,0.122019,0.107948,0.122573,0.125227,0.0877093
0.115913,0.0957119,0.104694,0.0869693,0.0649572,0.0730331,0.0917045,0.0840408,0.0831154,0.0978468,0.0719471,0.0964125,0.0850516,0.110312,0.0854966,0.136711,0.0917785,0.12627,0.121623,0.143302,0.117972,0.0770138,0.15465,0.0979985,0.114199,0.126577,0.103021,0.107113,0.0909238,0.0752849,0.098255,0.147185,0.0626962,0.128348,0.110334,0.149699,0.0874978,0.144553,0.103294,0.182588,0.104416,0.162842,0.126149,0.139689,0.132896,0.12746,0.162387,0.120913,0.197092,0.109054,0.185482,0.143338,0.168345,0.145079,0.116554,0.166588,0.139284,0.174162,0.189913,0.181614,0.165708,0.183084,0.16282,0.146146,0.178509,0.168561,0.165026,0.187543,0.187333,0.176624,0.169377,0.186897,0.163759,0.186061,0.192919,0.184264,0.15883,0.217927,0.17417,0.20131,0.183362,0.193233,0.192384,0.201336,0.198712,0.209522,0.217631,0.18234,0.199451,0.176653,0.236052,0.193726,0.207562,0.21957,0.18488,0.259,0.305665,0.818869,0.853202,0.910986,0.913214,0.915041,0.894634,0.873127,0.812833,0.442915,0.396137,0.379643,0.327652,0.367812,0.361101,0.362319,0.373241,0.359034,0.367152,0.382472,0.345539,0.375453,0.385775,0.338015,0.365904,0.37605,0.361917,0.349057,0.383932,0.3686,0.355314,0.366026,0.37056,0.365062,0.355996,0.368697,0.378773,0.353178,0.355583,0.382425,0.364369,0.339055,0.390108,0.377671,0.350597,0.380967,0.36659,0.360027,0.366865,0.360471,0.360152,0.367576,0.336396,0.378539,0.403497,0.434576,0.825749,0.87058,0.901407,0.91445,0.916252,0.917325,0.849049,0.824822,0.306125,0.258119,0.192441,0.215624,0.21196,0.201147,0.234446,0.187656,0.198978,0.190115,0.219215,0.214046,0.199586,0.209697,0.187676,0.204874,0.180412,0.208533,0.17552,0.224148,0.161158,0.192124,0.185979,0.196913,0.162207,0.189929,0.176087,0.179337,0.189433,0.193245,0.170147,0.16919,0.188155,0.145715,0.171765,0.182746,0.173062,0.177594,0.209463,0.163838,0.155641,0.165475,0.12637,0.140383,0.184108,0.145478,0.185021,0.115547,0.199997,0.128596,0.167008,0.132518,0.129694,0.144313,0.135668,0.170544,0.109162,0.184523,0.102074,0.150143,0.0914957,0.155369,0.117012,0.124046,0.0734899,0.147611,0.099821,0.0863091,0.0891638,0.108463,0.113625,0.120338,0.120214,0.109331,0.147395,0.085969,0.127913,0.135718,0.129559,0.137396,0.0861158,0.138706,0.10391,0.102776,0.0888402,0.106532,0.0633595,0.0925817,0.0987306,0.08294,0.0946806,0.0844891,0.0740896,0.086742,0.0994306,0.0972766
0.12156,0.0715448,0.100509,0.0732775,0.100805,0.107456,0.0894659,0.116868,0.0816157,0.103382,0.104046,0.0804955,0.0987146,0.0895984,0.104343,0.0872207,0.068219,0.0901921,0.0924868,0.0980632,0.0976075,0.0574939,0.0883635,0.078814,0.0786095,0.112096,0.0897569,0.0852748,0.123375,0.10792,0.102707,0.135723,0.120617,0.143863,0.0982166,0.15498,0.12288,0.165466,0.104748,0.159334,0.120888,0.162017,0.140827,0.124142,0.109031,0.124086,0.11587,0.0985442,0.146268,0.107435,0.178929,0.10886,0.167974,0.128554,0.157689,0.181329,0.183861,0.173985,0.181641,0.1407,0.181469,0.172104,0.181796,0.148365,0.179147,0.164331,0.177447,0.163768,0.172956,0.148217,0.181764,0.199387,0.176247,0.194373,0.180448,0.192136,0.172398,0.197793,0.13716,0.178199,0.204627,0.205918,0.196364,0.190419,0.195753,0.194963,0.210461,0.198745,0.214067,0.20259,0.216084,0.180514,0.199012,0.208598,0.204652,0.211189,0.221505,0.234837,0.298218,0.822613,0.873316,0.898274,0.899548,0.911912,0.919445,0.87511,0.857354,0.837764,0.437339,0.389408,0.389948,0.382475,0.370997,0.351688,0.356005,0.353051,0.359397,0.367781,0.353221,0.358592,0.365783,0.36883,0.342665,0.361815,0.387437,0.329407,0.370294,0.372991,0.332273,0.374139,0.370709,0.331425,0.37898,0.362421,0.337613,0.370277,0.365371,0.356575,0.357424,0.372644,0.364434,0.356373,0.352893,0.3532,0.366501,0.383204,0.393525,0.387351,0.44631,0.829856,0.869861,0.867831,0.926376,0.91334,0.897202,0.90468,0.869504,0.830096,0.295442,0.239859,0.225027,0.211101,0.209404,0.211591,0.200544,0.189056,0.214885,0.211399,0.21487,0.204051,0.217817,0.195264,0.198158,0.198215,0.194004,0.213385,0.205423,0.179732,0.144795,0.197916,0.176002,0.196595,0.179294,0.196918,0.186134,0.193806,0.191699,0.148965,0.17522,0.168023,0.183937,0.160197,0.190337,0.147541,0.188858,0.169987,0.194008,0.134474,0.191579,0.1744,0.184489,0.184347,0.16388,0.13054,0.167254,0.115462,0.176598,0.11531,0.146984,0.100229,0.120248,0.128517,0.117297,0.123219,0.141244,0.166611,0.118113,0.171683,0.106755,0.167256,0.131295,0.150406,0.108578,0.144526,0.12409,0.144085,0.0962455,0.116814,0.133229,0.0736158,0.102236,0.118484,0.075348,0.089216,0.0905066,0.0559929,0.106168,0.104306,0.0878749,0.104722,0.0712347,0.0836262,0.114318,0.0881931,0.0983344,0.0941884,0.114121,0.102447,0.0789875,0.124005,0.0840538,0.102592,0.115836,0.0780614,0.111197,0.0820901
0.0495908,0.0757663,0.0590997,0.0791621,0.095635,0.0868553,0.0723983,0.0747595,0.0940024,0.100145,0.0897991,0.0934516,0.120069,0.0755537,0.09922,0.0880973,0.0971637,0.115911,0.152642,0.123927,0.113312,0.158237,0.109194,0.124203,0.121471,0.0964264,0.177095,0.120161,0.1336,0.153984,0.0916013,0.119511,0.088784,0.115583,0.107403,0.12363,0.0958797,0.120619,0.0741228,0.154601,0.113994,0.152475,0.129089,0.139233,0.105692,0.130154,0.144238,0.0897101,0.160298,0.134161,0.18743,0.120201,0.197971,0.15541,0.160123,0.184362,0.149228,0.173456,0.154613,0.161673,0.165687,0.127253,0.147791,0.177607,0.153098,0.180736,0.17946,0.184177,0.173275,0.177548,0.169931,0.200491,0.152786,0.183764,0.170161,0.197557,0.187438,0.19762,0.170033,0.185099,0.185148,0.181723,0.176282,0.213823,0.192058,0.193909,0.191302,0.21015,0.203642,0.205447,0.206802,0.199467,0.192157,0.212652,0.203277,0.207869,0.202111,0.194544,0.210891,0.260138,0.309153,0.796438,0.884061,0.862785,0.919617,0.891537,0.89759,0.921971,0.86451,0.869477,0.860148,0.846976,0.421247,0.385825,0.382737,0.398921,0.351538,0.352522,0.357307,0.381269,0.356904,0.362181,0.367122,0.370797,0.370521,0.362349,0.365507,0.374229,0.379763,0.375793,0.364811,0.360569,0.372068,0.361991,0.372623,0.35243,0.360437,0.376528,0.360986,0.357633,0.355068,0.400012,0.379948,0.386905,0.423256,0.8481,0.868507,0.866428,0.873456,0.915812,0.904397,0.890099,0.919013,0.867834,0.881241,0.804051,0.30468,0.267438,0.209597,0.197342,0.206769,0.207277,0.210254,0.214459,0.197431,0.204932,0.208318,0.211463,0.208299,0.211365,0.195825,0.194502,0.189338,0.216493,0.181747,0.183393,0.188157,0.183547,0.186045,0.19285,0.192926,0.200059,0.180648,0.176493,0.163107,0.202827,0.172966,0.184192,0.17333,0.190369,0.182205,0.185002,0.153971,0.183164,0.149283,0.137526,0.164028,0.16764,0.155096,0.182217,0.150227,0.185529,0.165176,0.159246,0.19936,0.124479,0.199249,0.128078,0.171985,0.0893938,0.148901,0.13326,0.109964,0.147978,0.130236,0.160351,0.111899,0.159553,0.082118,0.120264,0.101309,0.125846,0.108355,0.128936,0.0809441,0.131713,0.0949869,0.147658,0.146075,0.120465,0.178472,0.104636,0.117382,0.12929,0.11921,0.15234,0.116989,0.132118,0.151346,0.115478,0.110621,0.0878694,0.100471,0.0864599,0.110701,0.0895805,0.0995891,0.102927,0.101614,0.0807436,0.0758107,0.0887901,0.0934763,0.0831092,0.054641,0.084325
0.0983613,0.0813371,0.111903,0.0808781,0.104694,0.105333,0.0633506,0.0852575,0.0747153,0.067069,0.0829817,0.0681909,0.110609,0.0502409,0.122008,0.083883,0.0954794,0.113408,0.0481273,0.133933,0.0798835,0.127122,0.0867944,0.0795137,0.112868,0.0348504,0.106321,0.100362,0.103103,0.0945922,0.0666088,0.0974488,0.0800368,0.130594,0.0823868,0.106086,0.116659,0.130841,0.0763941,0.143595,0.117783,0.155574,0.120316,0.15631,0.123562,0.132499,0.133887,0.117806,0.148834,0.100666,0.183697,0.101992,0.184698,0.132392,0.177352,0.154482,0.139383,0.187848,0.135697,0.13818,0.155654,0.130317,0.180838,0.18659,0.145414,0.17006,0.192539,0.157284,0.153597,0.175459,0.162973,0.184998,0.176074,0.164403,0.188002,0.165312,0.181343,0.166545,0.196914,0.158803,0.19908,0.17369,0.207315,0.188483,0.176757,0.175564,0.198768,0.206005,0.194262,0.206644,0.183257,0.208704,0.177545,0.22727,0.202,0.198508,0.1964,0.217479,0.21871,0.20485,0.192615,0.255771,0.258128,0.312672,0.807839,0.889624,0.900496,0.915031,0.906316,0.907092,0.916678,0.901884,0.863362,0.874622,0.891831,0.81906,0.429256,0.40343,0.381256,0.385994,0.376895,0.374758,0.376165,0.355829,0.341458,0.35807,0.346582,0.346168,0.382966,0.34522,0.341471,0.357363,0.339193,0.352149,0.375386,0.36842,0.381534,0.387939,0.383146,0.410161,0.424344,0.818753,0.887702,0.878712,0.86396,0.903716,0.923931,0.908421,0.911389,0.913129,0.903595,0.891445,0.807643,0.315939,0.255503,0.264426,0.189696,0.207285,0.220897,0.218632,0.205494,0.19579,0.207836,0.229602,0.179877,0.211372,0.185341,0.209198,0.197637,0.205765,0.204953,0.171932,0.18509,0.191109,0.208985,0.176956,0.209774,0.154777,0.208387,0.167081,0.183025,0.168789,0.192851,0.159852,0.182528,0.190669,0.15591,0.189838,0.150123,0.168097,0.184906,0.187323,0.140196,0.190806,0.183946,0.136714,0.156148,0.146165,0.134428,0.193614,0.143068,0.153928,0.187859,0.138538,0.185515,0.106567,0.184164,0.107323,0.151466,0.122945,0.13701,0.139778,0.123685,0.158833,0.123175,0.15955,0.129565,0.137009,0.0853621,0.128218,0.124812,0.112631,0.0804643,0.132951,0.0848461,0.097549,0.0793576,0.0916568,0.109304,0.107375,0.103637,0.0437429,0.116097,0.0810828,0.0941083,0.13119,0.0825033,0.141929,0.0463213,0.114491,0.102472,0.0850203,0.127982,0.0610245,0.117518,0.0666628,0.0886458,0.0678149,0.0704791,0.0934918,0.0737002,0.100436,0.116342,0.0895043,0.110041,0.0738695
0.0548437,0.100327,0.0695122,0.0487098,0.114245,0.0484926,0.0827525,0.0706049,0.0915426,0.0784742,0.0813469,0.113697,0.0590667,0.108145,0.0644753,0.128183,0.0772599,0.128387,0.0557893,0.10734,0.096531,0.127636,0.111526,0.109917,0.153825,0.122911,0.124811,0.134073,0.113255,0.141531,0.159188,0.139334,0.120043,0.141776,0.13576,0.109524,0.127135,0.171709,0.0874031,0.125368,0.100998,0.148132,0.108358,0.141961,0.0946846,0.109497,0.12691,0.106732,0.159765,0.105615,0.157063,0.105589,0.158759,0.1219,0.160352,0.155021,0.1363,0.175492,0.0967693,0.146171,0.179561,0.141089,0.184551,0.167014,0.149368,0.161326,0.174461,0.164038,0.165112,0.193022,0.144876,0.16738,0.174251,0.157276,0.186566,0.184548,0.171304,0.169808,0.174376,0.161125,0.192305,0.184356,0.188917,0.176479,0.197676,0.206459,0.206914,0.177957,0.169441,0.195684,0.197584,0.207909,0.207764,0.200551,0.207568,0.185877,0.2202,0.217363,0.197268,0.214435,0.207674,0.210047,0.215548,0.188478,0.262542,0.299751,0.810934,0.846063,0.881183,0.910205,0.904037,0.911997,0.929781,0.919204,0.901662,0.922431,0.877805,0.878855,0.876052,0.868901,0.892597,0.869255,0.837484,0.424533,0.398281,0.383808,0.399384,0.407699,0.395263,0.407147,0.39516,0.384879,0.395951,0.421392,0.836386,0.867607,0.893977,0.877546,0.875073,0.887512,0.875721,0.9223,0.895464,0.920909,0.931457,0.915495,0.911965,0.911594,0.881776,0.848129,0.813897,0.303379,0.259509,0.196761,0.210873,0.222235,0.200783,0.216237,0.202285,0.215785,0.227519,0.18382,0.210153,0.203507,0.208194,0.213992,0.199519,0.195101,0.1786,0.171164,0.211232,0.208251,0.201305,0.179773,0.192156,0.185117,0.200434,0.162723,0.173327,0.175539,0.173601,0.185299,0.187051,0.167594,0.169636,0.17896,0.144176,0.200139,0.165258,0.175188,0.17095,0.17237,0.146494,0.177232,0.186019,0.141626,0.185211,0.152648,0.0966978,0.182766,0.143378,0.157011,0.161473,0.128818,0.16336,0.114074,0.154613,0.113289,0.156635,0.114388,0.129853,0.108554,0.10133,0.146557,0.112669,0.149517,0.105608,0.129129,0.0898923,0.175734,0.128107,0.113576,0.136189,0.15151,0.126456,0.138986,0.163793,0.14021,0.121704,0.139769,0.123322,0.130635,0.161973,0.101129,0.12111,0.132902,0.0923167,0.116666,0.0623739,0.122885,0.0857493,0.132403,0.0565151,0.110366,0.0719847,0.108058,0.0869984,0.0926273,0.0846875,0.0692304,0.0896418,0.0540532,0.105495,0.0558503,0.08612,0.0942568
0.0815963,0.107606,0.0380014,0.112443,0.0670887,0.0902586,0.0883134,0.0924764,0.0600879,0.0851728,0.0987656,0.089242,0.0812407,0.0876267,0.102673,0.0711363,0.114266,0.102261,0.0981319,0.0869071,0.104986,0.0962548,0.0995585,0.121961,0.0994449,0.121441,0.102592,0.0875245,0.113377,0.0675374,0.128706,0.135325,0.0752099,0.069807,0.10579,0.0933857,0.0977306,0.0886298,0.0819436,0.114942,0.0986248,0.135819,0.105349,0.139158,0.0912572,0.114253,0.102539,0.127528,0.128865,0.119193,0.153491,0.118612,0.179089,0.116715,0.204584,0.149082,0.14309,0.153301,0.118584,0.17587,0.141946,0.129758,0.152911,0.160904,0.152525,0.180264,0.149014,0.184986,0.138319,0.196047,0.154736,0.180946,0.178955,0.159488,0.170559,0.164707,0.167169,0.168465,0.184924,0.173484,0.195803,0.145948,0.173069,0.159006,0.213741,0.181881,0.19436,0.190553,0.209695,0.186767,0.174991,0.204587,0.199149,0.176781,0.199411,0.213295,0.209962,0.191204,0.206012,0.218794,0.207229,0.182882,0.225001,0.198739,0.216037,0.213647,0.241989,0.244146,0.316939,0.808757,0.848025,0.873007,0.877311,0.909131,0.885864,0.921511,0.911976,0.894278,0.927216,0.904114,0.896756,0.921379,0.899892,0.875486,0.877655,0.874796,0.887072,0.882199,0.870845,0.881831,0.886259,0.874709,0.879411,0.870122,0.89836,0.920999,0.896197,0.912689,0.928716,0.901606,0.913202,0.920026,0.878332,0.911004,0.879911,0.875846,0.852378,0.806715,0.320798,0.246294,0.241463,0.220598,0.212389,0.211812,0.218747,0.191381,0.209452,0.216566,0.215186,0.188846,0.216329,0.213725,0.196429,0.182703,0.202439,0.204205,0.180763,0.186702,0.214403,0.190343,0.196966,0.187433,0.212541,0.164349,0.17241,0.153324,0.197058,0.177404,0.186839,0.177425,0.166931,0.171568,0.172592,0.168673,0.178208,0.184697,0.163934,0.194035,0.141805,0.191515,0.147557,0.185981,0.156039,0.165927,0.155822,0.135619,0.144879,0.182229,0.116402,0.160864,0.143058,0.162864,0.195384,0.128401,0.178021,0.119972,0.159234,0.118475,0.139049,0.132823,0.101042,0.11974,0.0886823,0.150221,0.106655,0.138885,0.0982042,0.120083,0.0899448,0.0904398,0.0981063,0.103526,0.105489,0.0737437,0.0766016,0.136649,0.14069,0.0696009,0.104409,0.103354,0.100149,0.120612,0.113481,0.121801,0.102,0.106817,0.100895,0.0869133,0.111191,0.100326,0.114768,0.0888055,0.0997032,0.0836161,0.0928799,0.095268,0.0856317,0.0950371,0.07632,0.084069,0.087047,0.10666,0.0644039,0.108113,0.040421,0.121986
0.0731756,0.0444095,0.047173,0.0597911,0.0668534,0.0433646,0.0837624,0.099348,0.0379862,0.0727207,0.061205,0.0865475,0.0781695,0.108372,0.076555,0.0867938,0.106689,0.0842045,0.0983739,0.123029,0.0914008,0.114386,0.102227,0.106003,0.121304,0.0984137,0.120181,0.0896177,0.146694,0.11714,0.112293,0.107019,0.167213,0.105596,0.120579,0.140896,0.10913,0.115103,0.137892,0.157748,0.134777,0.139039,0.114907,0.157479,0.0961266,0.119426,0.122774,0.145627,0.126214,0.132543,0.175659,0.150243,0.168044,0.164375,0.186409,0.124895,0.158365,0.147056,0.123005,0.166393,0.150964,0.154418,0.164086,0.140381,0.149694,0.120026,0.126499,0.165402,0.168745,0.168113,0.187911,0.132098,0.176363,0.170364,0.207242,0.173292,0.176854,0.15621,0.158102,0.184109,0.16739,0.191347,0.167941,0.182286,0.145602,0.188032,0.176645,0.213118,0.190713,0.204069,0.193468,0.198221,0.180168,0.184493,0.199639,0.209072,0.164969,0.210349,0.205386,0.212406,0.18439,0.208964,0.222015,0.212997,0.206261,0.213297,0.210373,0.213217,0.219041,0.24483,0.249224,0.273517,0.305187,0.801522,0.878496,0.85019,0.849908,0.887735,0.904429,0.886988,0.909453,0.919689,0.899759,0.911679,0.924446,0.901454,0.912353,0.909715,0.883519,0.90865,0.91538,0.899385,0.929615,0.908259,0.899677,0.921573,0.910601,0.893608,0.90647,0.892063,0.844477,0.852409,0.875156,0.802903,0.309603,0.269153,0.25513,0.239497,0.222566,0.213848,0.207288,0.221293,0.204611,0.2192,0.222829,0.211266,0.192172,0.209092,0.211702,0.212625,0.168188,0.212404,0.203658,0.187805,0.18095,0.201666,0.197232,0.203167,0.19239,0.215255,0.177259,0.191238,0.14337,0.186775,0.170238,0.201115,0.164197,0.188717,0.162499,0.15951,0.176548,0.176765,0.209133,0.17085,0.181024,0.133921,0.197669,0.164304,0.179749,0.16764,0.128749,0.125721,0.150026,0.147677,0.16099,0.164748,0.146272,0.179871,0.119474,0.154302,0.153534,0.134622,0.189088,0.166451,0.172576,0.152375,0.188349,0.130808,0.12704,0.147297,0.128355,0.131182,0.0958064,0.154278,0.123466,0.138124,0.147915,0.157537,0.136345,0.125191,0.10733,0.147469,0.126959,0.10199,0.180181,0.102074,0.114777,0.128728,0.142878,0.0899498,0.139162,0.0817687,0.127093,0.118051,0.0902097,0.127085,0.103621,0.112507,0.101123,0.0953641,0.0971596,0.0843411,0.102074,0.0990584,0.0757345,0.1029,0.0618451,0.0660036,0.048688,0.108547,0.0786207,0.0437455,0.0802401,0.0529339,0.0493528,0.0561713
0.0751835,0.0692493,0.0917258,0.100027,0.102974,0.0509652,0.128072,0.0554435,0.12384,0.0977294,0.101705,0.0730242,0.117946,0.0634342,0.121927,0.0594358,0.123552,0.0852067,0.0828468,0.10493,0.0780214,0.128611,0.106603,0.127013,0.0991284,0.0894455,0.114271,0.106716,0.109815,0.117966,0.122097,0.0759192,0.142425,0.12248,0.100654,0.101022,0.120841,0.105826,0.103092,0.15516,0.127063,0.104933,0.0789059,0.159217,0.0961388,0.133397,0.119548,0.137984,0.12967,0.133628,0.164484,0.151221,0.166497,0.140572,0.164037,0.128867,0.147595,0.135533,0.111015,0.189534,0.127782,0.166307,0.121202,0.142996,0.141578,0.13531,0.196183,0.180633,0.13899,0.141023,0.173709,0.154896,0.167584,0.17616,0.148033,0.177689,0.176767,0.182462,0.156554,0.207273,0.148144,0.186788,0.16262,0.181938,0.196953,0.190084,0.185595,0.140793,0.183924,0.200682,0.212373,0.189863,0.205271,0.202854,0.180746,0.201214,0.170506,0.220299,0.193708,0.184159,0.202043,0.206353,0.204009,0.19851,0.200709,0.1989,0.217422,0.194091,0.212797,0.205395,0.21927,0.205079,0.20428,0.244729,0.262176,0.240186,0.248066,0.327477,0.802763,0.847459,0.883724,0.847914,0.860596,0.882416,0.850068,0.862726,0.8658,0.85883,0.849921,0.856517,0.870949,0.856886,0.858348,0.875751,0.864522,0.847545,0.888977,0.852328,0.800768,0.33281,0.241469,0.244639,0.259595,0.241939,0.21272,0.203709,0.228708,0.199385,0.211625,0.194377,0.216678,0.204717,0.199591,0.203426,0.203222,0.209012,0.20627,0.185478,0.200886,0.219186,0.174216,0.208393,0.178285,0.211042,0.200858,0.193659,0.215514,0.198179,0.186383,0.145687,0.18481,0.193099,0.198121,0.189044,0.163056,0.194573,0.150714,0.209669,0.163103,0.182691,0.180465,0.180162,0.154613,0.174316,0.181726,0.149325,0.183848,0.140726,0.138963,0.185309,0.198861,0.142247,0.138642,0.151769,0.120122,0.176362,0.122627,0.191922,0.116681,0.138354,0.149864,0.124087,0.175116,0.141057,0.173793,0.150743,0.164032,0.147224,0.129977,0.14568,0.119552,0.129973,0.111647,0.153898,0.0887598,0.103469,0.13025,0.165225,0.0966406,0.113332,0.12518,0.0980717,0.111478,0.118966,0.146623,0.0886693,0.112433,0.129818,0.115228,0.0961846,0.12784,0.100392,0.0889052,0.14089,0.107229,0.11936,0.0938152,0.106386,0.0813342,0.101623,0.122351,0.0537689,0.127833,0.0821969,0.113952,0.075245,0.112466,0.0985156,0.118177,0.0705135,0.126871,0.0511388,0.111804,0.10373,0.0845863,0.069164
0.0684883,0.0789767,0.0679558,0.0585703,0.0433913,0.0998802,0.0757356,0.0630553,0.0803317,0.0835501,0.0721567,0.0708645,0.0824777,0.0912607,0.0855889,0.10035,0.0909402,0.0976252,0.111715,0.101551,0.086746,0.0852759,0.0895362,0.0722014,0.088155,0.0665082,0.0806557,0.103618,0.0800549,0.067614,0.14918,0.0774333,0.124897,0.0913477,0.0765742,0.108708,0.114724,0.0903794,0.0769445,0.0872268,0.0930958,0.123398,0.0956099,0.0983498,0.0773263,0.135197,0.0919171,0.125865,0.0798894,0.119367,0.11845,0.133866,0.12359,0.139654,0.135089,0.118981,0.125343,0.120364,0.158069,0.150046,0.134535,0.170806,0.106909,0.139887,0.151177,0.132523,0.190796,0.111536,0.134877,0.170275,0.172731,0.151901,0.172621,0.154113,0.166475,0.172942,0.171177,0.145516,0.185485,0.173774,0.164704,0.17567,0.187786,0.171135,0.17331,0.160605,0.181436,0.189349,0.180569,0.171985,0.172894,0.183203,0.214456,0.17414,0.187599,0.207428,0.210818,0.178646,0.185778,0.183888,0.202907,0.191315,0.186817,0.211366,0.188938,0.209217,0.22612,0.197726,0.210292,0.230218,0.203719,0.198315,0.193502,0.220224,0.187156,0.205363,0.205736,0.199282,0.238352,0.236453,0.244641,0.232996,0.24934,0.236641,0.242218,0.246402,0.245157,0.251296,0.253381,0.25026,0.25053,0.244346,0.246581,0.233997,0.250119,0.235677,0.24675,0.24155,0.233791,0.201931,0.201773,0.202651,0.189357,0.215835,0.208582,0.193687,0.21248,0.226513,0.214766,0.200673,0.22232,0.211067,0.187863,0.214907,0.186434,0.18702,0.213945,0.183215,0.188959,0.182087,0.208832,0.218571,0.180972,0.181191,0.219055,0.183076,0.176114,0.176701,0.178467,0.195086,0.183608,0.160699,0.178228,0.179215,0.186959,0.177183,0.169502,0.172103,0.188853,0.147657,0.18057,0.174634,0.171405,0.156952,0.181031,0.147457,0.178562,0.171208,0.136099,0.115921,0.1931,0.134192,0.153058,0.146992,0.105149,0.175145,0.139034,0.14872,0.166034,0.116289,0.136385,0.121362,0.135734,0.14404,0.126545,0.14206,0.116265,0.122013,0.0792988,0.129519,0.105918,0.124007,0.0838476,0.102498,0.101043,0.132609,0.0791262,0.102887,0.0798186,0.0895767,0.12791,0.0976835,0.0855078,0.102849,0.115761,0.0870261,0.152731,0.0630537,0.100486,0.0956997,0.0771111,0.0822933,0.0811323,0.0752827,0.104411,0.078871,0.0862845,0.110642,0.105921,0.0981674,0.108998,0.0967208,0.0808699,0.100552,0.0863772,0.0698023,0.0829765,0.0880197,0.0805506,0.0622293,0.0794469,0.101952,0.0460592,0.0754214,0.065438,0.079825
0.0989652,0.108542,0.0915332,0.0847516,0.0629856,0.115216,0.08045,0.049454,0.087706,0.0885303,0.0645211,0.0927989,0.112686,0.0969766,0.11261,0.103277,0.112747,0.0732733,0.13366,0.0813727,0.118399,0.0710355,0.0940999,0.0908469,0.0940278,0.115922,0.1575,0.0587949,0.16725,0.0785347,0.149287,0.124077,0.130689,0.0869819,0.164691,0.0909373,0.110947,0.156325,0.128372,0.126941,0.118663,0.164865,0.131451,0.137296,0.101249,0.134921,0.123256,0.163721,0.118766,0.152708,0.126336,0.162891,0.125983,0.145948,0.104187,0.128933,0.155983,0.127401,0.163963,0.160644,0.146384,0.157134,0.107215,0.164912,0.141905,0.161664,0.165154,0.137293,0.151327,0.149593,0.132151,0.163293,0.205199,0.162681,0.159722,0.156748,0.168823,0.184669,0.194426,0.173646,0.149417,0.1843,0.168107,0.172396,0.18879,0.190089,0.190906,0.160862,0.169588,0.186969,0.203309,0.167938,0.184394,0.167366,0.195336,0.22084,0.17785,0.179571,0.211204,0.200617,0.207118,0.186414,0.187302,0.211819,0.191246,0.19927,0.182853,0.201149,0.208224,0.196329,0.189163,0.219666,0.223312,0.175697,0.212384,0.231602,0.186929,0.209862,0.220819,0.19236,0.194999,0.215595,0.198173,0.196758,0.206731,0.192189,0.205818,0.204754,0.197547,0.204404,0.206811,0.192762,0.207615,0.199069,0.194395,0.218254,0.195607,0.197309,0.218601,0.207669,0.183463,0.226981,0.21906,0.172779,0.233104,0.213184,0.194433,0.197648,0.209951,0.202428,0.18392,0.20346,0.193482,0.206002,0.191866,0.185644,0.210193,0.201572,0.205253,0.190271,0.173674,0.224658,0.195223,0.171482,0.186792,0.170796,0.203763,0.192238,0.174297,0.159159,0.192277,0.197311,0.190361,0.180246,0.172776,0.188377,0.158157,0.173672,0.199092,0.188192,0.170968,0.160011,0.163269,0.162326,0.212136,0.164265,0.134588,0.151649,0.161301,0.132393,0.178547,0.159191,0.144133,0.166404,0.115145,0.153153,0.159082,0.160807,0.173344,0.127283,0.159272,0.135735,0.103738,0.153239,0.124506,0.169247,0.131136,0.15397,0.129304,0.158243,0.130012,0.144685,0.100302,0.145876,0.12613,0.174107,0.120989,0.128635,0.139533,0.151641,0.119463,0.0970816,0.160749,0.0974099,0.133693,0.129039,0.157763,0.0727886,0.17325,0.0707903,0.15225,0.12349,0.101703,0.082849,0.101374,0.0754829,0.121212,0.0890882,0.133468,0.0740952,0.117155,0.1082,0.114568,0.100884,0.11568,0.0929566,0.0651777,0.100161,0.0921804,0.0547354,0.090721,0.10292,0.0616926,0.0873295,0.102201,0.106876
0.0758585,0.0802423,0.0807122,0.128346,0.0587825,0.109968,0.0680576,0.0677006,0.0552589,0.0822329,0.0858688,0.105374,0.063752,0.0871884,0.0914767,0.0604714,0.0828502,0.0457117,0.0922777,0.0620472,0.0823824,0.096312,0.083378,0.110604,0.075979,0.0932814,0.115548,0.0612516,0.0876893,0.0797407,0.106121,0.0753795,0.125082,0.0678545,0.138888,0.106613,0.0770448,0.0809768,0.14519,0.116526,0.0556712,0.0857515,0.0846608,0.119032,0.100106,0.144009,0.0712963,0.156553,0.144534,0.174978,0.147604,0.198212,0.116896,0.161019,0.11407,0.152599,0.161669,0.139105,0.192023,0.13114,0.176753,0.132685,0.156749,0.174833,0.114592,0.175738,0.140385,0.144024,0.15148,0.153166,0.168462,0.18468,0.153673,0.147206,0.145737,0.182229,0.168088,0.176752,0.16861,0.182911,0.198789,0.185554,0.170823,0.152876,0.192289,0.16476,0.193217,0.179584,0.172863,0.205163,0.157465,0.186945,0.178954,0.194662,0.183716,0.190938,0.192421,0.180571,0.193331,0.185096,0.207133,0.216059,0.1746,0.217016,0.201705,0.186877,0.206706,0.188702,0.185113,0.191983,0.211995,0.197651,0.192891,0.194667,0.210694,0.193192,0.180212,0.228597,0.200279,0.192424,0.220982,0.202481,0.201223,0.211134,0.207893,0.206577,0.21304,0.221557,0.200427,0.223616,0.212705,0.209859,0.207689,0.211851,0.197801,0.201408,0.219055,0.197874,0.193021,0.235193,0.171644,0.198219,0.212079,0.195295,0.195528,0.197069,0.215279,0.193707,0.185977,0.193758,0.211651,0.188672,0.201641,0.215258,0.179382,0.217268,0.204083,0.189137,0.19186,0.185926,0.186942,0.197947,0.181877,0.200804,0.18247,0.187393,0.163484,0.202126,0.176275,0.184456,0.190402,0.172078,0.19375,0.15102,0.175421,0.191672,0.201936,0.186301,0.169482,0.179947,0.167821,0.186743,0.144781,0.155316,0.159324,0.185035,0.170911,0.151601,0.164459,0.130582,0.156272,0.171548,0.127179,0.171691,0.164002,0.139052,0.17872,0.132998,0.192732,0.149816,0.16273,0.154924,0.123449,0.157169,0.129133,0.19591,0.153695,0.175451,0.14799,0.158122,0.0698063,0.158324,0.0965743,0.124845,0.0817034,0.0928131,0.0642904,0.115009,0.148657,0.0816293,0.0824033,0.11667,0.135263,0.0730805,0.128403,0.0774873,0.10964,0.0817483,0.0904272,0.0655475,0.114484,0.0929073,0.0866445,0.111803,0.0852325,0.102729,0.0758191,0.0723575,0.0997099,0.0387416,0.0874972,0.068843,0.0857153,0.0903415,0.0767208,0.103562,0.0880592,0.0819724,0.0536257,0.0756448,0.0713079,0.125631,0.0507845,0.130486,0.0883467,0.0720344
0.113347,0.0236413,0.107172,0.0864079,0.0852902,0.0605287,0.0846698,0.121388,0.0796312,0.115364,0.0878138,0.1295,0.0531458,0.110349,0.0746557,0.113608,0.085971,0.100043,0.104917,0.0925898,0.0967218,0.0972917,0.106628,0.117898,0.129176,0.0865205,0.119568,0.100408,0.120496,0.115398,0.131551,0.0818299,0.162335,0.12835,0.116018,0.125842,0.128583,0.0703066,0.115011,0.130927,0.0888834,0.106038,0.0663525,0.123657,0.11336,0.114245,0.0582899,0.130868,0.102738,0.14778,0.116419,0.176809,0.106331,0.180128,0.101519,0.153807,0.135444,0.150326,0.156808,0.125837,0.166742,0.115292,0.143401,0.171949,0.155228,0.166839,0.133562,0.152422,0.167594,0.141179,0.174463,0.1483,0.151483,0.191651,0.152549,0.164373,0.174827,0.143028,0.170609,0.178009,0.177488,0.163593,0.180604,0.188629,0.170652,0.174278,0.159323,0.193499,0.160823,0.202835,0.176056,0.186287,0.183278,0.172411,0.194897,0.162155,0.198861,0.189506,0.202638,0.187324,0.173428,0.207901,0.190491,0.196778,0.197808,0.180057,0.220695,0.198456,0.179196,0.208627,0.199121,0.179142,0.209951,0.202071,0.176283,0.193207,0.216851,0.188897,0.190162,0.191222,0.217834,0.163519,0.213918,0.195965,0.179298,0.194988,0.189449,0.190066,0.185386,0.19377,0.186609,0.195222,0.178285,0.195562,0.215593,0.159303,0.21171,0.198825,0.179502,0.200708,0.209817,0.20007,0.182066,0.20344,0.212947,0.175072,0.199758,0.210611,0.178903,0.206438,0.222214,0.183247,0.202713,0.195858,0.198474,0.208137,0.17122,0.190849,0.196149,0.199067,0.192586,0.169726,0.19513,0.172003,0.19072,0.180244,0.181067,0.208094,0.15996,0.201597,0.164862,0.179824,0.171504,0.194843,0.183674,0.168632,0.180683,0.180886,0.175049,0.145633,0.173444,0.172043,0.153949,0.196144,0.15183,0.151697,0.179309,0.136344,0.181229,0.149486,0.141399,0.162246,0.167656,0.169328,0.147848,0.114684,0.175829,0.130805,0.157606,0.150955,0.139364,0.1512,0.107836,0.180895,0.111266,0.179753,0.120045,0.145529,0.110488,0.139699,0.0606341,0.112406,0.118863,0.126342,0.0745819,0.10781,0.0935707,0.12962,0.123311,0.0732878,0.125883,0.128254,0.118757,0.129264,0.164632,0.0833889,0.143998,0.111195,0.121851,0.111708,0.12054,0.0892579,0.134581,0.117053,0.112159,0.10545,0.0906206,0.0925169,0.122578,0.0957603,0.0856012,0.125684,0.0710518,0.109777,0.0601984,0.13373,0.0920611,0.121107,0.0896065,0.107647,0.0900706,0.0648635,0.0913036,0.0884846,0.1111,0.0433609
0.107992,0.0950096,0.126797,0.0827424,0.134633,0.0525319,0.0736551,0.0639984,0.110894,0.069194,0.0931335,0.0880082,0.0497319,0.105662,0.0607102,0.101492,0.0874103,0.0716452,0.0678678,0.0845292,0.0531048,0.0897276,0.061252,0.0750386,0.0910769,0.131906,0.0926246,0.100211,0.123539,0.0589862,0.0865261,0.0906348,0.0996136,0.139003,0.129968,0.0865018,0.154477,0.102041,0.110064,0.151492,0.142282,0.130686,0.0897417,0.148437,0.100032,0.149492,0.103102,0.140419,0.108807,0.125135,0.0612034,0.137301,0.0890212,0.141127,0.105513,0.166329,0.141113,0.146698,0.155015,0.123436,0.141453,0.122646,0.16796,0.137177,0.152543,0.139233,0.12515,0.18826,0.130016,0.176328,0.177537,0.150929,0.124012,0.188334,0.130134,0.1963,0.180939,0.162758,0.166247,0.164964,0.160334,0.184445,0.183013,0.182555,0.160862,0.186512,0.170025,0.182692,0.165615,0.176435,0.180488,0.166501,0.201967,0.176261,0.1902,0.176634,0.196684,0.190034,0.179672,0.17575,0.204715,0.202696,0.178183,0.185305,0.203429,0.199758,0.173302,0.21422,0.187846,0.189567,0.199495,0.185743,0.213862,0.179822,0.183267,0.223025,0.185701,0.200363,0.207609,0.211634,0.189949,0.215155,0.214939,0.207042,0.189418,0.222518,0.195985,0.183267,0.245938,0.184132,0.192087,0.220379,0.194326,0.203545,0.220877,0.204982,0.189744,0.219996,0.206083,0.204724,0.185367,0.221899,0.194878,0.177161,0.218431,0.183173,0.197909,0.195343,0.182247,0.219755,0.174335,0.19646,0.210451,0.184247,0.184443,0.210315,0.19889,0.186186,0.171218,0.195982,0.196643,0.178128,0.19812,0.170202,0.205215,0.164884,0.184224,0.179693,0.16628,0.184814,0.170699,0.192723,0.156866,0.189246,0.187228,0.185573,0.163448,0.164996,0.169251,0.167159,0.178017,0.202598,0.132277,0.19425,0.123599,0.150096,0.192918,0.168912,0.138664,0.186905,0.134586,0.138804,0.156743,0.140612,0.17952,0.118657,0.144021,0.123757,0.161824,0.144967,0.148021,0.168243,0.113122,0.141514,0.0864954,0.141863,0.0695571,0.129115,0.10937,0.142114,0.107991,0.152756,0.100205,0.156052,0.0907782,0.127118,0.151968,0.148383,0.115852,0.107857,0.153147,0.096616,0.129574,0.149312,0.104633,0.0795692,0.0938628,0.0692947,0.113688,0.108856,0.101188,0.122214,0.0996299,0.08258,0.0546256,0.101431,0.0626241,0.0713242,0.0733241,0.0865938,0.0783874,0.104193,0.0817626,0.0934467,0.047257,0.101719,0.0885657,0.0701332,0.124014,0.0726543,0.0691261,0.0545641,0.140332,0.0791403,0.128093,0.101203
0.0395182,0.111077,0.0785723,0.0721748,0.0738995,0.0918927,0.0646908,0.0983643,0.102793,0.0270379,0.0948655,0.080846,0.0955027,0.0946183,0.0801707,0.099063,0.0952989,0.0872781,0.113112,0.116545,0.109857,0.132048,0.0902737,0.0954597,0.0962712,0.108594,0.119736,0.106871,0.140349,0.0771457,0.117404,0.0873001,0.122196,0.0693139,0.147499,0.0752997,0.112866,0.0868762,0.0902262,0.0853849,0.0625447,0.129231,0.058188,0.0800735,0.122254,0.168948,0.150117,0.189351,0.130055,0.145994,0.0992853,0.163724,0.0666991,0.142582,0.103314,0.155638,0.14321,0.150413,0.13921,0.134267,0.151982,0.126104,0.179966,0.12251,0.16904,0.148882,0.133246,0.166439,0.143709,0.182013,0.165101,0.128109,0.166558,0.167572,0.172253,0.161091,0.163559,0.157318,0.187631,0.146806,0.172812,0.170671,0.16544,0.171223,0.178901,0.171929,0.177419,0.171032,0.187035,0.162982,0.190975,0.174507,0.189417,0.181492,0.16821,0.194915,0.191529,0.18552,0.202133,0.170824,0.209033,0.172479,0.193147,0.191434,0.182794,0.184706,0.18326,0.216713,0.179529,0.184595,0.209753,0.169783,0.201959,0.201726,0.172788,0.201426,0.180217,0.198306,0.18883,0.179046,0.203091,0.195116,0.194491,0.203821,0.200213,0.205502,0.178511,0.216121,0.198138,0.216041,0.177806,0.203681,0.208708,0.197669,0.200177,0.186222,0.207083,0.185942,0.190661,0.199632,0.184491,0.196954,0.175107,0.194363,0.205519,0.175472,0.211064,0.188558,0.176344,0.218018,0.186073,0.178688,0.183901,0.196405,0.191542,0.182052,0.204092,0.180244,0.201642,0.183857,0.198662,0.192035,0.173751,0.174417,0.199155,0.173853,0.194808,0.169263,0.186465,0.176304,0.176781,0.173946,0.183386,0.175974,0.173915,0.168165,0.177086,0.152071,0.188426,0.157782,0.165439,0.165935,0.171669,0.17408,0.168516,0.129786,0.169287,0.181579,0.148505,0.166729,0.134993,0.15261,0.176796,0.110533,0.19254,0.126886,0.154341,0.132941,0.146917,0.153761,0.148067,0.154752,0.104169,0.153607,0.0700058,0.161825,0.105654,0.147005,0.13678,0.194455,0.143867,0.176436,0.123578,0.0884681,0.0661275,0.120589,0.0772025,0.0909335,0.0882251,0.0940954,0.109219,0.0826443,0.151412,0.0577548,0.141117,0.0927419,0.109824,0.0959833,0.133871,0.103395,0.138197,0.106321,0.0931199,0.105743,0.0865211,0.128819,0.128406,0.116748,0.106426,0.104903,0.0866276,0.0922224,0.0927655,0.104633,0.0950367,0.081308,0.106102,0.0221606,0.101375,0.114857,0.0599328,0.0950822,0.0822762,0.0757368,0.0684457,0.114417
0.0240754,0.112917,0.107685,0.0786179,0.0916865,0.133531,0.0497536,0.0853774,0.11163,0.086916,0.102188,0.0580217,0.104446,0.0799386,0.067285,0.0996144,0.0495006,0.0909548,0.0754944,0.0772878,0.0835752,0.0716251,0.0701907,0.080256,0.0824407,0.0810144,0.0545135,0.129446,0.102504,0.11198,0.141877,0.0927846,0.120181,0.0893449,0.138527,0.13314,0.171987,0.131899,0.169784,0.101259,0.0997098,0.0925985,0.0623066,0.0955332,0.0535359,0.110555,0.116859,0.141841,0.153448,0.178705,0.113635,0.141805,0.104235,0.1452,0.110361,0.161043,0.117442,0.133445,0.115644,0.151632,0.127962,0.13076,0.159076,0.131979,0.151732,0.139199,0.144353,0.149075,0.123407,0.191792,0.135324,0.180624,0.164127,0.13571,0.174694,0.150942,0.187054,0.177393,0.152197,0.165262,0.163868,0.18471,0.153445,0.170654,0.168008,0.174374,0.192506,0.177581,0.186592,0.139897,0.203,0.179515,0.176535,0.164725,0.171844,0.202022,0.174993,0.171701,0.199152,0.1775,0.181027,0.201854,0.187727,0.1839,0.187767,0.187913,0.192148,0.19128,0.189687,0.181254,0.195309,0.184521,0.186525,0.198283,0.181425,0.196995,0.184173,0.189395,0.181833,0.195083,0.19861,0.176981,0.192254,0.197989,0.17851,0.198369,0.19258,0.180665,0.199664,0.183091,0.190106,0.197463,0.179819,0.198013,0.199233,0.173758,0.200381,0.196004,0.187344,0.193356,0.190584,0.18691,0.180365,0.193401,0.194532,0.186884,0.196089,0.185205,0.191656,0.192579,0.189747,0.189131,0.188265,0.187271,0.182834,0.206502,0.183038,0.180651,0.20429,0.173212,0.183566,0.193275,0.183397,0.155237,0.180622,0.185874,0.197783,0.145266,0.18425,0.177734,0.19586,0.176077,0.170127,0.17111,0.157239,0.185211,0.167779,0.165925,0.154649,0.176467,0.183369,0.160832,0.166966,0.142723,0.172413,0.179264,0.144519,0.188506,0.127993,0.154283,0.146641,0.137717,0.159333,0.132931,0.159936,0.128247,0.1333,0.153322,0.116767,0.136756,0.119692,0.169096,0.106824,0.14366,0.113984,0.147091,0.115539,0.185784,0.145859,0.150893,0.120944,0.118979,0.0559966,0.0864914,0.0771888,0.0938541,0.0984493,0.112188,0.15996,0.14754,0.175319,0.133782,0.153465,0.0853757,0.119994,0.101068,0.135863,0.11889,0.11444,0.11634,0.057237,0.089431,0.0876858,0.0854935,0.0792548,0.0658049,0.0862469,0.0901889,0.0718711,0.0926283,0.0761589,0.0848547,0.061378,0.0957706,0.101275,0.0585973,0.115292,0.0817967,0.11344,0.0824185,0.0621092,0.125871,0.0982164,0.0924334,0.109888,0.104867
0.0604163,0.0702969,0.086713,0.0933991,0.0622425,0.110635,0.0582211,0.0800485,0.067398,0.0752126,0.110967,0.0462082,0.0927321,0.0636789,0.0966417,0.0879935,0.113951,0.107617,0.0949915,0.0773609,0.0920882,0.132672,0.0971966,0.135963,0.0893061,0.132387,0.0777319,0.0991212,0.093511,0.105537,0.103023,0.0881658,0.0657159,0.0826817,0.122525,0.0950208,0.0943889,0.118583,0.0958667,0.08328,0.0996467,0.108486,0.11606,0.145607,0.125774,0.126944,0.0722991,0.150155,0.108178,0.137668,0.0858895,0.139605,0.104789,0.147797,0.129457,0.137982,0.101806,0.148859,0.129041,0.133965,0.108939,0.142219,0.150969,0.115341,0.155444,0.143793,0.150497,0.120777,0.145917,0.145978,0.140091,0.169763,0.164864,0.131399,0.169703,0.109494,0.187366,0.158226,0.175988,0.196928,0.149407,0.162516,0.153756,0.170092,0.191848,0.167519,0.170908,0.153567,0.18437,0.174919,0.20106,0.172986,0.146087,0.200431,0.174428,0.195174,0.155489,0.180479,0.196918,0.159718,0.179825,0.204222,0.195996,0.162073,0.196392,0.186594,0.163751,0.193059,0.187122,0.193808,0.179571,0.194386,0.202374,0.199183,0.182981,0.185485,0.200524,0.204053,0.175359,0.199619,0.191515,0.187348,0.2031,0.18546,0.210307,0.207368,0.201815,0.206445,0.206858,0.210541,0.195737,0.211664,0.205573,0.191959,0.206751,0.184015,0.191576,0.199714,0.181222,0.20124,0.19978,0.176419,0.187328,0.198926,0.209257,0.196796,0.181523,0.197679,0.183937,0.194026,0.16638,0.19189,0.196751,0.158618,0.194071,0.205141,0.184107,0.162105,0.205929,0.174573,0.170492,0.185162,0.182743,0.205326,0.144651,0.180359,0.197103,0.177085,0.190146,0.155106,0.177611,0.166867,0.202146,0.164715,0.159166,0.169683,0.152014,0.203268,0.172708,0.16437,0.183246,0.113046,0.168538,0.139717,0.166616,0.174577,0.142346,0.151488,0.143179,0.125256,0.159439,0.139247,0.156613,0.123223,0.151776,0.147112,0.108764,0.142304,0.130786,0.151426,0.10375,0.145036,0.134778,0.154167,0.104687,0.143814,0.0812852,0.14565,0.102687,0.158973,0.0751132,0.129205,0.133977,0.140859,0.123339,0.115994,0.0879866,0.0989729,0.100533,0.113969,0.104279,0.0848798,0.127132,0.0896358,0.0606502,0.10062,0.0986267,0.100229,0.113708,0.100462,0.0738803,0.144245,0.0805208,0.13972,0.112945,0.129771,0.0891763,0.0880889,0.0926275,0.103441,0.121681,0.100907,0.0906957,0.0657657,0.0981001,0.045163,0.113808,0.0897602,0.062492,0.0874966,0.0599138,0.105568,0.0616335,0.0956509,0.100567,0.0724102
0.111477,0.0604186,0.0909212,0.0807429,0.119084,0.0735182,0.0942508,0.1197,0.0556004,0.0997514,0.0911863,0.0889705,0.0997772,0.0839083,0.091027,0.0999397,0.0679318,0.0846092,0.0994529,0.0358554,0.0822019,0.0798456,0.0866156,0.113799,0.0354715,0.119609,0.0672833,0.101663,0.0892017,0.0965147,0.115868,0.116672,0.152573,0.120523,0.155665,0.114876,0.126121,0.102601,0.124115,0.104895,0.0587026,0.0940909,0.0689073,0.118226,0.120637,0.137389,0.0997078,0.14029,0.111645,0.162882,0.125671,0.154018,0.125821,0.147904,0.124835,0.132372,0.128771,0.162862,0.100576,0.164464,0.131016,0.17824,0.126397,0.134834,0.14437,0.144333,0.163982,0.131487,0.173532,0.107213,0.166203,0.170278,0.148002,0.156515,0.137759,0.151786,0.17059,0.120477,0.160808,0.178746,0.158373,0.205129,0.148461,0.150559,0.170957,0.16345,0.162027,0.190179,0.153393,0.18951,0.165626,0.180421,0.175126,0.187651,0.178324,0.17607,0.177549,0.186474,0.177436,0.165267,0.185557,0.196929,0.178843,0.1703,0.195163,0.189336,0.175289,0.176007,0.191317,0.170208,0.175479,0.19078,0.181599,0.174326,0.211748,0.194124,0.185421,0.218447,0.185061,0.188464,0.190662,0.181125,0.18363,0.192984,0.18199,0.166789,0.192707,0.193475,0.163094,0.196097,0.184728,0.173582,0.180108,0.201445,0.179807,0.174851,0.188253,0.191686,0.185024,0.219043,0.180005,0.195518,0.214305,0.176349,0.187397,0.195173,0.173558,0.167368,0.19149,0.176694,0.178825,0.190594,0.199532,0.168584,0.179082,0.195106,0.191988,0.158541,0.189535,0.179178,0.187611,0.173315,0.182518,0.195284,0.170954,0.185893,0.162439,0.190393,0.15903,0.188239,0.167163,0.161973,0.170188,0.152393,0.153658,0.207984,0.154363,0.185992,0.150173,0.126478,0.168518,0.156701,0.138161,0.157223,0.155649,0.173131,0.160181,0.118446,0.172031,0.136772,0.161642,0.154341,0.14433,0.141164,0.125094,0.186157,0.136588,0.165707,0.108888,0.167681,0.128901,0.135051,0.132397,0.149462,0.125785,0.160014,0.122117,0.172942,0.118637,0.144132,0.105883,0.13222,0.126942,0.123163,0.0686685,0.111694,0.0529252,0.104189,0.136267,0.0940285,0.136624,0.112564,0.161262,0.129195,0.144536,0.125074,0.127855,0.0863144,0.0932081,0.11005,0.0653266,0.126092,0.0448893,0.106346,0.0862095,0.0890764,0.0796622,0.045546,0.107057,0.07907,0.064812,0.113095,0.0954508,0.0824364,0.113995,0.0871689,0.0847273,0.108661,0.0529992,0.118175,0.100143,0.0865696,0.110307,0.0823959,0.102457,0.061242
0.0617193,0.0523374,0.0113136,0.0648735,0.120758,0.0175722,0.0963049,0.104424,0.0146135,0.068789,0.0870185,0.0679777,0.0928134,0.083936,0.13014,0.0784073,0.0664499,0.10301,0.0981141,0.099423,0.115441,0.10549,0.0858057,0.113412,0.0881354,0.136773,0.107763,0.114484,0.0902847,0.0954228,0.065081,0.0803709,0.0801036,0.0673136,0.109412,0.0822658,0.143421,0.12452,0.127988,0.141383,0.123745,0.0692141,0.0696584,0.104404,0.0905724,0.131978,0.133575,0.151612,0.0963867,0.125599,0.0917887,0.128428,0.124855,0.115975,0.162038,0.147824,0.128571,0.10614,0.105884,0.128242,0.124394,0.176405,0.117061,0.147336,0.115903,0.158181,0.14209,0.145743,0.16897,0.131636,0.168548,0.130625,0.131118,0.164672,0.15922,0.199438,0.129324,0.135158,0.173514,0.142063,0.16595,0.172203,0.16759,0.176667,0.178792,0.148978,0.155292,0.175802,0.16038,0.178876,0.1612,0.164673,0.188034,0.158707,0.17208,0.18419,0.186109,0.189713,0.164559,0.20073,0.170331,0.177234,0.168451,0.192438,0.187976,0.165479,0.195114,0.197326,0.169207,0.191362,0.18658,0.19164,0.153704,0.191242,0.206884,0.146684,0.179373,0.202301,0.174818,0.182117,0.194576,0.191719,0.188457,0.186036,0.193351,0.178631,0.20326,0.200359,0.170968,0.198536,0.197183,0.179846,0.1958,0.188921,0.188394,0.181895,0.189788,0.18337,0.169439,0.210485,0.17654,0.155268,0.206961,0.194872,0.15695,0.192201,0.18295,0.189855,0.172596,0.197343,0.197149,0.170361,0.192748,0.18862,0.171959,0.178056,0.175146,0.192026,0.176126,0.182752,0.193261,0.190294,0.175437,0.168742,0.185263,0.169045,0.169459,0.181941,0.166344,0.172555,0.162555,0.143121,0.184305,0.181962,0.168172,0.18183,0.155375,0.15391,0.173999,0.136964,0.131459,0.201208,0.156831,0.169051,0.130017,0.143529,0.164343,0.138454,0.167437,0.15418,0.135758,0.1659,0.117566,0.152465,0.117038,0.181288,0.124345,0.132171,0.103135,0.108276,0.133979,0.145244,0.16737,0.117791,0.121513,0.137149,0.0954862,0.126106,0.102392,0.14433,0.14219,0.128045,0.103454,0.10556,0.0622657,0.0755784,0.130479,0.137208,0.136244,0.128203,0.149822,0.0908533,0.10217,0.0797228,0.0812574,0.0761782,0.0815006,0.0945196,0.0892753,0.124838,0.106738,0.134562,0.0981725,0.115659,0.0884479,0.110792,0.109868,0.0982548,0.115282,0.106026,0.0623851,0.0832915,0.128678,0.0857609,0.0930669,0.0789786,0.0944881,0.0653004,0.0257979,0.1012,0.0974709,0.0276618,0.118435,0.0615961,0.0120344,0.0710196
